{"type":"FeatureCollection","name":"korea_sido_light","features":[{"type":"Feature","properties":{"region":"강원","name":"강원"},"geometry":{"type":"MultiPolygon","coordinates":[[[[129.34455,37.1713],[129.34456,37.17139],[129.34424,37.17176],[129.34455,37.1713]]],[[[129.36567,37.16516],[129.3577,37.17931],[129.36565,37.17056],[129.36567,37.16516]]],[[[129.32673,37.28351],[129.32671,37.28341],[129.32655,37.28329],[129.32673,37.28351]]],[[[129.32575,37.28448],[129.32573,37.28446],[129.32572,37.2844],[129.32575,37.28448]]],[[[129.31206,37.28701],[129.31206,37.28707],[129.31215,37.28723],[129.31206,37.28701]]],[[[129.32076,37.28878],[129.32079,37.28881],[129.32094,37.28885],[129.32076,37.28878]]],[[[129.3177,37.28933],[129.31767,37.28934],[129.31764,37.28935],[129.3177,37.28933]]],[[[129.3181,37.28983],[129.31808,37.28983],[129.31806,37.28983],[129.3181,37.28983]]],[[[129.31913,37.28934],[129.31911,37.28934],[129.31909,37.28935],[129.31913,37.28934]]],[[[129.30927,37.29131],[129.30922,37.29133],[129.3092,37.29138],[129.30927,37.29131]]],[[[129.25777,37.37879],[129.25772,37.3788],[129.25772,37.37896],[129.25777,37.37879]]],[[[129.23742,37.38801],[129.23734,37.38821],[129.23783,37.38832],[129.23742,37.38801]]],[[[129.186,37.45725],[129.18599,37.45725],[129.18598,37.45725],[129.186,37.45725]]],[[[129.17508,37.46475],[129.17506,37.46479],[129.17508,37.46483],[129.17508,37.46475]]],[[[128.90951,37.80561],[128.90944,37.80566],[128.90939,37.80573],[128.90951,37.80561]]],[[[128.91293,37.80668],[128.9129,37.80683],[128.91291,37.80685],[128.91293,37.80668]]],[[[128.91255,37.807],[128.91249,37.80706],[128.91241,37.80709],[128.91255,37.807]]],[[[128.87701,37.83185],[128.87699,37.8319],[128.87887,37.83242],[128.87701,37.83185]]],[[[128.61426,38.19861],[128.61423,38.1983],[128.61436,38.19821],[128.61426,38.19861]]],[[[128.59649,38.20688],[128.59326,38.20152],[128.59662,38.20695],[128.59649,38.20688]]],[[[128.60312,38.21272],[128.60311,38.21272],[128.60308,38.21272],[128.60312,38.21272]]],[[[128.59553,38.22851],[128.59553,38.22848],[128.59553,38.22846],[128.59553,38.22851]]],[[[128.5936,38.2286],[128.59361,38.2286],[128.59362,38.2286],[128.5936,38.2286]]],[[[128.56927,38.24971],[128.56906,38.24964],[128.56905,38.24964],[128.56927,38.24971]]],[[[128.57996,38.25361],[128.57944,38.25341],[128.57905,38.25357],[128.57996,38.25361]]],[[[127.11166,38.26744],[127.11131,38.26722],[127.1111,38.26725],[127.11166,38.26744]]],[[[127.11512,38.28289],[127.11524,38.28286],[127.11533,38.2829],[127.11512,38.28289]]],[[[127.14732,38.28255],[127.14693,38.28252],[127.1468,38.28258],[127.14732,38.28255]]],[[[127.14312,38.28441],[127.1432,38.28434],[127.14343,38.28443],[127.14312,38.28441]]],[[[127.15731,38.28531],[127.15724,38.28484],[127.15694,38.2849],[127.15731,38.28531]]],[[[127.09914,38.28531],[127.09905,38.28525],[127.09895,38.28516],[127.09914,38.28531]]],[[[127.15961,38.28453],[127.15933,38.28438],[127.15908,38.28478],[127.15961,38.28453]]],[[[127.10258,38.28701],[127.10269,38.28678],[127.10257,38.28663],[127.10258,38.28701]]],[[[127.10376,38.28665],[127.1039,38.28638],[127.10399,38.28639],[127.10376,38.28665]]],[[[127.15637,38.28616],[127.15629,38.28613],[127.156,38.28639],[127.15637,38.28616]]],[[[127.82447,38.28736],[127.82462,38.2873],[127.82473,38.28738],[127.82447,38.28736]]],[[[127.81757,38.28819],[127.81739,38.28814],[127.81733,38.28827],[127.81757,38.28819]]],[[[127.14971,38.28766],[127.14948,38.28766],[127.14926,38.28768],[127.14971,38.28766]]],[[[127.16035,38.28711],[127.16025,38.28709],[127.16019,38.28714],[127.16035,38.28711]]],[[[127.81692,38.28832],[127.8164,38.28819],[127.81612,38.28824],[127.81692,38.28832]]],[[[127.11051,38.28876],[127.11052,38.28875],[127.11091,38.28878],[127.11051,38.28876]]],[[[127.82587,38.28921],[127.82569,38.28905],[127.8252,38.28879],[127.82587,38.28921]]],[[[127.10765,38.28991],[127.1028,38.28748],[127.10773,38.28997],[127.10765,38.28991]]],[[[127.11539,38.29013],[127.11556,38.29003],[127.11564,38.29004],[127.11539,38.29013]]],[[[127.11769,38.28974],[127.11772,38.28937],[127.11766,38.28916],[127.11769,38.28974]]],[[[127.81369,38.2907],[127.81346,38.29054],[127.81328,38.29056],[127.81369,38.2907]]],[[[127.82966,38.2913],[127.82999,38.29115],[127.83015,38.29118],[127.82966,38.2913]]],[[[127.82852,38.29128],[127.82837,38.29121],[127.82797,38.29124],[127.82852,38.29128]]],[[[127.82855,38.29141],[127.82852,38.2913],[127.82842,38.29131],[127.82855,38.29141]]],[[[127.81402,38.29144],[127.81383,38.29137],[127.81368,38.29148],[127.81402,38.29144]]],[[[127.81309,38.2917],[127.81299,38.29151],[127.81287,38.29146],[127.81309,38.2917]]],[[[128.55848,38.28728],[128.55849,38.28715],[128.5585,38.28705],[128.55848,38.28728]]],[[[127.81375,38.29168],[127.81361,38.29168],[127.81352,38.29174],[127.81375,38.29168]]],[[[128.0305,38.29128],[128.03055,38.29111],[128.03023,38.29098],[128.0305,38.29128]]],[[[127.81349,38.29194],[127.81343,38.29185],[127.81319,38.29203],[127.81349,38.29194]]],[[[127.10953,38.29241],[127.10963,38.29221],[127.1097,38.29227],[127.10953,38.29241]]],[[[127.84566,38.29262],[127.84584,38.29239],[127.84609,38.2924],[127.84566,38.29262]]],[[[127.84212,38.29355],[127.84216,38.29345],[127.84198,38.29346],[127.84212,38.29355]]],[[[127.84513,38.29377],[127.84515,38.29369],[127.84495,38.29368],[127.84513,38.29377]]],[[[127.84301,38.29381],[127.84306,38.29379],[127.84327,38.29386],[127.84301,38.29381]]],[[[127.84346,38.2935],[127.84366,38.29348],[127.84385,38.29351],[127.84346,38.2935]]],[[[127.84658,38.2939],[127.84659,38.29358],[127.84624,38.29355],[127.84658,38.2939]]],[[[127.8413,38.29383],[127.8412,38.29381],[127.84108,38.29388],[127.8413,38.29383]]],[[[127.84562,38.2939],[127.84535,38.29377],[127.84521,38.29379],[127.84562,38.2939]]],[[[127.84075,38.29404],[127.84044,38.29392],[127.84029,38.29388],[127.84075,38.29404]]],[[[127.84249,38.2941],[127.84255,38.29404],[127.84267,38.29409],[127.84249,38.2941]]],[[[127.84149,38.29416],[127.84139,38.29414],[127.84129,38.29422],[127.84149,38.29416]]],[[[127.84203,38.29519],[127.84212,38.29495],[127.84209,38.29495],[127.84203,38.29519]]],[[[127.84194,38.2953],[127.84185,38.29521],[127.84185,38.29525],[127.84194,38.2953]]],[[[127.16347,38.29607],[127.16367,38.29585],[127.16397,38.29589],[127.16347,38.29607]]],[[[128.04398,38.2947],[128.04393,38.29426],[128.04405,38.29413],[128.04398,38.2947]]],[[[128.55319,38.29387],[128.55288,38.29387],[128.55251,38.29395],[128.55319,38.29387]]],[[[127.15291,38.298],[127.15254,38.29771],[127.15243,38.29809],[127.15291,38.298]]],[[[127.81981,38.29882],[127.81943,38.29882],[127.81959,38.29942],[127.81981,38.29882]]],[[[127.1638,38.30034],[127.16358,38.30008],[127.16335,38.30018],[127.1638,38.30034]]],[[[127.79802,38.30061],[127.79818,38.30023],[127.79833,38.30025],[127.79802,38.30061]]],[[[127.80563,38.30312],[127.80551,38.303],[127.80535,38.30306],[127.80563,38.30312]]],[[[127.81942,38.30378],[127.8193,38.30365],[127.81922,38.30367],[127.81942,38.30378]]],[[[127.80599,38.30442],[127.80602,38.30399],[127.80586,38.30406],[127.80599,38.30442]]],[[[127.14801,38.30331],[127.14778,38.30308],[127.14769,38.30313],[127.14801,38.30331]]],[[[127.13795,38.3049],[127.1382,38.30481],[127.13846,38.30482],[127.13795,38.3049]]],[[[127.15,38.30501],[127.14997,38.30484],[127.14954,38.30488],[127.15,38.30501]]],[[[127.13661,38.30574],[127.13675,38.30542],[127.13716,38.3056],[127.13661,38.30574]]],[[[127.48849,38.30627],[127.48852,38.30627],[127.48855,38.30629],[127.48849,38.30627]]],[[[127.35092,38.3061],[127.35077,38.30576],[127.35029,38.30596],[127.35092,38.3061]]],[[[127.14756,38.30547],[127.14691,38.30543],[127.14671,38.30569],[127.14756,38.30547]]],[[[128.54881,38.30195],[128.54881,38.30188],[128.54922,38.30164],[128.54881,38.30195]]],[[[127.14834,38.30638],[127.14808,38.30634],[127.14804,38.3064],[127.14834,38.30638]]],[[[127.14875,38.30593],[127.1485,38.30567],[127.14837,38.3057],[127.14875,38.30593]]],[[[127.14957,38.30672],[127.14957,38.30663],[127.14935,38.30668],[127.14957,38.30672]]],[[[127.18155,38.30751],[127.18157,38.3074],[127.18141,38.30733],[127.18155,38.30751]]],[[[127.14758,38.30683],[127.14744,38.3067],[127.14722,38.30685],[127.14758,38.30683]]],[[[127.34619,38.30834],[127.34549,38.30789],[127.34533,38.30789],[127.34619,38.30834]]],[[[127.78648,38.30814],[127.7865,38.30808],[127.78616,38.30804],[127.78648,38.30814]]],[[[127.14727,38.3079],[127.14701,38.30776],[127.1464,38.30781],[127.14727,38.3079]]],[[[127.14876,38.30782],[127.14893,38.30741],[127.14886,38.30699],[127.14876,38.30782]]],[[[127.18192,38.30855],[127.18186,38.30823],[127.18171,38.30828],[127.18192,38.30855]]],[[[127.78697,38.3082],[127.78684,38.30818],[127.78676,38.30827],[127.78697,38.3082]]],[[[127.34696,38.30925],[127.34676,38.30916],[127.34665,38.30918],[127.34696,38.30925]]],[[[127.15007,38.30705],[127.16838,38.30749],[127.15464,38.2988],[127.14958,38.3075],[127.15007,38.30705]]],[[[127.14819,38.30912],[127.14817,38.30899],[127.14791,38.30909],[127.14819,38.30912]]],[[[127.19223,38.30896],[127.19217,38.30894],[127.19194,38.30911],[127.19223,38.30896]]],[[[127.66211,38.31075],[127.66202,38.31066],[127.66132,38.31061],[127.66211,38.31075]]],[[[127.69181,38.31024],[127.69178,38.31021],[127.69174,38.31026],[127.69181,38.31024]]],[[[127.18594,38.31084],[127.18629,38.31077],[127.18645,38.31081],[127.18594,38.31084]]],[[[127.18364,38.31013],[127.1838,38.31008],[127.18404,38.31026],[127.18364,38.31013]]],[[[127.14597,38.31065],[127.14604,38.31044],[127.1459,38.31053],[127.14597,38.31065]]],[[[127.66385,38.31108],[127.66325,38.31092],[127.66321,38.31098],[127.66385,38.31108]]],[[[127.68738,38.31139],[127.68723,38.31123],[127.68715,38.31126],[127.68738,38.31139]]],[[[127.72103,38.31141],[127.72071,38.31121],[127.7206,38.31131],[127.72103,38.31141]]],[[[127.18813,38.31014],[127.18813,38.31003],[127.18797,38.31011],[127.18813,38.31014]]],[[[127.3026,38.31158],[127.30281,38.31148],[127.30309,38.3115],[127.3026,38.31158]]],[[[127.18598,38.31135],[127.18588,38.31119],[127.18576,38.31122],[127.18598,38.31135]]],[[[127.19174,38.31169],[127.19167,38.31154],[127.19146,38.31154],[127.19174,38.31169]]],[[[127.71995,38.31189],[127.7199,38.3118],[127.71976,38.31183],[127.71995,38.31189]]],[[[127.7217,38.31166],[127.72164,38.31154],[127.72151,38.31155],[127.7217,38.31166]]],[[[127.72224,38.31186],[127.72215,38.31182],[127.72212,38.31199],[127.72224,38.31186]]],[[[127.14754,38.3101],[127.14775,38.30983],[127.14785,38.30976],[127.14754,38.3101]]],[[[127.72137,38.31228],[127.72119,38.31219],[127.72101,38.31249],[127.72137,38.31228]]],[[[127.69138,38.31233],[127.69134,38.31226],[127.69129,38.31227],[127.69138,38.31233]]],[[[127.14388,38.31172],[127.14404,38.31165],[127.14407,38.31168],[127.14388,38.31172]]],[[[127.18599,38.31207],[127.18594,38.31197],[127.18584,38.31197],[127.18599,38.31207]]],[[[127.79595,38.31206],[127.79582,38.31205],[127.79543,38.3121],[127.79595,38.31206]]],[[[127.68922,38.31309],[127.68923,38.31297],[127.68922,38.31275],[127.68922,38.31309]]],[[[127.18732,38.31278],[127.18722,38.31268],[127.18695,38.31259],[127.18732,38.31278]]],[[[127.14336,38.31267],[127.14361,38.31259],[127.14383,38.31264],[127.14336,38.31267]]],[[[127.66611,38.31179],[127.66553,38.31166],[127.66548,38.31175],[127.66611,38.31179]]],[[[127.68866,38.31313],[127.68865,38.31308],[127.68864,38.31305],[127.68866,38.31313]]],[[[128.02808,38.31236],[128.02792,38.31221],[128.02704,38.31174],[128.02808,38.31236]]],[[[127.73076,38.314],[127.73088,38.31391],[127.73068,38.31392],[127.73076,38.314]]],[[[127.72976,38.31397],[127.72968,38.31391],[127.72946,38.31399],[127.72976,38.31397]]],[[[127.28848,38.31394],[127.28836,38.31385],[127.28819,38.31382],[127.28848,38.31394]]],[[[127.7292,38.31421],[127.729,38.31407],[127.72897,38.31412],[127.7292,38.31421]]],[[[127.667,38.31342],[127.66685,38.31337],[127.66667,38.31393],[127.667,38.31342]]],[[[127.80797,38.31457],[127.82092,38.30439],[127.81444,38.29175],[127.82088,38.30349],[127.81531,38.3097],[127.80006,38.30152],[127.80793,38.31456],[127.80797,38.31457]]],[[[127.72447,38.31463],[127.7245,38.31447],[127.72448,38.31442],[127.72447,38.31463]]],[[[127.72405,38.31517],[127.72394,38.31498],[127.72373,38.31494],[127.72405,38.31517]]],[[[127.14389,38.312],[127.14425,38.3119],[127.14457,38.31192],[127.14389,38.312]]],[[[127.33153,38.31518],[127.33128,38.31506],[127.33125,38.31515],[127.33153,38.31518]]],[[[127.80617,38.31571],[127.80622,38.31564],[127.80621,38.31562],[127.80617,38.31571]]],[[[127.29229,38.31618],[127.2923,38.31607],[127.29224,38.31595],[127.29229,38.31618]]],[[[127.14019,38.31545],[127.14037,38.31534],[127.14049,38.31536],[127.14019,38.31545]]],[[[127.80375,38.3168],[127.78764,38.30805],[127.80362,38.31681],[127.80375,38.3168]]],[[[127.53388,38.31676],[127.53374,38.31674],[127.5339,38.31689],[127.53388,38.31676]]],[[[127.71684,38.31741],[127.71666,38.31737],[127.71657,38.31747],[127.71684,38.31741]]],[[[127.75574,38.31704],[127.75561,38.31701],[127.75554,38.31707],[127.75574,38.31704]]],[[[127.72087,38.31759],[127.72074,38.31752],[127.72063,38.31757],[127.72087,38.31759]]],[[[127.72462,38.31756],[127.72447,38.31755],[127.72451,38.31762],[127.72462,38.31756]]],[[[127.72874,38.31778],[127.72877,38.31771],[127.72852,38.31773],[127.72874,38.31778]]],[[[127.72965,38.31788],[127.72958,38.31779],[127.72943,38.31785],[127.72965,38.31788]]],[[[127.20382,38.31778],[127.20373,38.31773],[127.20364,38.31775],[127.20382,38.31778]]],[[[127.71734,38.31796],[127.71738,38.31789],[127.71718,38.31791],[127.71734,38.31796]]],[[[127.71691,38.31781],[127.71673,38.31777],[127.71665,38.31801],[127.71691,38.31781]]],[[[127.72724,38.31806],[127.72725,38.31795],[127.72712,38.31796],[127.72724,38.31806]]],[[[127.72916,38.3181],[127.72898,38.31799],[127.72896,38.31807],[127.72916,38.3181]]],[[[127.71786,38.31793],[127.71773,38.3179],[127.71766,38.31796],[127.71786,38.31793]]],[[[128.55061,38.31301],[128.55049,38.313],[128.55034,38.31303],[128.55061,38.31301]]],[[[127.72674,38.31808],[127.72653,38.31796],[127.72648,38.31797],[127.72674,38.31808]]],[[[127.7167,38.31822],[127.71655,38.3181],[127.71637,38.31811],[127.7167,38.31822]]],[[[127.66621,38.31675],[127.66611,38.31666],[127.66608,38.3171],[127.66621,38.31675]]],[[[128.54543,38.31383],[128.54558,38.31368],[128.54572,38.31363],[128.54543,38.31383]]],[[[127.75842,38.31819],[127.75837,38.31799],[127.75843,38.31792],[127.75842,38.31819]]],[[[127.71694,38.31863],[127.71699,38.31855],[127.71707,38.31857],[127.71694,38.31863]]],[[[127.72024,38.31826],[127.72034,38.31818],[127.72031,38.31809],[127.72024,38.31826]]],[[[128.54971,38.31338],[128.54951,38.31337],[128.54928,38.31343],[128.54971,38.31338]]],[[[128.54613,38.31386],[128.54596,38.31374],[128.54586,38.31374],[128.54613,38.31386]]],[[[127.72587,38.31861],[127.72604,38.31842],[127.7261,38.31843],[127.72587,38.31861]]],[[[127.70767,38.31851],[127.70748,38.31832],[127.70698,38.31866],[127.70767,38.31851]]],[[[127.72548,38.31893],[127.7255,38.31876],[127.7253,38.31883],[127.72548,38.31893]]],[[[127.72681,38.31908],[127.72693,38.31901],[127.72702,38.31901],[127.72681,38.31908]]],[[[127.70656,38.31899],[127.70656,38.31879],[127.70649,38.31882],[127.70656,38.31899]]],[[[127.28806,38.31908],[127.28807,38.31893],[127.28817,38.31895],[127.28806,38.31908]]],[[[127.73969,38.31857],[127.73957,38.31832],[127.73939,38.318],[127.73969,38.31857]]],[[[127.72286,38.31908],[127.72283,38.31895],[127.72267,38.319],[127.72286,38.31908]]],[[[127.7264,38.31907],[127.72601,38.3188],[127.72592,38.31887],[127.7264,38.31907]]],[[[127.71836,38.31933],[127.71832,38.31901],[127.71826,38.31902],[127.71836,38.31933]]],[[[127.76056,38.31947],[127.76037,38.31946],[127.76037,38.31959],[127.76056,38.31947]]],[[[127.75833,38.3194],[127.75827,38.31914],[127.75823,38.31903],[127.75833,38.3194]]],[[[127.73726,38.3201],[127.73739,38.32007],[127.73741,38.31982],[127.73726,38.3201]]],[[[127.72289,38.31997],[127.72282,38.31997],[127.72286,38.32001],[127.72289,38.31997]]],[[[127.72647,38.3202],[127.72626,38.32011],[127.72604,38.32035],[127.72647,38.3202]]],[[[127.71995,38.32033],[127.71988,38.32029],[127.71972,38.32034],[127.71995,38.32033]]],[[[127.71906,38.32053],[127.71955,38.32035],[127.71955,38.32029],[127.71906,38.32053]]],[[[127.72056,38.31989],[127.72042,38.3198],[127.72059,38.31956],[127.72056,38.31989]]],[[[127.36197,38.32074],[127.36204,38.32058],[127.36246,38.32066],[127.36197,38.32074]]],[[[127.8008,38.31912],[127.80073,38.31909],[127.80059,38.3192],[127.8008,38.31912]]],[[[127.74102,38.32065],[127.74092,38.32065],[127.74097,38.32075],[127.74102,38.32065]]],[[[127.74277,38.32069],[127.74284,38.32056],[127.74298,38.32052],[127.74277,38.32069]]],[[[127.72706,38.32113],[127.72722,38.32106],[127.72738,38.321],[127.72706,38.32113]]],[[[127.72104,38.32094],[127.72113,38.3207],[127.72086,38.32072],[127.72104,38.32094]]],[[[127.7064,38.32126],[127.69885,38.31861],[127.70633,38.32135],[127.7064,38.32126]]],[[[127.74227,38.32137],[127.74254,38.32134],[127.74266,38.32145],[127.74227,38.32137]]],[[[127.70723,38.32006],[127.70738,38.32],[127.70751,38.32],[127.70723,38.32006]]],[[[127.73625,38.32132],[127.7361,38.3212],[127.73593,38.32123],[127.73625,38.32132]]],[[[127.71707,38.32122],[127.71674,38.32114],[127.71664,38.32145],[127.71707,38.32122]]],[[[127.77557,38.32127],[127.77558,38.32119],[127.77588,38.3212],[127.77557,38.32127]]],[[[127.21346,38.32067],[127.21343,38.32058],[127.21335,38.32063],[127.21346,38.32067]]],[[[127.71554,38.32224],[127.71536,38.32222],[127.71533,38.32227],[127.71554,38.32224]]],[[[128.03443,38.32151],[128.03444,38.32137],[128.03468,38.32145],[128.03443,38.32151]]],[[[127.7068,38.32249],[127.70678,38.32235],[127.70695,38.32226],[127.7068,38.32249]]],[[[127.73726,38.3201],[127.73712,38.32008],[127.73693,38.32001],[127.73726,38.3201]]],[[[127.70499,38.32236],[127.70491,38.32229],[127.7048,38.32232],[127.70499,38.32236]]],[[[127.66884,38.32271],[127.66838,38.32233],[127.6683,38.32236],[127.66884,38.32271]]],[[[127.32477,38.32088],[127.35822,38.30948],[127.35218,38.30409],[127.34066,38.31486],[127.32117,38.31664],[127.32462,38.32111],[127.32477,38.32088]]],[[[127.28787,38.32102],[127.28778,38.32094],[127.28771,38.32103],[127.28787,38.32102]]],[[[127.70895,38.32233],[127.70895,38.32221],[127.70866,38.32236],[127.70895,38.32233]]],[[[127.71727,38.32266],[127.71726,38.32249],[127.71754,38.32251],[127.71727,38.32266]]],[[[127.70721,38.32292],[127.7071,38.32285],[127.707,38.32289],[127.70721,38.32292]]],[[[127.68634,38.32051],[127.68646,38.32008],[127.68619,38.32029],[127.68634,38.32051]]],[[[127.67076,38.32339],[127.67082,38.32334],[127.67033,38.32314],[127.67076,38.32339]]],[[[127.35858,38.32309],[127.35825,38.32295],[127.35819,38.32345],[127.35858,38.32309]]],[[[127.73788,38.32325],[127.73758,38.32314],[127.73755,38.32331],[127.73788,38.32325]]],[[[127.72217,38.32334],[127.72791,38.31433],[127.72155,38.3235],[127.72217,38.32334]]],[[[127.70971,38.32316],[127.70985,38.32309],[127.7098,38.323],[127.70971,38.32316]]],[[[128.54483,38.31828],[128.54479,38.31821],[128.54457,38.31824],[128.54483,38.31828]]],[[[127.71668,38.32322],[127.71632,38.32288],[127.71631,38.32297],[127.71668,38.32322]]],[[[127.72706,38.32348],[127.72671,38.32347],[127.72646,38.32351],[127.72706,38.32348]]],[[[127.72592,38.32344],[127.72588,38.32342],[127.72592,38.32361],[127.72592,38.32344]]],[[[127.70917,38.32348],[127.70918,38.32342],[127.7089,38.32359],[127.70917,38.32348]]],[[[127.75889,38.32374],[127.75919,38.32359],[127.75915,38.32348],[127.75889,38.32374]]],[[[127.71346,38.32305],[127.71335,38.32301],[127.71322,38.32306],[127.71346,38.32305]]],[[[127.71718,38.32426],[127.71703,38.32423],[127.71704,38.32437],[127.71718,38.32426]]],[[[127.6851,38.32434],[127.68528,38.32433],[127.68531,38.32431],[127.6851,38.32434]]],[[[127.73702,38.32406],[127.73697,38.32394],[127.73699,38.32386],[127.73702,38.32406]]],[[[127.71086,38.32463],[127.711,38.3246],[127.71113,38.3246],[127.71086,38.32463]]],[[[127.70896,38.32452],[127.70894,38.32443],[127.70882,38.32441],[127.70896,38.32452]]],[[[127.70794,38.32445],[127.70782,38.32435],[127.70767,38.3244],[127.70794,38.32445]]],[[[128.53459,38.31957],[128.53452,38.31955],[128.53447,38.31956],[128.53459,38.31957]]],[[[127.33805,38.32377],[127.33807,38.32375],[127.33827,38.32399],[127.33805,38.32377]]],[[[127.71652,38.32501],[127.71622,38.32491],[127.71609,38.32482],[127.71652,38.32501]]],[[[127.66466,38.32521],[127.66468,38.32504],[127.66445,38.3251],[127.66466,38.32521]]],[[[127.70291,38.32499],[127.70266,38.32486],[127.70244,38.32504],[127.70291,38.32499]]],[[[127.71609,38.32537],[127.71597,38.32529],[127.71589,38.32534],[127.71609,38.32537]]],[[[127.6688,38.32559],[127.66883,38.32548],[127.66868,38.32542],[127.6688,38.32559]]],[[[128.53108,38.3212],[128.53131,38.32102],[128.53138,38.32102],[128.53108,38.3212]]],[[[127.66725,38.32446],[127.66728,38.32438],[127.66719,38.32444],[127.66725,38.32446]]],[[[127.66476,38.32579],[127.66461,38.32566],[127.66458,38.32576],[127.66476,38.32579]]],[[[127.70773,38.32589],[127.70779,38.32574],[127.70782,38.32576],[127.70773,38.32589]]],[[[127.26632,38.32599],[127.26645,38.32587],[127.26661,38.3259],[127.26632,38.32599]]],[[[127.71091,38.32511],[127.71087,38.32498],[127.71083,38.32506],[127.71091,38.32511]]],[[[127.26468,38.32563],[127.26247,38.31891],[127.26458,38.32573],[127.26468,38.32563]]],[[[127.70638,38.32618],[127.70637,38.32607],[127.7065,38.32607],[127.70638,38.32618]]],[[[127.69891,38.32578],[127.69867,38.32575],[127.69862,38.32588],[127.69891,38.32578]]],[[[127.74106,38.32613],[127.74014,38.32065],[127.74085,38.32624],[127.74106,38.32613]]],[[[127.70904,38.32584],[127.70905,38.32577],[127.70887,38.32578],[127.70904,38.32584]]],[[[127.71276,38.32642],[127.7128,38.32636],[127.71315,38.3264],[127.71276,38.32642]]],[[[127.66527,38.32602],[127.66509,38.326],[127.66502,38.32608],[127.66527,38.32602]]],[[[127.73296,38.32642],[127.73281,38.32636],[127.7328,38.32633],[127.73296,38.32642]]],[[[127.66621,38.32655],[127.66608,38.32636],[127.66594,38.32621],[127.66621,38.32655]]],[[[127.70757,38.32611],[127.70755,38.32579],[127.70758,38.32566],[127.70757,38.32611]]],[[[127.73858,38.32667],[127.73861,38.32655],[127.73823,38.32649],[127.73858,38.32667]]],[[[127.70336,38.32611],[127.70332,38.32586],[127.70341,38.32598],[127.70336,38.32611]]],[[[127.73078,38.32678],[127.73099,38.32668],[127.73117,38.32654],[127.73078,38.32678]]],[[[127.73208,38.32683],[127.73219,38.32675],[127.73234,38.32679],[127.73208,38.32683]]],[[[127.6645,38.32638],[127.6648,38.32604],[127.66497,38.32596],[127.6645,38.32638]]],[[[127.66691,38.32698],[127.66695,38.32676],[127.66715,38.32679],[127.66691,38.32698]]],[[[127.25852,38.3268],[127.25871,38.3265],[127.25906,38.32655],[127.25852,38.3268]]],[[[127.70485,38.327],[127.70495,38.32685],[127.70499,38.32693],[127.70485,38.327]]],[[[127.71052,38.32703],[127.71563,38.32493],[127.71047,38.32698],[127.71052,38.32703]]],[[[127.66453,38.32695],[127.66442,38.32682],[127.66434,38.32689],[127.66453,38.32695]]],[[[127.70669,38.3267],[127.70654,38.32647],[127.70644,38.32649],[127.70669,38.3267]]],[[[127.66432,38.32689],[127.66425,38.32688],[127.66415,38.327],[127.66432,38.32689]]],[[[127.73776,38.32759],[127.73768,38.32743],[127.73764,38.32737],[127.73776,38.32759]]],[[[127.70668,38.32738],[127.70669,38.32724],[127.70665,38.32725],[127.70668,38.32738]]],[[[127.70561,38.32793],[127.70582,38.32788],[127.70595,38.32789],[127.70561,38.32793]]],[[[127.70308,38.3275],[127.70285,38.32745],[127.70272,38.32745],[127.70308,38.3275]]],[[[127.70898,38.32635],[127.70872,38.32618],[127.70866,38.32634],[127.70898,38.32635]]],[[[127.73296,38.32642],[127.73312,38.32661],[127.73298,38.32658],[127.73296,38.32642]]],[[[127.70553,38.32835],[127.70572,38.32826],[127.70581,38.32829],[127.70553,38.32835]]],[[[127.34527,38.32868],[127.34558,38.32861],[127.34586,38.32861],[127.34527,38.32868]]],[[[127.72984,38.32847],[127.72971,38.32842],[127.72963,38.32846],[127.72984,38.32847]]],[[[127.73365,38.32835],[127.73345,38.32828],[127.73331,38.32841],[127.73365,38.32835]]],[[[127.48788,38.32502],[127.48213,38.3277],[127.48705,38.32584],[127.48788,38.32502]]],[[[127.73839,38.32859],[127.738,38.32854],[127.73788,38.32893],[127.73839,38.32859]]],[[[127.74001,38.32918],[127.7401,38.32914],[127.74019,38.32916],[127.74001,38.32918]]],[[[127.707,38.32923],[127.70708,38.32912],[127.70711,38.32919],[127.707,38.32923]]],[[[127.72086,38.32755],[127.72072,38.32736],[127.72048,38.32743],[127.72086,38.32755]]],[[[127.74033,38.32955],[127.74035,38.32945],[127.74051,38.32951],[127.74033,38.32955]]],[[[127.73131,38.32953],[127.73107,38.32928],[127.731,38.3292],[127.73131,38.32953]]],[[[127.76155,38.32956],[127.76152,38.32939],[127.76139,38.3294],[127.76155,38.32956]]],[[[127.73315,38.32965],[127.73329,38.32924],[127.73321,38.32926],[127.73315,38.32965]]],[[[127.73385,38.32938],[127.73385,38.32926],[127.73373,38.32929],[127.73385,38.32938]]],[[[127.73343,38.32926],[127.73339,38.32925],[127.73333,38.32934],[127.73343,38.32926]]],[[[127.73522,38.3298],[127.73516,38.32964],[127.73498,38.32961],[127.73522,38.3298]]],[[[127.73834,38.32988],[127.73862,38.32977],[127.73887,38.3298],[127.73834,38.32988]]],[[[127.72165,38.32912],[127.72167,38.32892],[127.72143,38.329],[127.72165,38.32912]]],[[[127.34695,38.32907],[127.36499,38.3193],[127.34665,38.32942],[127.34695,38.32907]]],[[[127.73318,38.33001],[127.73281,38.32986],[127.73262,38.33008],[127.73318,38.33001]]],[[[127.73707,38.33046],[127.73685,38.3303],[127.73675,38.33029],[127.73707,38.33046]]],[[[127.71052,38.32703],[127.71026,38.32781],[127.71021,38.3278],[127.71052,38.32703]]],[[[127.73146,38.32933],[127.73124,38.32931],[127.73144,38.32959],[127.73146,38.32933]]],[[[127.73656,38.33073],[127.73658,38.33058],[127.73653,38.33055],[127.73656,38.33073]]],[[[127.73181,38.33065],[127.73176,38.33058],[127.73151,38.33071],[127.73181,38.33065]]],[[[127.73062,38.33053],[127.7304,38.33021],[127.73006,38.33026],[127.73062,38.33053]]],[[[127.74257,38.33096],[127.74219,38.33086],[127.74203,38.33097],[127.74257,38.33096]]],[[[127.70651,38.33129],[127.70651,38.33127],[127.70637,38.33127],[127.70651,38.33129]]],[[[127.23576,38.33088],[127.23561,38.33086],[127.23553,38.3309],[127.23576,38.33088]]],[[[127.71136,38.33143],[127.71079,38.33131],[127.71092,38.3317],[127.71136,38.33143]]],[[[127.23806,38.3318],[127.23789,38.3318],[127.23789,38.33205],[127.23806,38.3318]]],[[[127.71095,38.33223],[127.71099,38.3321],[127.71064,38.332],[127.71095,38.33223]]],[[[127.23909,38.33247],[127.23921,38.33241],[127.23914,38.33223],[127.23909,38.33247]]],[[[127.39047,38.33185],[127.39036,38.33178],[127.39034,38.33186],[127.39047,38.33185]]],[[[127.76135,38.3334],[127.76079,38.325],[127.76133,38.33339],[127.76135,38.3334]]],[[[127.71378,38.33393],[127.7137,38.33373],[127.71381,38.33337],[127.71378,38.33393]]],[[[127.778,38.33364],[127.778,38.33362],[127.77812,38.33363],[127.778,38.33364]]],[[[127.70979,38.33481],[127.71579,38.32595],[127.7055,38.3319],[127.71003,38.3349],[127.70979,38.33481]]],[[[127.76806,38.33548],[127.76813,38.33531],[127.76817,38.33516],[127.76806,38.33548]]],[[[127.73622,38.33537],[127.73615,38.33529],[127.73606,38.33533],[127.73622,38.33537]]],[[[127.73662,38.33572],[127.73646,38.33569],[127.73641,38.3357],[127.73662,38.33572]]],[[[127.74078,38.33561],[127.7408,38.33553],[127.74087,38.33555],[127.74078,38.33561]]],[[[127.70247,38.33613],[127.70731,38.32988],[127.69573,38.32754],[127.68825,38.31505],[127.68521,38.32456],[127.70212,38.33623],[127.70247,38.33613]]],[[[127.74395,38.33558],[127.74384,38.33552],[127.74383,38.33571],[127.74395,38.33558]]],[[[127.38537,38.3363],[127.38529,38.33625],[127.38524,38.33626],[127.38537,38.3363]]],[[[127.74035,38.33548],[127.74031,38.33544],[127.74022,38.33544],[127.74035,38.33548]]],[[[127.7576,38.33586],[127.74928,38.33363],[127.75778,38.33598],[127.7576,38.33586]]],[[[127.74013,38.33684],[127.74001,38.33682],[127.74005,38.337],[127.74013,38.33684]]],[[[127.76806,38.33548],[127.75942,38.33421],[127.76829,38.3357],[127.76806,38.33548]]],[[[127.74276,38.33765],[127.74273,38.33762],[127.74265,38.33764],[127.74276,38.33765]]],[[[127.76126,38.33715],[127.76122,38.33696],[127.76085,38.337],[127.76126,38.33715]]],[[[128.04383,38.33631],[128.04112,38.3234],[128.05132,38.32558],[128.04086,38.32325],[128.04422,38.2993],[128.06138,38.30353],[128.05011,38.29754],[128.02832,38.31231],[128.02995,38.32178],[128.03559,38.32021],[128.03073,38.31158],[128.0391,38.31162],[128.04378,38.33634],[128.04383,38.33631]]],[[[128.53161,38.33491],[128.53155,38.33485],[128.53149,38.33486],[128.53161,38.33491]]],[[[127.7756,38.33867],[127.77547,38.33728],[127.77315,38.33632],[127.7756,38.33867]]],[[[128.53647,38.33521],[128.53637,38.33467],[128.53603,38.33435],[128.53647,38.33521]]],[[[127.74608,38.34214],[127.74712,38.3354],[127.73034,38.33426],[127.74034,38.33161],[127.71809,38.33057],[127.7456,38.34292],[127.74608,38.34214]]],[[[127.71928,38.34286],[127.71926,38.34277],[127.71917,38.34284],[127.71928,38.34286]]],[[[127.78142,38.34782],[127.78576,38.33962],[127.78,38.34725],[127.78142,38.34782]]],[[[128.51322,38.35518],[128.51314,38.35514],[128.5126,38.35596],[128.51322,38.35518]]],[[[128.51317,38.35599],[128.51302,38.35594],[128.51274,38.35595],[128.51317,38.35599]]],[[[128.24539,38.40814],[128.24538,38.40801],[128.24512,38.40812],[128.24539,38.40814]]],[[[128.24305,38.41096],[128.24294,38.41092],[128.24289,38.41094],[128.24305,38.41096]]],[[[128.24558,38.41183],[128.24535,38.41182],[128.24514,38.41196],[128.24558,38.41183]]],[[[128.24515,38.41246],[128.24516,38.41239],[128.24517,38.41232],[128.24515,38.41246]]],[[[128.24696,38.41324],[128.24704,38.41317],[128.24717,38.4132],[128.24696,38.41324]]],[[[128.24486,38.41281],[128.24456,38.41271],[128.24443,38.41276],[128.24486,38.41281]]],[[[128.24858,38.41398],[128.24875,38.41386],[128.24898,38.41389],[128.24858,38.41398]]],[[[128.24771,38.41431],[128.24788,38.41403],[128.24808,38.41379],[128.24771,38.41431]]],[[[128.25088,38.41445],[128.25075,38.41429],[128.25064,38.41437],[128.25088,38.41445]]],[[[128.24956,38.41484],[128.24929,38.41471],[128.24924,38.41475],[128.24956,38.41484]]],[[[128.24743,38.41525],[128.24727,38.41515],[128.24741,38.41511],[128.24743,38.41525]]],[[[128.24865,38.41542],[128.24866,38.41533],[128.24889,38.41561],[128.24865,38.41542]]],[[[128.24971,38.4155],[128.24932,38.41547],[128.24947,38.41556],[128.24971,38.4155]]],[[[128.25034,38.41618],[128.25006,38.41596],[128.24993,38.41599],[128.25034,38.41618]]],[[[128.25155,38.41732],[128.25144,38.41726],[128.2513,38.4173],[128.25155,38.41732]]],[[[128.25674,38.42083],[128.25659,38.42066],[128.25655,38.42056],[128.25674,38.42083]]],[[[128.25735,38.42163],[128.2574,38.42156],[128.25748,38.42156],[128.25735,38.42163]]],[[[128.26052,38.42143],[128.26024,38.42118],[128.26013,38.42116],[128.26052,38.42143]]],[[[128.26361,38.42383],[128.26353,38.42373],[128.26345,38.42373],[128.26361,38.42383]]],[[[128.26639,38.42581],[128.26247,38.4224],[128.26634,38.42584],[128.26639,38.42581]]],[[[128.27883,38.43145],[128.27874,38.4314],[128.27859,38.43142],[128.27883,38.43145]]],[[[128.28434,38.43748],[128.28414,38.43745],[128.28404,38.43761],[128.28434,38.43748]]],[[[128.28452,38.43861],[128.28436,38.4384],[128.28422,38.43827],[128.28452,38.43861]]],[[[128.28489,38.43826],[128.28479,38.43815],[128.28466,38.43822],[128.28489,38.43826]]],[[[128.28886,38.44567],[128.28888,38.44551],[128.28865,38.44557],[128.28886,38.44567]]],[[[128.28648,38.44599],[128.28651,38.44581],[128.28662,38.44555],[128.28648,38.44599]]],[[[128.28948,38.44801],[128.28938,38.44774],[128.28942,38.44766],[128.28948,38.44801]]],[[[128.28888,38.4466],[128.28877,38.44658],[128.28863,38.4466],[128.28888,38.4466]]],[[[128.28743,38.44834],[128.28746,38.44822],[128.28744,38.44811],[128.28743,38.44834]]],[[[128.29044,38.44818],[128.29038,38.44811],[128.29034,38.44815],[128.29044,38.44818]]],[[[128.29136,38.44917],[128.29131,38.44917],[128.29135,38.4493],[128.29136,38.44917]]],[[[128.28761,38.44902],[128.28759,38.44892],[128.28741,38.449],[128.28761,38.44902]]],[[[128.2893,38.44968],[128.28922,38.44956],[128.28905,38.44956],[128.2893,38.44968]]],[[[128.29061,38.45011],[128.29087,38.44997],[128.29091,38.44998],[128.29061,38.45011]]],[[[128.29211,38.45144],[128.29206,38.4512],[128.29197,38.45091],[128.29211,38.45144]]],[[[128.46812,38.44951],[128.46799,38.44947],[128.468,38.44965],[128.46812,38.44951]]],[[[128.315,38.45396],[128.31509,38.45388],[128.31518,38.45393],[128.315,38.45396]]],[[[128.31474,38.45482],[128.31474,38.45469],[128.31472,38.45455],[128.31474,38.45482]]],[[[128.29304,38.45482],[128.28903,38.45038],[128.29305,38.45488],[128.29304,38.45482]]],[[[128.29161,38.45496],[128.29137,38.45477],[128.29105,38.45479],[128.29161,38.45496]]],[[[128.29255,38.45661],[128.29254,38.45653],[128.29267,38.45654],[128.29255,38.45661]]],[[[128.31554,38.45644],[128.31547,38.45643],[128.31534,38.45644],[128.31554,38.45644]]],[[[128.29407,38.45737],[128.294,38.45709],[128.29413,38.457],[128.29407,38.45737]]],[[[128.31523,38.45852],[128.31505,38.45843],[128.31496,38.4585],[128.31523,38.45852]]],[[[128.31561,38.46034],[128.31547,38.46027],[128.31538,38.46042],[128.31561,38.46034]]],[[[128.31866,38.46187],[128.31848,38.46184],[128.31841,38.46191],[128.31866,38.46187]]],[[[128.31906,38.46394],[128.31906,38.46381],[128.31916,38.46382],[128.31906,38.46394]]],[[[128.31954,38.46434],[128.31947,38.4643],[128.3194,38.46431],[128.31954,38.46434]]],[[[128.31943,38.46593],[128.3193,38.4658],[128.31925,38.46583],[128.31943,38.46593]]],[[[128.31956,38.46668],[128.31957,38.46657],[128.31949,38.4666],[128.31956,38.46668]]],[[[128.29996,38.47168],[128.30002,38.47162],[128.30014,38.47153],[128.29996,38.47168]]],[[[128.30085,38.47157],[128.30069,38.47149],[128.30056,38.47163],[128.30085,38.47157]]],[[[128.30479,38.47244],[128.30467,38.47241],[128.30451,38.47256],[128.30479,38.47244]]],[[[128.3057,38.47269],[128.30569,38.47261],[128.30547,38.47262],[128.3057,38.47269]]],[[[128.30726,38.47313],[128.30726,38.47304],[128.30699,38.47308],[128.30726,38.47313]]],[[[128.30425,38.47318],[128.30406,38.47309],[128.30388,38.47322],[128.30425,38.47318]]],[[[128.29938,38.47255],[128.29927,38.47254],[128.29906,38.47264],[128.29938,38.47255]]],[[[128.31033,38.47633],[128.31026,38.47621],[128.31003,38.47625],[128.31033,38.47633]]],[[[128.30804,38.47626],[128.30775,38.47614],[128.30751,38.47626],[128.30804,38.47626]]],[[[128.31027,38.47705],[128.31031,38.47694],[128.31021,38.47694],[128.31027,38.47705]]],[[[128.30831,38.47696],[128.30844,38.47692],[128.30842,38.47697],[128.30831,38.47696]]],[[[128.30857,38.47748],[128.30854,38.47742],[128.30839,38.47743],[128.30857,38.47748]]],[[[128.30719,38.47833],[128.30743,38.47823],[128.30755,38.47823],[128.30719,38.47833]]],[[[128.3083,38.47817],[128.30838,38.47816],[128.30861,38.47813],[128.3083,38.47817]]],[[[128.30718,38.47856],[128.29887,38.47107],[128.30705,38.47859],[128.30718,38.47856]]],[[[128.30643,38.47969],[128.30668,38.47945],[128.30669,38.47949],[128.30643,38.47969]]],[[[128.44408,38.48552],[128.44378,38.48535],[128.44314,38.48535],[128.44408,38.48552]]],[[[128.30223,38.48789],[128.3023,38.4881],[128.30247,38.48807],[128.30223,38.48789]]],[[[128.30916,38.49325],[128.309,38.49324],[128.30889,38.4933],[128.30916,38.49325]]],[[[128.31017,38.4946],[128.31044,38.49445],[128.31049,38.49447],[128.31017,38.4946]]],[[[128.30945,38.49717],[128.30936,38.49715],[128.30916,38.49719],[128.30945,38.49717]]],[[[128.30223,38.48789],[128.30575,38.49852],[128.30208,38.48811],[128.30223,38.48789]]],[[[128.30873,38.49913],[128.3093,38.49899],[128.30979,38.49903],[128.30873,38.49913]]],[[[128.30767,38.49928],[128.30746,38.49908],[128.30722,38.49917],[128.30767,38.49928]]],[[[128.30667,38.50175],[128.30643,38.50158],[128.30619,38.50148],[128.30667,38.50175]]],[[[128.30546,38.50242],[128.30549,38.50219],[128.30529,38.50221],[128.30546,38.50242]]],[[[128.31121,38.50472],[128.30439,38.50261],[128.31131,38.50499],[128.31121,38.50472]]],[[[128.42279,38.51187],[128.42285,38.51172],[128.423,38.51173],[128.42279,38.51187]]],[[[128.31382,38.52323],[128.31374,38.52312],[128.31362,38.52315],[128.31382,38.52323]]],[[[128.31284,38.52485],[128.31304,38.52478],[128.31317,38.5248],[128.31284,38.52485]]],[[[128.31351,38.52503],[128.31331,38.52502],[128.31328,38.5251],[128.31351,38.52503]]],[[[128.3147,38.52529],[128.31476,38.52511],[128.31484,38.52501],[128.3147,38.52529]]],[[[128.316,38.52538],[128.31574,38.52535],[128.31556,38.52544],[128.316,38.52538]]],[[[128.31364,38.52626],[128.31371,38.52622],[128.31371,38.52617],[128.31364,38.52626]]],[[[128.3139,38.53043],[128.31387,38.53027],[128.31371,38.53028],[128.3139,38.53043]]],[[[128.31379,38.53122],[128.31368,38.53106],[128.31359,38.53106],[128.31379,38.53122]]],[[[128.31298,38.53244],[128.31274,38.53243],[128.31278,38.5326],[128.31298,38.53244]]],[[[128.31377,38.53255],[128.31345,38.53245],[128.31333,38.53245],[128.31377,38.53255]]],[[[128.40606,38.54533],[128.40563,38.54491],[128.40524,38.54508],[128.40606,38.54533]]],[[[128.3127,38.55192],[128.31292,38.55181],[128.31321,38.55173],[128.3127,38.55192]]],[[[128.31247,38.55304],[128.31226,38.553],[128.31219,38.55308],[128.31247,38.55304]]],[[[128.31259,38.55423],[128.31253,38.55408],[128.31244,38.55409],[128.31259,38.55423]]],[[[128.3125,38.55508],[128.31246,38.55496],[128.31229,38.55497],[128.3125,38.55508]]],[[[128.31305,38.55514],[128.31289,38.55513],[128.31267,38.55515],[128.31305,38.55514]]],[[[128.31616,38.56054],[128.31251,38.55531],[128.31622,38.56059],[128.31616,38.56054]]],[[[128.34408,38.5603],[128.34394,38.56027],[128.34385,38.5603],[128.34408,38.5603]]],[[[128.40992,38.5604],[128.40913,38.5603],[128.40858,38.56031],[128.40992,38.5604]]],[[[128.33678,38.56356],[128.345,38.55549],[128.33691,38.56377],[128.33678,38.56356]]],[[[128.34026,38.56416],[128.34044,38.5641],[128.34052,38.56406],[128.34026,38.56416]]],[[[128.3433,38.56553],[128.34306,38.56532],[128.34288,38.56542],[128.3433,38.56553]]],[[[128.3343,38.56822],[128.33429,38.56815],[128.33423,38.56812],[128.3343,38.56822]]],[[[128.32307,38.56891],[128.32303,38.56877],[128.32289,38.5688],[128.32307,38.56891]]],[[[128.32558,38.56979],[128.32558,38.56972],[128.3253,38.56973],[128.32558,38.56979]]],[[[128.32569,38.57055],[128.32571,38.57041],[128.32549,38.57048],[128.32569,38.57055]]],[[[128.31467,38.57287],[128.31458,38.57282],[128.31454,38.57288],[128.31467,38.57287]]],[[[128.32326,38.57369],[128.31181,38.56098],[128.31212,38.57009],[128.32327,38.57388],[128.32326,38.57369]]],[[[128.31488,38.57382],[128.31476,38.57376],[128.31474,38.5738],[128.31488,38.57382]]],[[[128.31422,38.57697],[128.31416,38.57697],[128.31405,38.57701],[128.31422,38.57697]]],[[[128.3147,38.57715],[128.31465,38.57712],[128.31458,38.57708],[128.3147,38.57715]]],[[[128.32492,38.57766],[128.32474,38.57754],[128.32458,38.57738],[128.32492,38.57766]]],[[[128.32543,38.57739],[128.32521,38.57733],[128.32518,38.57745],[128.32543,38.57739]]],[[[128.31447,38.57834],[128.31432,38.57826],[128.31425,38.57828],[128.31447,38.57834]]],[[[128.36447,38.58055],[128.36441,38.58054],[128.3644,38.58055],[128.36447,38.58055]]],[[[128.36504,38.58069],[128.36485,38.58067],[128.36481,38.58075],[128.36504,38.58069]]],[[[128.36495,38.5813],[128.36491,38.58129],[128.36484,38.58142],[128.36495,38.5813]]],[[[128.3141,38.58151],[128.31403,38.58121],[128.31399,38.58123],[128.3141,38.58151]]],[[[128.35595,38.58294],[128.35598,38.58286],[128.35573,38.58275],[128.35595,38.58294]]],[[[128.31421,38.58475],[128.31402,38.58467],[128.31385,38.5847],[128.31421,38.58475]]],[[[128.34554,38.58565],[128.3458,38.58544],[128.34563,38.58521],[128.34554,38.58565]]],[[[128.32055,38.58539],[128.31326,38.57969],[128.32049,38.58587],[128.32055,38.58539]]],[[[128.35607,38.58737],[128.35569,38.58727],[128.35568,38.58734],[128.35607,38.58737]]],[[[128.35389,38.59016],[128.35375,38.59015],[128.35368,38.59035],[128.35389,38.59016]]],[[[128.36197,38.59196],[128.36228,38.59179],[128.3624,38.59169],[128.36197,38.59196]]],[[[128.36509,38.59229],[128.36493,38.59226],[128.36493,38.59229],[128.36509,38.59229]]],[[[128.34534,38.59333],[128.34524,38.59316],[128.34503,38.5932],[128.34534,38.59333]]],[[[128.80236,37.92274],[128.83187,37.90382],[128.83024,37.88417],[128.87675,37.84045],[128.87862,37.82943],[128.9544,37.77301],[128.95135,37.7669],[128.98928,37.7402],[129.015,37.70576],[129.05505,37.67522],[129.05678,37.65882],[129.04353,37.64275],[129.04564,37.63373],[129.06435,37.62289],[129.05393,37.62602],[129.07247,37.60529],[129.11494,37.58204],[129.12244,37.5606],[129.1183,37.54299],[129.11712,37.55172],[129.11182,37.54884],[129.11374,37.5371],[129.13545,37.50439],[129.14965,37.49754],[129.1354,37.50418],[129.13621,37.49644],[129.12443,37.49069],[129.14482,37.49666],[129.13961,37.49156],[129.18667,37.45628],[129.19778,37.41509],[129.25676,37.38013],[129.25068,37.36237],[129.2658,37.34326],[129.26743,37.32294],[129.29766,37.31068],[129.3006,37.29186],[129.32784,37.2813],[129.32714,37.26364],[129.35566,37.23535],[129.34088,37.22601],[129.34778,37.21064],[129.3394,37.19321],[129.34411,37.17142],[129.35217,37.17531],[129.35845,37.16658],[129.34783,37.16379],[129.3634,37.146],[129.32483,37.14229],[129.29778,37.12443],[129.29459,37.11437],[129.27124,37.11638],[129.26599,37.10232],[129.22538,37.07372],[129.23801,37.03867],[129.22531,37.04456],[129.18541,37.04172],[129.16618,37.06922],[129.09625,37.10041],[129.07036,37.0882],[129.05708,37.06496],[129.03669,37.07618],[128.98861,37.08437],[128.95927,37.07758],[128.9457,37.09384],[128.9232,37.09212],[128.89642,37.04452],[128.87854,37.05326],[128.87248,37.04395],[128.84687,37.05161],[128.82938,37.07846],[128.808,37.07576],[128.79942,37.08694],[128.78028,37.09234],[128.76536,37.06403],[128.75526,37.06622],[128.75232,37.05593],[128.76254,37.03786],[128.75098,37.0281],[128.73462,37.04023],[128.7004,37.04083],[128.68907,37.05305],[128.63436,37.0707],[128.62264,37.0874],[128.6064,37.07667],[128.60162,37.08306],[128.59185,37.07816],[128.5617,37.09024],[128.53813,37.08963],[128.53117,37.10001],[128.51447,37.10135],[128.49655,37.12579],[128.47781,37.11015],[128.45084,37.11236],[128.4448,37.10627],[128.43614,37.11199],[128.4247,37.10246],[128.41847,37.11981],[128.396,37.12859],[128.40087,37.14688],[128.38435,37.15812],[128.37708,37.15167],[128.36442,37.15763],[128.35972,37.15022],[128.33709,37.15785],[128.29623,37.13411],[128.26444,37.16042],[128.2763,37.17268],[128.29807,37.17166],[128.29562,37.18329],[128.32639,37.19729],[128.3334,37.21579],[128.31659,37.22339],[128.2684,37.20792],[128.25093,37.22958],[128.22924,37.22757],[128.2078,37.24882],[128.1741,37.23261],[128.17307,37.21906],[128.16448,37.21346],[128.12532,37.23454],[128.1087,37.20567],[128.04107,37.18899],[128.0283,37.20232],[128.03875,37.21604],[128.02302,37.22563],[128.01826,37.24571],[127.97191,37.25638],[127.92191,37.22584],[127.93626,37.18877],[127.92384,37.16363],[127.90863,37.16712],[127.89889,37.1498],[127.87205,37.16434],[127.8613,37.15535],[127.85354,37.16033],[127.84688,37.15281],[127.78783,37.14424],[127.75553,37.17144],[127.7441,37.20955],[127.74688,37.23997],[127.76066,37.26901],[127.74988,37.29716],[127.7682,37.30152],[127.75839,37.33085],[127.75948,37.36729],[127.77894,37.37077],[127.77666,37.38333],[127.79456,37.4244],[127.80401,37.42885],[127.80048,37.47125],[127.77469,37.49175],[127.75979,37.49248],[127.75987,37.50313],[127.7855,37.51331],[127.80958,37.53786],[127.84202,37.5389],[127.84808,37.5523],[127.81413,37.56415],[127.79408,37.58525],[127.78444,37.57812],[127.75411,37.59206],[127.7079,37.58635],[127.66385,37.6238],[127.65153,37.62294],[127.64699,37.63274],[127.60661,37.65081],[127.57935,37.63298],[127.54867,37.633],[127.53566,37.65069],[127.55282,37.66153],[127.55991,37.72858],[127.54017,37.71946],[127.5247,37.72647],[127.51186,37.71568],[127.50615,37.72415],[127.51122,37.73643],[127.54488,37.76007],[127.52081,37.79254],[127.53735,37.81054],[127.52459,37.825],[127.52732,37.83646],[127.56324,37.85588],[127.57458,37.87235],[127.60585,37.87649],[127.61714,37.90636],[127.61267,37.94048],[127.60042,37.95654],[127.54523,37.96773],[127.54031,38.00116],[127.50392,37.99795],[127.46154,38.01285],[127.44458,38.05726],[127.44517,38.09747],[127.43093,38.11536],[127.41341,38.10201],[127.40552,38.10295],[127.40345,38.11296],[127.37861,38.11843],[127.36594,38.10693],[127.33977,38.10129],[127.33696,38.08977],[127.32067,38.09468],[127.30953,38.11828],[127.28609,38.11429],[127.27581,38.12418],[127.28405,38.15949],[127.29799,38.1752],[127.28357,38.18285],[127.26602,38.18024],[127.25628,38.16317],[127.22381,38.14703],[127.22204,38.13743],[127.21255,38.14342],[127.18923,38.16116],[127.18923,38.18832],[127.18055,38.18613],[127.1697,38.19765],[127.17514,38.20548],[127.15971,38.21955],[127.16329,38.23848],[127.11357,38.23682],[127.10875,38.26089],[127.11451,38.26685],[127.11037,38.26365],[127.11041,38.27135],[127.10081,38.27459],[127.10396,38.28038],[127.09504,38.28108],[127.10678,38.28539],[127.1153,38.27987],[127.11808,38.29016],[127.11082,38.29536],[127.12747,38.29898],[127.13659,38.31507],[127.13166,38.30888],[127.13793,38.30422],[127.12953,38.29948],[127.13649,38.29405],[127.14058,38.3022],[127.1392,38.28811],[127.14954,38.29335],[127.14393,38.28723],[127.15538,38.28528],[127.14191,38.28709],[127.1402,38.28031],[127.15735,38.28136],[127.16648,38.28561],[127.16022,38.29849],[127.16831,38.30992],[127.18253,38.31223],[127.17981,38.30462],[127.19019,38.30994],[127.19453,38.30364],[127.19427,38.31104],[127.1861,38.31147],[127.19902,38.31614],[127.19518,38.31944],[127.21737,38.31988],[127.23894,38.33404],[127.25798,38.32792],[127.25371,38.3243],[127.26382,38.32915],[127.25672,38.31567],[127.27187,38.32802],[127.28765,38.32564],[127.28994,38.29783],[127.29609,38.30411],[127.28897,38.31397],[127.29589,38.31212],[127.29809,38.32315],[127.29767,38.31338],[127.30439,38.31511],[127.29911,38.30116],[127.32499,38.30857],[127.35449,38.30146],[127.36669,38.31805],[127.36356,38.32673],[127.38128,38.33716],[127.44579,38.31673],[127.45822,38.32665],[127.49657,38.29955],[127.57129,38.33559],[127.60914,38.33677],[127.6194,38.3249],[127.6676,38.32405],[127.66011,38.31043],[127.68237,38.32578],[127.68754,38.31666],[127.6798,38.31539],[127.6826,38.31021],[127.69417,38.30914],[127.74316,38.3134],[127.76002,38.31744],[127.76064,38.32383],[127.81066,38.28812],[127.84574,38.28359],[127.86214,38.28286],[127.89491,38.31291],[127.94874,38.30441],[127.9858,38.27348],[128.00256,38.27551],[128.01597,38.28989],[128.08058,38.28835],[128.08604,38.30946],[128.11299,38.3277],[128.1549,38.32933],[128.17068,38.31565],[128.19382,38.32195],[128.19421,38.36154],[128.20514,38.35809],[128.22917,38.37897],[128.24852,38.37078],[128.26857,38.37662],[128.26737,38.413],[128.28208,38.4195],[128.28042,38.433],[128.27012,38.4301],[128.28412,38.4368],[128.28437,38.42604],[128.30683,38.41979],[128.3238,38.43329],[128.3169,38.45969],[128.31332,38.45145],[128.31271,38.46204],[128.2956,38.46082],[128.31929,38.45861],[128.33921,38.4789],[128.3456,38.50062],[128.33464,38.52571],[128.34836,38.53898],[128.3409,38.57092],[128.34517,38.57676],[128.35332,38.56875],[128.36354,38.57226],[128.37076,38.58556],[128.35668,38.58167],[128.36996,38.59339],[128.41084,38.55588],[128.40495,38.54235],[128.424,38.52284],[128.41715,38.5192],[128.42126,38.50589],[128.42994,38.50405],[128.4245,38.50021],[128.44001,38.4854],[128.43921,38.47682],[128.46697,38.45009],[128.45504,38.44521],[128.45669,38.43157],[128.47732,38.40075],[128.51142,38.37238],[128.50587,38.36301],[128.51267,38.34626],[128.5317,38.31698],[128.55093,38.30343],[128.54682,38.29127],[128.56009,38.25736],[128.60201,38.21467],[128.60326,38.2035],[128.59445,38.21069],[128.58198,38.19411],[128.5935,38.19155],[128.59342,38.20059],[128.60057,38.20206],[128.5956,38.2001],[128.61426,38.18125],[128.60781,38.17362],[128.61011,38.14741],[128.64155,38.10872],[128.68019,38.07897],[128.67296,38.07858],[128.67616,38.06544],[128.69792,38.04263],[128.72733,38.02103],[128.73567,38.02227],[128.73051,38.00541],[128.76396,37.97995],[128.75863,37.9763],[128.76278,37.96613],[128.78864,37.94529],[128.78768,37.93614],[128.79947,37.92482],[128.80236,37.92274]]],[[[128.3443,38.59368],[128.34417,38.59368],[128.34408,38.5937],[128.3443,38.59368]]],[[[128.34631,38.59341],[128.34622,38.59337],[128.34607,38.59338],[128.34631,38.59341]]],[[[128.36758,38.59399],[128.36774,38.59402],[128.36797,38.59398],[128.36758,38.59399]]],[[[128.34406,38.59386],[128.34396,38.59377],[128.34392,38.59385],[128.34406,38.59386]]],[[[128.34588,38.59416],[128.34578,38.594],[128.34564,38.59407],[128.34588,38.59416]]],[[[128.34685,38.59462],[128.3469,38.59439],[128.34674,38.59429],[128.34685,38.59462]]],[[[128.34609,38.59461],[128.34614,38.59451],[128.34609,38.59448],[128.34609,38.59461]]],[[[128.34948,38.59518],[128.3585,38.58638],[128.34694,38.58533],[128.35556,38.58982],[128.34945,38.59516],[128.34948,38.59518]]],[[[128.36751,38.5952],[128.36767,38.59522],[128.36772,38.59517],[128.36751,38.5952]]],[[[128.31356,38.58656],[128.30972,38.59395],[128.31968,38.59587],[128.31043,38.59217],[128.31968,38.58592],[128.31226,38.58089],[128.31364,38.58639],[128.31356,38.58656]]],[[[128.34744,38.59592],[128.34756,38.5959],[128.34776,38.59575],[128.34744,38.59592]]],[[[128.34612,38.59599],[128.34626,38.59595],[128.34644,38.59589],[128.34612,38.59599]]],[[[128.34676,38.59616],[128.34705,38.59609],[128.34705,38.59603],[128.34676,38.59616]]],[[[128.35257,38.59611],[128.35271,38.59615],[128.35274,38.59609],[128.35257,38.59611]]],[[[128.33728,38.59607],[128.33697,38.59604],[128.33696,38.59618],[128.33728,38.59607]]],[[[128.36835,38.59444],[128.36834,38.59424],[128.36818,38.59425],[128.36835,38.59444]]],[[[128.34541,38.59638],[128.34555,38.59638],[128.34545,38.59631],[128.34541,38.59638]]],[[[128.35714,38.59621],[128.36537,38.59335],[128.35705,38.59639],[128.35714,38.59621]]],[[[128.36901,38.59505],[128.36894,38.59494],[128.36886,38.59506],[128.36901,38.59505]]],[[[128.34584,38.5963],[128.3458,38.5963],[128.34572,38.59647],[128.34584,38.5963]]],[[[128.34175,38.59653],[128.34192,38.59635],[128.34201,38.59622],[128.34175,38.59653]]],[[[128.33627,38.59642],[128.33617,38.59632],[128.33606,38.59637],[128.33627,38.59642]]],[[[128.34061,38.59658],[128.34066,38.59644],[128.34062,38.59626],[128.34061,38.59658]]],[[[128.36812,38.59643],[128.36802,38.5964],[128.36776,38.59683],[128.36812,38.59643]]],[[[128.34569,38.59652],[128.34565,38.59648],[128.34556,38.59668],[128.34569,38.59652]]],[[[128.36448,38.59805],[128.36465,38.59796],[128.36475,38.59788],[128.36448,38.59805]]],[[[128.34627,38.5982],[128.34632,38.59818],[128.34645,38.59815],[128.34627,38.5982]]],[[[128.34588,38.5972],[128.3459,38.59707],[128.34583,38.59688],[128.34588,38.5972]]],[[[128.34552,38.59855],[128.34561,38.59853],[128.34561,38.5985],[128.34552,38.59855]]],[[[128.33978,38.59895],[128.33971,38.59893],[128.33975,38.59901],[128.33978,38.59895]]],[[[128.34543,38.59886],[128.34542,38.5988],[128.34537,38.59884],[128.34543,38.59886]]],[[[128.34597,38.59903],[128.34618,38.59896],[128.34643,38.59887],[128.34597,38.59903]]],[[[128.34317,38.59871],[128.34298,38.59866],[128.34297,38.59876],[128.34317,38.59871]]],[[[128.34017,38.5992],[128.34025,38.59918],[128.34011,38.59909],[128.34017,38.5992]]],[[[128.33952,38.59863],[128.33946,38.59852],[128.33931,38.59857],[128.33952,38.59863]]],[[[128.33656,38.59904],[128.33652,38.59895],[128.33642,38.599],[128.33656,38.59904]]],[[[128.33847,38.59956],[128.33834,38.59949],[128.33827,38.59953],[128.33847,38.59956]]],[[[128.3424,38.59958],[128.34249,38.59944],[128.34241,38.59938],[128.3424,38.59958]]],[[[128.34528,38.59933],[128.34529,38.59924],[128.34525,38.59913],[128.34528,38.59933]]],[[[128.33975,38.59983],[128.34001,38.5998],[128.34019,38.59978],[128.33975,38.59983]]],[[[128.33783,38.59965],[128.33791,38.59958],[128.33802,38.59955],[128.33783,38.59965]]],[[[128.33328,38.60041],[128.3334,38.6003],[128.33323,38.60019],[128.33328,38.60041]]],[[[128.33332,38.60107],[128.33271,38.60097],[128.33236,38.60107],[128.33332,38.60107]]],[[[128.34342,38.60141],[128.34357,38.60148],[128.34368,38.60133],[128.34342,38.60141]]],[[[128.33896,38.60168],[128.33911,38.60156],[128.33919,38.60155],[128.33896,38.60168]]],[[[128.3372,38.60211],[128.33732,38.60198],[128.33764,38.60186],[128.3372,38.60211]]],[[[128.34307,38.59913],[128.34289,38.59904],[128.34284,38.59911],[128.34307,38.59913]]],[[[128.3441,38.60208],[128.34397,38.60202],[128.34398,38.60205],[128.3441,38.60208]]],[[[128.34673,38.60206],[128.34674,38.60182],[128.34669,38.60172],[128.34673,38.60206]]],[[[128.34541,38.60137],[128.34517,38.60125],[128.34504,38.60133],[128.34541,38.60137]]],[[[128.3474,38.60201],[128.34752,38.60189],[128.34761,38.6018],[128.3474,38.60201]]],[[[128.34731,38.60247],[128.34745,38.60229],[128.34728,38.60222],[128.34731,38.60247]]],[[[128.34523,38.60258],[128.34508,38.60253],[128.34529,38.60271],[128.34523,38.60258]]],[[[128.3481,38.60289],[128.34795,38.6028],[128.34791,38.60281],[128.3481,38.60289]]],[[[128.34655,38.60272],[128.34644,38.6026],[128.34627,38.60249],[128.34655,38.60272]]],[[[128.34897,38.60347],[128.34879,38.60341],[128.34859,38.60345],[128.34897,38.60347]]],[[[128.35279,38.60361],[128.353,38.6036],[128.35304,38.60346],[128.35279,38.60361]]],[[[128.33737,38.60315],[128.33742,38.60308],[128.33741,38.60295],[128.33737,38.60315]]],[[[128.35542,38.60335],[128.35553,38.60328],[128.35549,38.60324],[128.35542,38.60335]]],[[[128.34798,38.60368],[128.34782,38.60368],[128.34793,38.6038],[128.34798,38.60368]]],[[[128.36205,38.60367],[128.36728,38.59755],[128.35519,38.59728],[128.36223,38.60337],[128.36205,38.60367]]],[[[128.35336,38.60369],[128.35318,38.60365],[128.35316,38.6037],[128.35336,38.60369]]],[[[128.33929,38.60204],[128.33955,38.60189],[128.33942,38.6018],[128.33929,38.60204]]],[[[128.34974,38.60382],[128.34959,38.60378],[128.34955,38.60378],[128.34974,38.60382]]],[[[128.33114,38.60406],[128.33109,38.60417],[128.33125,38.60424],[128.33114,38.60406]]],[[[128.34369,38.60191],[128.34365,38.6019],[128.34338,38.60193],[128.34369,38.60191]]],[[[128.34644,38.60346],[128.34627,38.60342],[128.34637,38.60352],[128.34644,38.60346]]],[[[128.3539,38.60395],[128.35388,38.6039],[128.35382,38.60396],[128.3539,38.60395]]],[[[128.34589,38.60402],[128.34574,38.60384],[128.34543,38.60347],[128.34589,38.60402]]],[[[128.34773,38.60372],[128.34765,38.6037],[128.34756,38.60373],[128.34773,38.60372]]],[[[128.34945,38.60385],[128.34923,38.60378],[128.34908,38.60379],[128.34945,38.60385]]],[[[128.33718,38.60232],[128.337,38.60231],[128.33688,38.60233],[128.33718,38.60232]]],[[[128.36091,38.60409],[128.36105,38.60395],[128.36111,38.6038],[128.36091,38.60409]]],[[[128.34294,38.60448],[128.343,38.60425],[128.34285,38.60399],[128.34294,38.60448]]],[[[128.3438,38.60429],[128.34387,38.60425],[128.34365,38.60417],[128.3438,38.60429]]],[[[128.35365,38.6047],[128.35371,38.60462],[128.35376,38.60461],[128.35365,38.6047]]],[[[128.34938,38.60472],[128.34927,38.60466],[128.34921,38.60458],[128.34938,38.60472]]],[[[128.35184,38.60504],[128.35169,38.605],[128.35164,38.60502],[128.35184,38.60504]]],[[[128.35753,38.60424],[128.35738,38.60413],[128.35734,38.60416],[128.35753,38.60424]]],[[[128.36009,38.60502],[128.36008,38.60495],[128.3601,38.60489],[128.36009,38.60502]]],[[[128.35513,38.60461],[128.35503,38.60451],[128.35503,38.6044],[128.35513,38.60461]]],[[[128.33252,38.60485],[128.33246,38.60482],[128.33237,38.60482],[128.33252,38.60485]]],[[[128.35324,38.60548],[128.35342,38.60541],[128.3533,38.60536],[128.35324,38.60548]]],[[[128.34629,38.60576],[128.34639,38.60573],[128.34649,38.60569],[128.34629,38.60576]]],[[[128.35625,38.60399],[128.35609,38.60393],[128.35609,38.60415],[128.35625,38.60399]]],[[[128.34212,38.60549],[128.34229,38.60537],[128.34226,38.60518],[128.34212,38.60549]]],[[[128.35185,38.60576],[128.3517,38.60567],[128.35162,38.60567],[128.35185,38.60576]]],[[[128.34781,38.6055],[128.34775,38.6055],[128.34788,38.60558],[128.34781,38.6055]]],[[[128.35116,38.60688],[128.35119,38.60687],[128.3513,38.6068],[128.35116,38.60688]]],[[[128.34994,38.60627],[128.34993,38.60626],[128.34987,38.60627],[128.34994,38.60627]]],[[[128.34433,38.60662],[128.34452,38.60658],[128.34466,38.60647],[128.34433,38.60662]]],[[[128.34971,38.60737],[128.34979,38.60733],[128.34985,38.60725],[128.34971,38.60737]]],[[[128.35686,38.60708],[128.35701,38.60698],[128.35704,38.60687],[128.35686,38.60708]]],[[[128.34368,38.60743],[128.34369,38.60735],[128.34364,38.60733],[128.34368,38.60743]]],[[[128.34349,38.60751],[128.34352,38.60742],[128.34355,38.60735],[128.34349,38.60751]]],[[[128.34726,38.60715],[128.3474,38.60705],[128.34755,38.60695],[128.34726,38.60715]]],[[[128.35717,38.60775],[128.35719,38.60766],[128.3571,38.60761],[128.35717,38.60775]]],[[[128.35672,38.60801],[128.35065,38.60457],[128.35668,38.60801],[128.35672,38.60801]]],[[[128.34907,38.60817],[128.34914,38.60809],[128.34915,38.60802],[128.34907,38.60817]]],[[[128.35735,38.60813],[128.35724,38.60811],[128.35718,38.60812],[128.35735,38.60813]]],[[[128.35005,38.60768],[128.35022,38.60753],[128.35036,38.60749],[128.35005,38.60768]]],[[[128.35062,38.60841],[128.35069,38.60839],[128.3508,38.6083],[128.35062,38.60841]]],[[[128.35482,38.60794],[128.35472,38.60791],[128.3546,38.60793],[128.35482,38.60794]]],[[[128.35895,38.60898],[128.35901,38.60874],[128.35906,38.60857],[128.35895,38.60898]]],[[[128.35023,38.60861],[128.34989,38.60854],[128.34985,38.60869],[128.35023,38.60861]]],[[[128.35275,38.60891],[128.35274,38.60881],[128.35271,38.60873],[128.35275,38.60891]]],[[[128.35917,38.60883],[128.35915,38.60872],[128.35913,38.60876],[128.35917,38.60883]]],[[[128.35758,38.6089],[128.35767,38.60887],[128.35775,38.60884],[128.35758,38.6089]]],[[[128.35928,38.60866],[128.35922,38.60865],[128.35922,38.60877],[128.35928,38.60866]]],[[[128.3479,38.60932],[128.34798,38.6094],[128.34821,38.60934],[128.3479,38.60932]]],[[[128.35314,38.60847],[128.35317,38.60841],[128.3532,38.6083],[128.35314,38.60847]]],[[[128.35469,38.60951],[128.35485,38.60949],[128.35502,38.60946],[128.35469,38.60951]]],[[[128.35894,38.60929],[128.35893,38.60929],[128.35886,38.60937],[128.35894,38.60929]]],[[[128.35398,38.6095],[128.35368,38.60942],[128.35354,38.60944],[128.35398,38.6095]]],[[[128.34595,38.61067],[128.34608,38.61062],[128.34606,38.61014],[128.34595,38.61067]]],[[[128.3481,38.61076],[128.34834,38.61068],[128.34818,38.61052],[128.3481,38.61076]]],[[[128.35451,38.60999],[128.35445,38.60992],[128.35422,38.61001],[128.35451,38.60999]]],[[[128.34776,38.61079],[128.34781,38.61078],[128.34761,38.61068],[128.34776,38.61079]]],[[[128.35955,38.61072],[128.35966,38.61071],[128.35982,38.61058],[128.35955,38.61072]]],[[[128.35717,38.61112],[128.3572,38.61108],[128.35724,38.61102],[128.35717,38.61112]]],[[[128.35087,38.61133],[128.35088,38.61114],[128.35064,38.61113],[128.35087,38.61133]]],[[[128.34866,38.61152],[128.34341,38.60971],[128.34855,38.61157],[128.34866,38.61152]]],[[[128.34956,38.61166],[128.35559,38.61089],[128.34944,38.61164],[128.34956,38.61166]]],[[[128.35834,38.61035],[128.35843,38.61011],[128.35861,38.60966],[128.35834,38.61035]]],[[[128.35883,38.61154],[128.35897,38.61142],[128.35882,38.61132],[128.35883,38.61154]]],[[[128.35931,38.60961],[128.35929,38.60955],[128.35939,38.60959],[128.35931,38.60961]]],[[[128.34773,38.61144],[128.34767,38.61144],[128.34762,38.61146],[128.34773,38.61144]]],[[[128.35811,38.61236],[128.35818,38.61213],[128.3582,38.61193],[128.35811,38.61236]]],[[[128.35697,38.61366],[128.35124,38.61061],[128.35678,38.61371],[128.35697,38.61366]]],[[[129.16075,37.47851],[129.16073,37.47854],[129.16073,37.47855],[129.16075,37.47851]]],[[[128.76149,37.97922],[128.76142,37.97905],[128.7608,37.97925],[128.76149,37.97922]]],[[[128.66485,38.0907],[128.66489,38.09104],[128.66512,38.0914],[128.66485,38.0907]]],[[[128.6217,38.13537],[128.62167,38.13538],[128.62166,38.13539],[128.6217,38.13537]]],[[[128.66699,38.08898],[128.66699,38.089],[128.66699,38.08902],[128.66699,38.08898]]],[[[128.66807,38.08788],[128.66806,38.08791],[128.66806,38.08794],[128.66807,38.08788]]],[[[128.67706,38.07506],[128.67706,38.0751],[128.67708,38.07517],[128.67706,38.07506]]],[[[128.6766,38.07294],[128.67661,38.07296],[128.67663,38.073],[128.6766,38.07294]]],[[[128.677,38.07181],[128.67699,38.07182],[128.67698,38.07185],[128.677,38.07181]]],[[[128.73357,38.02283],[128.73356,38.02284],[128.73355,38.02285],[128.73357,38.02283]]],[[[128.73437,38.0231],[128.73436,38.02311],[128.73435,38.02311],[128.73437,38.0231]]],[[[128.73621,38.02075],[128.73627,38.02096],[128.73632,38.02104],[128.73621,38.02075]]],[[[128.73583,38.01976],[128.73582,38.01978],[128.73582,38.01981],[128.73583,38.01976]]],[[[128.73466,38.01835],[128.73465,38.01836],[128.73464,38.01836],[128.73466,38.01835]]],[[[128.73512,38.00414],[128.73511,38.00415],[128.7351,38.00415],[128.73512,38.00414]]],[[[128.73545,38.0039],[128.73545,38.00391],[128.73545,38.00394],[128.73545,38.0039]]],[[[128.74211,38.00691],[128.7421,38.00692],[128.7421,38.00693],[128.74211,38.00691]]],[[[128.73686,38.00218],[128.73685,38.0022],[128.73684,38.00221],[128.73686,38.00218]]],[[[128.73905,38.00073],[128.73905,38.00074],[128.73905,38.00075],[128.73905,38.00073]]],[[[128.74556,37.99235],[128.74556,37.99235],[128.74555,37.99235],[128.74556,37.99235]]],[[[128.76535,37.965],[128.76534,37.96501],[128.76533,37.96503],[128.76535,37.965]]],[[[128.76979,37.96038],[128.76978,37.96039],[128.76977,37.96041],[128.76979,37.96038]]],[[[128.76939,37.95746],[128.76938,37.95746],[128.76938,37.95746],[128.76939,37.95746]]],[[[128.78579,37.94696],[128.78577,37.94696],[128.78576,37.94696],[128.78579,37.94696]]],[[[128.78881,37.94521],[128.7888,37.94521],[128.78879,37.94522],[128.78881,37.94521]]],[[[128.7895,37.93532],[128.78949,37.93532],[128.78949,37.93533],[128.7895,37.93532]]],[[[128.76488,37.97216],[128.76488,37.97217],[128.76487,37.97218],[128.76488,37.97216]]]]}},{"type":"Feature","properties":{"region":"대구","name":"대구"},"geometry":{"type":"MultiPolygon","coordinates":[[[[128.50466,35.89174],[128.50683,35.90611],[128.52946,35.92359],[128.53528,35.93838],[128.52835,35.98035],[128.55332,35.96076],[128.55707,35.97223],[128.6035,35.98601],[128.61749,36.00674],[128.64071,36.01053],[128.62135,36.02524],[128.63269,36.06684],[128.62776,36.08016],[128.59788,36.07496],[128.59446,36.06283],[128.58347,36.06789],[128.56909,36.05871],[128.564,36.11586],[128.54858,36.13097],[128.55019,36.15065],[128.54008,36.16109],[128.55237,36.16491],[128.55688,36.17718],[128.52278,36.20142],[128.50294,36.18488],[128.48916,36.22028],[128.47953,36.22447],[128.48506,36.23359],[128.44095,36.21836],[128.434,36.23435],[128.41765,36.24586],[128.42644,36.27541],[128.41352,36.28289],[128.41282,36.29369],[128.43852,36.3051],[128.45163,36.3272],[128.49115,36.30403],[128.5428,36.29389],[128.55275,36.27456],[128.5945,36.27772],[128.63614,36.26151],[128.64137,36.2448],[128.63313,36.23866],[128.63182,36.21621],[128.63941,36.20748],[128.65976,36.22138],[128.6719,36.20815],[128.69421,36.21396],[128.7043,36.19904],[128.735,36.20073],[128.74592,36.19445],[128.75798,36.20286],[128.76996,36.19343],[128.79645,36.19082],[128.8041,36.20981],[128.82656,36.21824],[128.88322,36.19837],[128.88371,36.1839],[128.9002,36.16238],[128.89159,36.14348],[128.85857,36.14497],[128.85063,36.13743],[128.85095,36.11818],[128.80209,36.08597],[128.76553,36.10054],[128.75091,36.0918],[128.74501,36.10931],[128.72293,36.09027],[128.7269,36.07707],[128.71404,36.07548],[128.70374,36.05801],[128.69416,36.01821],[128.72688,36.00323],[128.73486,35.99296],[128.73097,35.98536],[128.74621,35.97287],[128.73667,35.92963],[128.75655,35.91347],[128.76269,35.8885],[128.7598,35.86608],[128.75075,35.85751],[128.73745,35.85116],[128.72187,35.85695],[128.72507,35.83605],[128.70864,35.82657],[128.71752,35.80684],[128.68233,35.78984],[128.69549,35.75574],[128.68324,35.72145],[128.66103,35.72005],[128.624,35.7023],[128.61392,35.70984],[128.61243,35.73852],[128.5896,35.7315],[128.58242,35.73833],[128.56477,35.73676],[128.5279,35.71274],[128.53526,35.69405],[128.5318,35.68333],[128.50755,35.67286],[128.50624,35.63956],[128.44648,35.63841],[128.43098,35.62164],[128.42294,35.62517],[128.41016,35.6151],[128.37274,35.60845],[128.40125,35.63273],[128.40004,35.64555],[128.36232,35.67557],[128.3518,35.70402],[128.35888,35.7087],[128.4122,35.69584],[128.43215,35.70489],[128.43182,35.7256],[128.39125,35.74835],[128.38347,35.76009],[128.42083,35.80935],[128.47043,35.80592],[128.48295,35.81801],[128.48122,35.83009],[128.45065,35.844],[128.38351,35.85283],[128.39898,35.89993],[128.40713,35.90072],[128.4249,35.92804],[128.45034,35.93504],[128.45416,35.94315],[128.47642,35.93444],[128.4654,35.90859],[128.46971,35.89811],[128.49062,35.89758],[128.50034,35.88645],[128.50495,35.89169],[128.50466,35.89174]]]]}},{"type":"Feature","properties":{"region":"전북","name":"전북"},"geometry":{"type":"MultiPolygon","coordinates":[[[[126.4276,35.44847],[126.42764,35.44797],[126.42717,35.4477],[126.4276,35.44847]]],[[[126.48257,35.53923],[126.48206,35.53875],[126.48014,35.53906],[126.48257,35.53923]]],[[[126.48405,35.54415],[126.48456,35.54406],[126.4847,35.5441],[126.48405,35.54415]]],[[[126.44269,35.5433],[126.44251,35.54323],[126.44225,35.54359],[126.44269,35.5433]]],[[[126.35718,35.55838],[126.35702,35.55833],[126.3567,35.55846],[126.35718,35.55838]]],[[[126.34724,35.56267],[126.34706,35.56266],[126.34675,35.56272],[126.34724,35.56267]]],[[[126.58754,35.57326],[126.58768,35.57306],[126.58773,35.57307],[126.58754,35.57326]]],[[[126.24015,35.57297],[126.24002,35.57295],[126.23982,35.57294],[126.24015,35.57297]]],[[[126.2462,35.57631],[126.24203,35.57315],[126.246,35.57646],[126.2462,35.57631]]],[[[126.24114,35.58236],[126.24107,35.58233],[126.2409,35.58234],[126.24114,35.58236]]],[[[126.24067,35.58385],[126.24056,35.58379],[126.24036,35.58383],[126.24067,35.58385]]],[[[126.29574,35.58624],[126.29574,35.58612],[126.29574,35.58612],[126.29574,35.58624]]],[[[126.23333,35.5855],[126.23333,35.5855],[126.23338,35.5856],[126.23333,35.5855]]],[[[126.29728,35.58688],[126.29728,35.58688],[126.29734,35.58709],[126.29728,35.58688]]],[[[126.25121,35.59795],[126.25121,35.59795],[126.25126,35.59799],[126.25121,35.59795]]],[[[126.4667,35.60286],[126.46684,35.60276],[126.46691,35.60278],[126.4667,35.60286]]],[[[126.2655,35.60859],[126.2655,35.60859],[126.26576,35.60878],[126.2655,35.60859]]],[[[126.29261,35.61822],[126.28982,35.61148],[126.29248,35.61827],[126.29261,35.61822]]],[[[126.46336,35.61756],[126.46332,35.61755],[126.46279,35.62095],[126.46336,35.61756]]],[[[126.29185,35.61951],[126.29224,35.61954],[126.29251,35.61955],[126.29185,35.61951]]],[[[126.30252,35.61445],[126.29993,35.62055],[126.30732,35.62055],[126.31568,35.60999],[126.30269,35.59518],[126.26537,35.57586],[126.26686,35.56717],[126.25593,35.57304],[126.24945,35.58844],[126.27169,35.59115],[126.25751,35.59827],[126.26441,35.59461],[126.27336,35.59861],[126.27107,35.60802],[126.28194,35.60074],[126.28519,35.60664],[126.27561,35.61574],[126.29385,35.60424],[126.3026,35.61434],[126.30252,35.61445]]],[[[126.36889,35.6249],[126.369,35.62496],[126.36917,35.62508],[126.36889,35.6249]]],[[[126.27481,35.62677],[126.27528,35.62674],[126.27552,35.62674],[126.27481,35.62677]]],[[[126.28847,35.62545],[126.27326,35.63128],[126.29036,35.6329],[126.29484,35.62856],[126.28847,35.62545]]],[[[126.28817,35.63781],[126.28817,35.63781],[126.28831,35.63793],[126.28817,35.63781]]],[[[126.12527,35.64147],[126.12662,35.6355],[126.11205,35.64013],[126.1253,35.64152],[126.12527,35.64147]]],[[[126.45064,35.66051],[126.45064,35.66051],[126.45068,35.66055],[126.45064,35.66051]]],[[[126.45113,35.66063],[126.45094,35.66063],[126.45087,35.66067],[126.45113,35.66063]]],[[[126.48344,35.66312],[126.48395,35.664],[126.48471,35.66519],[126.48344,35.66312]]],[[[126.12845,35.6624],[126.12845,35.6624],[126.12893,35.66268],[126.12845,35.6624]]],[[[126.13934,35.66358],[126.13934,35.66358],[126.13938,35.66363],[126.13934,35.66358]]],[[[126.10889,35.65908],[126.10158,35.66017],[126.11072,35.66584],[126.10887,35.65914],[126.10889,35.65908]]],[[[126.49625,35.67148],[126.49643,35.67143],[126.49667,35.67156],[126.49625,35.67148]]],[[[126.12015,35.66861],[126.12028,35.66853],[126.12046,35.66854],[126.12015,35.66861]]],[[[126.12286,35.66911],[126.12286,35.66911],[126.12289,35.66919],[126.12286,35.66911]]],[[[126.46059,35.6758],[126.46062,35.67566],[126.46062,35.67534],[126.46059,35.6758]]],[[[126.45108,35.69779],[126.45108,35.69779],[126.45124,35.6979],[126.45108,35.69779]]],[[[126.45988,35.72637],[126.45988,35.72637],[126.46,35.72652],[126.45988,35.72637]]],[[[126.45837,35.73761],[126.4584,35.7376],[126.45872,35.73694],[126.45837,35.73761]]],[[[126.47105,35.73948],[126.4711,35.73943],[126.4711,35.73942],[126.47105,35.73948]]],[[[126.46334,35.73982],[126.46334,35.73982],[126.4638,35.74009],[126.46334,35.73982]]],[[[126.44902,35.7478],[126.46231,35.73514],[126.45421,35.72864],[126.45101,35.7387],[126.43908,35.74029],[126.44877,35.74793],[126.44902,35.7478]]],[[[126.41325,35.80188],[126.4133,35.80149],[126.4133,35.80149],[126.41325,35.80188]]],[[[126.40839,35.80085],[126.40839,35.80085],[126.40843,35.80106],[126.40839,35.80085]]],[[[126.41192,35.80396],[126.41192,35.80396],[126.41198,35.80406],[126.41192,35.80396]]],[[[126.45381,35.80732],[126.45406,35.80716],[126.45408,35.80708],[126.45381,35.80732]]],[[[126.45007,35.80728],[126.45013,35.80722],[126.45023,35.80699],[126.45007,35.80728]]],[[[126.4374,35.80504],[126.42575,35.79373],[126.41396,35.79843],[126.41985,35.80858],[126.43763,35.8052],[126.4374,35.80504]]],[[[126.42101,35.80997],[126.42129,35.81018],[126.42156,35.81015],[126.42101,35.80997]]],[[[126.44057,35.81096],[126.44058,35.81103],[126.44058,35.81116],[126.44057,35.81096]]],[[[126.43081,35.80837],[126.43032,35.80807],[126.43009,35.80809],[126.43081,35.80837]]],[[[126.44636,35.81281],[126.4463,35.81278],[126.44614,35.81278],[126.44636,35.81281]]],[[[126.44432,35.81281],[126.44432,35.81281],[126.44435,35.81291],[126.44432,35.81281]]],[[[126.39716,35.81347],[126.39772,35.80778],[126.3969,35.81383],[126.39716,35.81347]]],[[[126.40916,35.81447],[126.41639,35.8128],[126.41478,35.80623],[126.40124,35.80502],[126.40905,35.81448],[126.40916,35.81447]]],[[[126.44618,35.8156],[126.44626,35.81546],[126.44656,35.81547],[126.44618,35.8156]]],[[[126.46326,35.81621],[126.46302,35.81614],[126.46279,35.81623],[126.46326,35.81621]]],[[[126.38763,35.81874],[126.38763,35.81874],[126.38771,35.81905],[126.38763,35.81874]]],[[[126.40844,35.82115],[126.40844,35.82115],[126.40868,35.82121],[126.40844,35.82115]]],[[[126.37078,35.82144],[126.38219,35.80289],[126.3736,35.80037],[126.36797,35.80891],[126.37043,35.82136],[126.37078,35.82144]]],[[[126.39065,35.82115],[126.39762,35.81586],[126.39064,35.82135],[126.39065,35.82115]]],[[[126.37282,35.82645],[126.37297,35.82616],[126.37338,35.82617],[126.37282,35.82645]]],[[[126.40523,35.83205],[126.42559,35.81808],[126.39953,35.82693],[126.40483,35.83238],[126.40523,35.83205]]],[[[126.40498,35.83381],[126.40498,35.83381],[126.40509,35.83397],[126.40498,35.83381]]],[[[126.47127,35.84106],[126.47127,35.84098],[126.47127,35.84098],[126.47127,35.84106]]],[[[126.48298,35.84458],[126.47353,35.84223],[126.48279,35.84476],[126.48298,35.84458]]],[[[126.44624,35.85037],[126.44654,35.84992],[126.44654,35.84992],[126.44624,35.85037]]],[[[126.34041,35.85467],[126.35331,35.84982],[126.33973,35.85479],[126.34041,35.85467]]],[[[126.31551,35.85482],[126.31551,35.85482],[126.31557,35.85487],[126.31551,35.85482]]],[[[126.33065,35.85381],[126.33065,35.85381],[126.33079,35.85381],[126.33065,35.85381]]],[[[126.387,35.85613],[126.37973,35.84781],[126.35913,35.84819],[126.38663,35.85633],[126.387,35.85613]]],[[[126.31265,35.85629],[126.31265,35.85629],[126.31279,35.85668],[126.31265,35.85629]]],[[[126.39474,35.85867],[126.38749,35.85444],[126.39364,35.85827],[126.39474,35.85867]]],[[[126.32497,35.85727],[126.31435,35.85794],[126.32505,35.85738],[126.32497,35.85727]]],[[[126.40357,35.85918],[126.39734,35.85785],[126.40333,35.85944],[126.40357,35.85918]]],[[[126.40616,35.86044],[126.43271,35.85443],[126.40585,35.85999],[126.40616,35.86044]]],[[[126.16647,35.86513],[126.16647,35.86513],[126.16652,35.86525],[126.16647,35.86513]]],[[[126.07613,35.88911],[126.07646,35.88897],[126.07685,35.88899],[126.07613,35.88911]]],[[[126.06707,35.88931],[126.06723,35.88908],[126.06748,35.88903],[126.06707,35.88931]]],[[[126.69511,35.98845],[126.69454,35.98809],[126.69451,35.98812],[126.69511,35.98845]]],[[[126.68587,35.98687],[126.65715,35.98959],[126.70112,35.99545],[126.68927,35.98809],[126.68587,35.98687]]],[[[126.49135,35.97873],[126.49137,35.97871],[126.49124,35.97862],[126.49135,35.97873]]],[[[126.21981,36.01479],[126.2269,36.01199],[126.21976,36.01509],[126.21981,36.01479]]],[[[126.23356,36.01715],[126.23411,36.01704],[126.23464,36.01708],[126.23356,36.01715]]],[[[126.23645,36.01838],[126.23716,36.01789],[126.23744,36.01788],[126.23645,36.01838]]],[[[126.23438,36.02132],[126.23438,36.02132],[126.23457,36.0215],[126.23438,36.02132]]],[[[126.21741,36.02054],[126.21767,36.01989],[126.21792,36.02003],[126.21741,36.02054]]],[[[126.23533,36.02198],[126.23566,36.02175],[126.23566,36.02175],[126.23533,36.02198]]],[[[126.21658,36.02332],[126.21658,36.02332],[126.21673,36.02343],[126.21658,36.02332]]],[[[126.5296,36.04017],[126.52367,36.03843],[126.52959,36.04026],[126.5296,36.04017]]],[[[126.55014,36.04585],[126.55014,36.04585],[126.5496,36.04575],[126.55014,36.04585]]],[[[126.55472,36.04463],[126.55538,36.03144],[126.54108,36.03641],[126.55439,36.04474],[126.55472,36.04463]]],[[[126.43704,36.08652],[126.4452,36.07612],[126.42939,36.08212],[126.43703,36.08661],[126.43704,36.08652]]],[[[125.9744,36.1268],[125.99259,36.12177],[125.99069,36.1128],[125.98488,36.12138],[125.9874,36.11357],[125.97245,36.11432],[125.96685,36.12693],[125.97269,36.12769],[125.9744,36.1268]]],[[[126.52558,35.67528],[126.53495,35.69007],[126.55636,35.69783],[126.52028,35.73136],[126.48206,35.81244],[126.46349,35.81229],[126.46169,35.81888],[126.44999,35.80794],[126.44535,35.81847],[126.453,35.82002],[126.4424,35.82888],[126.47542,35.82245],[126.49102,35.83811],[126.4856,35.84568],[126.49684,35.84565],[126.53223,35.93329],[126.52508,35.93578],[126.53142,35.94362],[126.52247,35.94848],[126.52152,35.97242],[126.51292,35.9748],[126.523,35.96837],[126.60959,35.97812],[126.62467,35.97101],[126.62092,35.97873],[126.68414,35.98387],[126.70595,35.99468],[126.72706,35.98166],[126.74615,35.98695],[126.7566,36.01014],[126.74156,36.01194],[126.74805,36.02575],[126.80582,36.03436],[126.8211,36.04992],[126.86804,36.06241],[126.87381,36.11044],[126.88776,36.13795],[126.89776,36.14268],[126.91969,36.1363],[126.95663,36.15657],[126.98081,36.14796],[127.01544,36.14876],[127.02406,36.1365],[127.04484,36.14609],[127.04476,36.13446],[127.06301,36.12522],[127.05697,36.11509],[127.0609,36.08904],[127.12205,36.06303],[127.13212,36.06686],[127.13519,36.08419],[127.14578,36.09029],[127.16874,36.08397],[127.18244,36.09469],[127.19804,36.08579],[127.21173,36.10067],[127.2487,36.08307],[127.25472,36.08744],[127.24605,36.09641],[127.25151,36.11289],[127.27452,36.10743],[127.29394,36.11307],[127.30169,36.1252],[127.31532,36.1191],[127.3228,36.13063],[127.33848,36.1305],[127.35346,36.1134],[127.34769,36.09827],[127.36006,36.08938],[127.36037,36.05452],[127.37364,36.04109],[127.3765,36.02289],[127.40122,36.00874],[127.43456,36.0295],[127.43724,36.00933],[127.45579,35.98382],[127.46837,35.98809],[127.48773,35.97826],[127.49934,35.98738],[127.50671,35.97961],[127.51976,35.98322],[127.53587,35.9949],[127.53884,36.02588],[127.53142,36.04084],[127.57453,36.0233],[127.58977,36.02605],[127.61415,36.0008],[127.61866,36.00798],[127.61074,36.02535],[127.63975,36.03225],[127.63053,36.04215],[127.6191,36.03917],[127.62392,36.06727],[127.64455,36.06681],[127.66441,36.03751],[127.67274,36.04163],[127.66917,36.05115],[127.68902,36.06267],[127.70193,36.03527],[127.76161,36.02518],[127.76505,36.0123],[127.85281,36.03911],[127.87677,36.02251],[127.87549,35.99698],[127.89322,35.98678],[127.88961,35.97966],[127.91137,35.94918],[127.88224,35.92888],[127.88506,35.90961],[127.85954,35.90649],[127.84175,35.86625],[127.82656,35.86835],[127.81392,35.85362],[127.80436,35.85869],[127.76885,35.83831],[127.74445,35.84442],[127.71891,35.79685],[127.67944,35.7685],[127.66582,35.76883],[127.66099,35.70986],[127.645,35.6986],[127.64021,35.67216],[127.6201,35.64614],[127.63534,35.61848],[127.61302,35.60825],[127.61119,35.58389],[127.58486,35.55391],[127.61272,35.53564],[127.62869,35.53598],[127.62521,35.52577],[127.65311,35.48687],[127.63661,35.47821],[127.63669,35.45935],[127.64519,35.44913],[127.67407,35.44572],[127.66047,35.41443],[127.63692,35.40104],[127.62565,35.37691],[127.6102,35.36592],[127.62333,35.34217],[127.62074,35.33249],[127.58567,35.30914],[127.54228,35.3285],[127.50202,35.35836],[127.47077,35.36534],[127.43692,35.36271],[127.38457,35.30246],[127.35426,35.32236],[127.30989,35.30452],[127.28671,35.31402],[127.25717,35.31246],[127.22205,35.33489],[127.2123,35.31684],[127.2036,35.31567],[127.18476,35.32611],[127.18616,35.33695],[127.16087,35.32774],[127.14547,35.30898],[127.10524,35.29923],[127.04309,35.32189],[127.05233,35.34026],[127.07025,35.33964],[127.06517,35.35655],[127.07063,35.36521],[127.05703,35.38379],[127.04373,35.37826],[127.02746,35.39468],[127.04693,35.40219],[127.05232,35.42652],[127.03735,35.43386],[127.03472,35.46657],[127.01429,35.45782],[127.00002,35.46287],[126.99455,35.4398],[126.98163,35.42665],[126.97138,35.42767],[126.9761,35.40005],[126.93561,35.39435],[126.93324,35.40609],[126.91743,35.40214],[126.92078,35.41086],[126.90307,35.42063],[126.89745,35.43475],[126.90511,35.44082],[126.89677,35.44799],[126.86947,35.46189],[126.84068,35.46109],[126.84374,35.47858],[126.82334,35.48691],[126.81388,35.48419],[126.81397,35.4688],[126.7649,35.46706],[126.73772,35.44949],[126.75173,35.43591],[126.7542,35.4165],[126.72247,35.39993],[126.73126,35.37688],[126.71935,35.36499],[126.70462,35.36513],[126.69937,35.34959],[126.68573,35.34424],[126.66644,35.35149],[126.6448,35.31978],[126.62642,35.32135],[126.60417,35.33566],[126.58496,35.33018],[126.58091,35.3173],[126.59068,35.31082],[126.58491,35.30079],[126.55108,35.31368],[126.53232,35.30674],[126.5138,35.32702],[126.52053,35.34835],[126.51276,35.36203],[126.49355,35.35038],[126.49741,35.3732],[126.47738,35.38618],[126.49061,35.39521],[126.49076,35.41288],[126.47603,35.42933],[126.46418,35.42539],[126.44641,35.43531],[126.42933,35.43453],[126.48399,35.52089],[126.49667,35.50961],[126.49382,35.51642],[126.51742,35.53312],[126.5411,35.53404],[126.53683,35.52941],[126.54327,35.53262],[126.54328,35.52321],[126.54759,35.53452],[126.55289,35.53176],[126.54891,35.53757],[126.58707,35.54184],[126.59849,35.52443],[126.59848,35.50814],[126.59411,35.53469],[126.61705,35.55718],[126.61744,35.56959],[126.63384,35.5746],[126.67311,35.55075],[126.68038,35.52532],[126.66864,35.56087],[126.67414,35.56842],[126.65914,35.58643],[126.65119,35.58061],[126.61454,35.59042],[126.60491,35.58496],[126.57531,35.59041],[126.57527,35.58484],[126.52797,35.5793],[126.51518,35.58801],[126.51068,35.57936],[126.49193,35.58623],[126.47645,35.60388],[126.46774,35.59828],[126.46149,35.61282],[126.46974,35.62416],[126.46092,35.62173],[126.47009,35.62963],[126.45843,35.63683],[126.47948,35.64268],[126.52528,35.67553],[126.52558,35.67528]],[[126.64172,35.79492],[126.70688,35.7962],[126.69002,35.84145],[126.68345,35.84202],[126.67455,35.88915],[126.6675,35.88359],[126.63027,35.88589],[126.62971,35.89189],[126.6124,35.88634],[126.61633,35.94249],[126.5938,35.94844],[126.54066,35.94311],[126.49951,35.83776],[126.48063,35.81924],[126.48749,35.81701],[126.51969,35.73762],[126.56805,35.69385],[126.56949,35.68473],[126.56877,35.69281],[126.62862,35.74907],[126.62145,35.78743],[126.63258,35.80008],[126.64172,35.79492]]],[[[126.65497,35.84104],[126.65484,35.84102],[126.65469,35.84103],[126.65497,35.84104]]],[[[126.67387,35.84246],[126.67375,35.84245],[126.67363,35.84251],[126.67387,35.84246]]]]}},{"type":"Feature","properties":{"region":"서울","name":"서울"},"geometry":{"type":"MultiPolygon","coordinates":[[[[126.82434,37.51023],[126.82884,37.52652],[126.82212,37.54068],[126.80624,37.54441],[126.79443,37.53583],[126.79182,37.54375],[126.76449,37.55528],[126.79322,37.57689],[126.79994,37.60254],[126.85363,37.57179],[126.87626,37.57819],[126.88514,37.59375],[126.89975,37.58994],[126.91228,37.64432],[126.9048,37.6492],[126.92412,37.64611],[126.94756,37.65922],[126.95711,37.65284],[126.96333,37.63325],[126.95842,37.62947],[126.98591,37.63579],[126.97966,37.65604],[126.99402,37.66678],[126.9922,37.67963],[127.00866,37.68445],[127.01542,37.70146],[127.02769,37.70094],[127.03241,37.69184],[127.04863,37.69406],[127.0518,37.68581],[127.06339,37.69492],[127.096,37.68907],[127.09269,37.64858],[127.11115,37.64256],[127.10407,37.62165],[127.11572,37.61963],[127.11848,37.60761],[127.10114,37.57607],[127.10493,37.55642],[127.17715,37.5812],[127.182,37.56099],[127.18354,37.54517],[127.16316,37.54499],[127.14061,37.51559],[127.14105,37.50541],[127.16139,37.5002],[127.15851,37.48967],[127.1169,37.45864],[127.10434,37.46217],[127.08786,37.44489],[127.07214,37.44226],[127.06568,37.42899],[127.03557,37.439],[127.03469,37.46415],[127.01451,37.45486],[127.00368,37.46772],[126.97458,37.45441],[126.96294,37.44028],[126.93862,37.43603],[126.9284,37.45021],[126.90299,37.43407],[126.86835,37.49511],[126.84496,37.47347],[126.81463,37.47465],[126.82359,37.48774],[126.81301,37.4964],[126.82418,37.50968],[126.82434,37.51023]]]]}},{"type":"Feature","properties":{"region":"제주","name":"제주"},"geometry":{"type":"MultiPolygon","coordinates":[[[[126.26745,33.11373],[126.26882,33.12289],[126.26752,33.11376],[126.26745,33.11373]]],[[[126.27309,33.17466],[126.27889,33.16803],[126.2708,33.16407],[126.26454,33.16976],[126.27295,33.17471],[126.27309,33.17466]]],[[[126.31419,33.2076],[126.31411,33.20756],[126.314,33.20756],[126.31419,33.2076]]],[[[126.31337,33.21146],[126.31341,33.21144],[126.31355,33.2114],[126.31337,33.21146]]],[[[126.51388,33.21727],[126.51373,33.21724],[126.51373,33.21724],[126.51388,33.21727]]],[[[126.51644,33.2182],[126.5167,33.21754],[126.51557,33.21774],[126.51644,33.2182]]],[[[126.24971,33.22018],[126.24971,33.22017],[126.24975,33.22019],[126.24971,33.22018]]],[[[126.65565,33.22646],[126.65582,33.22634],[126.65589,33.2264],[126.65565,33.22646]]],[[[126.56484,33.22747],[126.56507,33.22744],[126.56536,33.22746],[126.56484,33.22747]]],[[[126.56843,33.22734],[126.56835,33.22733],[126.56828,33.22734],[126.56843,33.22734]]],[[[126.23961,33.2257],[126.23984,33.22562],[126.23988,33.22568],[126.23961,33.2257]]],[[[126.23931,33.2261],[126.2393,33.22608],[126.23925,33.22608],[126.23931,33.2261]]],[[[126.49862,33.23066],[126.49872,33.2306],[126.49873,33.23056],[126.49862,33.23066]]],[[[126.60004,33.23157],[126.60065,33.23086],[126.60066,33.2307],[126.60004,33.23157]]],[[[126.51808,33.23744],[126.51814,33.23745],[126.51827,33.23691],[126.51808,33.23744]]],[[[126.56292,33.23783],[126.56361,33.23705],[126.56374,33.23723],[126.56292,33.23783]]],[[[126.22829,33.23906],[126.22826,33.23902],[126.22745,33.23947],[126.22829,33.23906]]],[[[126.40889,33.24552],[126.40901,33.24547],[126.4091,33.2455],[126.40889,33.24552]]],[[[126.15092,33.30767],[126.15092,33.30761],[126.15086,33.30762],[126.15092,33.30767]]],[[[126.15243,33.30844],[126.15251,33.308],[126.15232,33.30782],[126.15243,33.30844]]],[[[126.15101,33.30818],[126.15102,33.30816],[126.15104,33.30815],[126.15101,33.30818]]],[[[126.15092,33.30877],[126.1509,33.30876],[126.15086,33.30876],[126.15092,33.30877]]],[[[126.15089,33.30894],[126.15093,33.30893],[126.15094,33.30892],[126.15089,33.30894]]],[[[126.14979,33.30915],[126.14977,33.30911],[126.14976,33.30909],[126.14979,33.30915]]],[[[126.14775,33.30925],[126.14776,33.30925],[126.14777,33.30925],[126.14775,33.30925]]],[[[126.14851,33.3096],[126.14855,33.30957],[126.14858,33.30953],[126.14851,33.3096]]],[[[126.14526,33.30965],[126.14523,33.30962],[126.14519,33.30963],[126.14526,33.30965]]],[[[126.16012,33.31064],[126.16004,33.31062],[126.15996,33.31063],[126.16012,33.31064]]],[[[126.16209,33.31127],[126.16156,33.31126],[126.16134,33.31126],[126.16209,33.31127]]],[[[126.16248,33.31163],[126.16244,33.31161],[126.1624,33.31163],[126.16248,33.31163]]],[[[126.16024,33.31204],[126.16025,33.31201],[126.16029,33.31197],[126.16024,33.31204]]],[[[126.15234,33.31288],[126.14412,33.3113],[126.15166,33.31301],[126.15234,33.31288]]],[[[126.17072,33.34224],[126.17051,33.34217],[126.17046,33.34223],[126.17072,33.34224]]],[[[126.16944,33.34253],[126.16944,33.34246],[126.1691,33.34255],[126.16944,33.34253]]],[[[126.1751,33.34369],[126.17499,33.34368],[126.17499,33.34374],[126.1751,33.34369]]],[[[126.18142,33.34591],[126.18133,33.34582],[126.18115,33.34588],[126.18142,33.34591]]],[[[126.90419,33.40215],[126.9041,33.40207],[126.90404,33.40212],[126.90419,33.40215]]],[[[126.90532,33.40188],[126.90446,33.40164],[126.90444,33.40168],[126.90532,33.40188]]],[[[126.22912,33.41181],[126.23105,33.40613],[126.22262,33.40589],[126.22839,33.41203],[126.22912,33.41181]]],[[[126.90611,33.47874],[126.90608,33.47864],[126.90547,33.47878],[126.90611,33.47874]]],[[[126.36366,33.47862],[126.36354,33.47855],[126.36335,33.47866],[126.36366,33.47862]]],[[[126.90281,33.5237],[126.90255,33.52364],[126.90237,33.52389],[126.90281,33.5237]]],[[[126.95314,33.52442],[126.96156,33.51844],[126.9588,33.51245],[126.96988,33.51505],[126.96624,33.49074],[126.94358,33.49504],[126.94129,33.50663],[126.95308,33.52443],[126.95314,33.52442]]],[[[126.24969,33.21839],[126.24965,33.21252],[126.22877,33.24182],[126.20232,33.24658],[126.16875,33.27659],[126.16164,33.29159],[126.16868,33.31644],[126.16184,33.334],[126.16943,33.34558],[126.18214,33.3454],[126.18122,33.35851],[126.20529,33.36847],[126.22205,33.39063],[126.23458,33.38932],[126.25891,33.40903],[126.25313,33.41567],[126.26491,33.41511],[126.26208,33.42246],[126.2519,33.41713],[126.26422,33.42369],[126.26335,33.43582],[126.29932,33.44678],[126.31395,33.46922],[126.33827,33.46707],[126.38551,33.48898],[126.40028,33.48311],[126.42704,33.49587],[126.45235,33.49715],[126.45364,33.5043],[126.49509,33.52064],[126.52831,33.51808],[126.54058,33.5323],[126.52847,33.51708],[126.54286,33.52289],[126.54161,33.52947],[126.55092,33.52034],[126.56209,33.52737],[126.58623,33.52553],[126.59772,33.53768],[126.63532,33.53571],[126.63269,33.54219],[126.64465,33.55552],[126.66719,33.54277],[126.67778,33.55244],[126.68426,33.54774],[126.72756,33.56003],[126.76019,33.55715],[126.76577,33.56573],[126.79821,33.55503],[126.82655,33.55885],[126.82774,33.54386],[126.84078,33.53314],[126.90368,33.52103],[126.89963,33.50949],[126.91154,33.50809],[126.91363,33.49627],[126.90247,33.48633],[126.90361,33.47777],[126.92049,33.46926],[126.92756,33.4757],[126.91486,33.4627],[126.92205,33.46309],[126.92336,33.45511],[126.93591,33.47825],[126.93604,33.46424],[126.94508,33.45884],[126.92473,33.45351],[126.92175,33.4388],[126.93501,33.42936],[126.92914,33.42356],[126.91619,33.43459],[126.91965,33.42742],[126.90287,33.40345],[126.90555,33.39165],[126.8803,33.38275],[126.85913,33.34133],[126.83704,33.32969],[126.84705,33.32088],[126.82902,33.30649],[126.77573,33.30701],[126.74335,33.27885],[126.66112,33.26729],[126.65845,33.27413],[126.66083,33.26859],[126.64394,33.26704],[126.61721,33.24226],[126.59908,33.23617],[126.58593,33.24479],[126.56874,33.24343],[126.56741,33.23284],[126.56171,33.2432],[126.55975,33.23737],[126.52087,33.24141],[126.50818,33.23087],[126.48942,33.2322],[126.49077,33.2258],[126.48012,33.22483],[126.49474,33.22206],[126.48335,33.2219],[126.458,33.24219],[126.43358,33.23394],[126.40868,33.24592],[126.37018,33.23173],[126.33367,33.23414],[126.33605,33.23941],[126.32825,33.23589],[126.3268,33.24141],[126.297,33.22368],[126.29082,33.19541],[126.28459,33.2012],[126.26568,33.19725],[126.26337,33.20986],[126.25655,33.20749],[126.24964,33.21837],[126.24969,33.21839]],[[126.58654,33.52557],[126.58654,33.52557],[126.58658,33.52557],[126.58654,33.52557]],[[126.51047,33.51533],[126.51048,33.51556],[126.51048,33.51552],[126.51047,33.51533]],[[126.51048,33.51566],[126.51048,33.51566],[126.51048,33.51563],[126.51048,33.51566]],[[126.42194,33.49097],[126.42185,33.49091],[126.42195,33.49097],[126.42194,33.49097]],[[126.91634,33.42861],[126.91634,33.4286],[126.91641,33.42848],[126.91634,33.42861]]],[[[126.35945,33.729],[126.35907,33.72866],[126.35865,33.72849],[126.35945,33.729]]],[[[126.31311,33.86678],[126.31304,33.86677],[126.31293,33.86667],[126.31311,33.86678]]],[[[126.30593,33.90465],[126.30599,33.90451],[126.30684,33.90453],[126.30593,33.90465]]],[[[126.33635,33.91555],[126.33603,33.91481],[126.33577,33.91484],[126.33635,33.91555]]],[[[126.63685,33.92129],[126.64225,33.92122],[126.63639,33.92145],[126.63685,33.92129]]],[[[126.32611,33.91529],[126.32557,33.9151],[126.32414,33.91566],[126.32611,33.91529]]],[[[126.39954,33.92078],[126.39944,33.92066],[126.3992,33.92075],[126.39954,33.92078]]],[[[126.33192,33.92761],[126.33183,33.9276],[126.33169,33.92765],[126.33192,33.92761]]],[[[126.31161,33.94062],[126.31198,33.94036],[126.31245,33.94039],[126.31161,33.94062]]],[[[126.30166,33.94348],[126.30167,33.9434],[126.30152,33.94342],[126.30166,33.94348]]],[[[126.3827,33.95258],[126.3824,33.95258],[126.38231,33.95282],[126.3827,33.95258]]],[[[126.3377,33.95656],[126.34164,33.94659],[126.32373,33.94016],[126.32931,33.93061],[126.30404,33.94992],[126.33748,33.95675],[126.3377,33.95656]]],[[[126.33035,33.95704],[126.33016,33.95695],[126.32998,33.95706],[126.33035,33.95704]]],[[[126.32964,33.95996],[126.3295,33.95988],[126.32937,33.95996],[126.32964,33.95996]]],[[[126.28489,33.96101],[126.28421,33.96081],[126.28375,33.96098],[126.28489,33.96101]]],[[[126.3793,33.96561],[126.37867,33.96536],[126.37821,33.96583],[126.3793,33.96561]]],[[[126.28498,33.96734],[126.30007,33.96242],[126.2943,33.96148],[126.3014,33.95272],[126.28428,33.96749],[126.28498,33.96734]]],[[[126.28422,33.96873],[126.28392,33.96826],[126.28362,33.96843],[126.28422,33.96873]]],[[[126.31553,33.97521],[126.31549,33.97509],[126.31517,33.97512],[126.31553,33.97521]]],[[[126.30789,33.97471],[126.30813,33.97454],[126.30818,33.97458],[126.30789,33.97471]]],[[[126.31208,33.97643],[126.31307,33.97588],[126.31305,33.97575],[126.31208,33.97643]]],[[[126.34959,33.98383],[126.35021,33.98377],[126.35093,33.98384],[126.34959,33.98383]]],[[[126.29648,33.98281],[126.29603,33.98272],[126.29551,33.98272],[126.29648,33.98281]]],[[[126.34089,33.98564],[126.34073,33.98561],[126.34062,33.98571],[126.34089,33.98564]]],[[[126.25131,33.9849],[126.25143,33.98408],[126.25174,33.98392],[126.25131,33.9849]]],[[[126.30083,33.98631],[126.30083,33.98613],[126.3006,33.98601],[126.30083,33.98631]]],[[[126.36218,33.98772],[126.36206,33.98771],[126.36189,33.98773],[126.36218,33.98772]]],[[[126.32427,33.9853],[126.31843,33.98827],[126.32402,33.98557],[126.32427,33.9853]]],[[[126.38434,33.99167],[126.38389,33.99166],[126.38351,33.99177],[126.38434,33.99167]]],[[[126.39175,33.99368],[126.39247,33.9935],[126.39305,33.99367],[126.39175,33.99368]]],[[[126.31888,33.99288],[126.31865,33.99272],[126.31838,33.99283],[126.31888,33.99288]]],[[[126.38271,33.99283],[126.38259,33.99259],[126.3821,33.99263],[126.38271,33.99283]]],[[[126.37272,33.99414],[126.37308,33.99405],[126.37364,33.99422],[126.37272,33.99414]]],[[[126.37864,33.99403],[126.37831,33.99402],[126.37791,33.99416],[126.37864,33.99403]]],[[[126.36392,33.99431],[126.36358,33.99431],[126.36347,33.99449],[126.36392,33.99431]]],[[[126.30019,33.99735],[126.29983,33.99732],[126.29968,33.99739],[126.30019,33.99735]]],[[[126.36436,33.99993],[126.36466,33.99986],[126.36522,33.99992],[126.36436,33.99993]]],[[[126.36889,34.00682],[126.36889,34.00665],[126.3681,34.00668],[126.36889,34.00682]]],[[[126.35986,34.00807],[126.35989,34.00796],[126.35989,34.00776],[126.35986,34.00807]]],[[[126.32744,34.0105],[126.32762,34.01029],[126.32765,34.01021],[126.32744,34.0105]]],[[[126.33703,34.01315],[126.35326,34.00625],[126.33162,34.01157],[126.33655,34.01364],[126.33703,34.01315]]],[[[126.30702,34.0151],[126.30694,34.01508],[126.30689,34.01508],[126.30702,34.0151]]]]}},{"type":"Feature","properties":{"region":"광주","name":"광주"},"geometry":{"type":"MultiPolygon","coordinates":[[[[126.76029,35.2587],[126.75526,35.23436],[126.80539,35.21828],[126.87834,35.25131],[126.88962,35.24666],[126.90942,35.25844],[126.92936,35.25245],[126.93228,35.24065],[126.95385,35.22526],[126.9489,35.21908],[126.96554,35.20336],[126.95862,35.19309],[126.96815,35.18114],[126.99997,35.18882],[127.02142,35.17304],[127.00774,35.15593],[127.0113,35.12556],[126.98846,35.11009],[126.98895,35.09499],[126.96281,35.0872],[126.95188,35.07316],[126.9323,35.07439],[126.91802,35.09152],[126.89198,35.07795],[126.85561,35.07836],[126.84414,35.06544],[126.80744,35.0509],[126.79523,35.06112],[126.7749,35.05267],[126.76511,35.06436],[126.75674,35.05824],[126.75414,35.06685],[126.77054,35.07268],[126.76187,35.09103],[126.73266,35.11286],[126.66747,35.10512],[126.6693,35.11202],[126.65193,35.11965],[126.65332,35.14396],[126.6447,35.14661],[126.65422,35.16455],[126.67207,35.1723],[126.6532,35.19252],[126.67715,35.19103],[126.68705,35.21519],[126.70256,35.20756],[126.71769,35.21239],[126.73724,35.25292],[126.75953,35.25859],[126.76029,35.2587]]]]}},{"type":"Feature","properties":{"region":"충남","name":"충남"},"geometry":{"type":"MultiPolygon","coordinates":[[[[126.6027,35.99101],[126.6067,35.99979],[126.60369,35.99112],[126.6027,35.99101]]],[[[126.62624,36.00468],[126.62598,36.00452],[126.62599,36.00437],[126.62624,36.00468]]],[[[126.62856,36.00541],[126.63261,36.00018],[126.6286,36.00578],[126.62856,36.00541]]],[[[126.62271,36.00748],[126.62282,36.00741],[126.62338,36.00742],[126.62271,36.00748]]],[[[126.6114,36.00928],[126.61122,36.00924],[126.6113,36.00946],[126.6114,36.00928]]],[[[126.60888,36.01207],[126.60871,36.01205],[126.6086,36.01207],[126.60888,36.01207]]],[[[126.57668,36.03243],[126.57689,36.03242],[126.57693,36.03243],[126.57668,36.03243]]],[[[126.63139,36.03325],[126.63132,36.03324],[126.63123,36.03324],[126.63139,36.03325]]],[[[126.61452,36.06446],[126.6139,36.06414],[126.61395,36.06481],[126.61452,36.06446]]],[[[126.61227,36.09393],[126.61131,36.09503],[126.6114,36.09508],[126.61227,36.09393]]],[[[126.56492,36.12416],[126.56487,36.1241],[126.56477,36.12411],[126.56492,36.12416]]],[[[126.56743,36.12597],[126.56741,36.1259],[126.56733,36.12586],[126.56743,36.12597]]],[[[126.46902,36.12737],[126.46897,36.12733],[126.46881,36.12733],[126.46902,36.12737]]],[[[126.55253,36.12833],[126.55258,36.12804],[126.55243,36.12777],[126.55253,36.12833]]],[[[126.50992,36.12984],[126.50988,36.12993],[126.50989,36.12993],[126.50992,36.12984]]],[[[126.50554,36.13276],[126.50549,36.13276],[126.50546,36.13278],[126.50554,36.13276]]],[[[126.49326,36.16274],[126.49311,36.16274],[126.49284,36.16282],[126.49326,36.16274]]],[[[126.4932,36.18749],[126.49309,36.18749],[126.49294,36.18749],[126.4932,36.18749]]],[[[126.0899,36.20124],[126.08961,36.20114],[126.08948,36.20118],[126.0899,36.20124]]],[[[126.049,36.20527],[126.06119,36.20062],[126.04999,36.20458],[126.049,36.20527]]],[[[126.04913,36.20671],[126.04909,36.20647],[126.0492,36.20614],[126.04913,36.20671]]],[[[126.4723,36.21129],[126.47232,36.2109],[126.4723,36.2109],[126.4723,36.21129]]],[[[126.05716,36.20914],[126.05747,36.20936],[126.05781,36.20951],[126.05716,36.20914]]],[[[126.0737,36.21032],[126.07367,36.21041],[126.07371,36.2105],[126.0737,36.21032]]],[[[126.0753,36.21026],[126.07513,36.21038],[126.07512,36.21045],[126.0753,36.21026]]],[[[126.48372,36.21458],[126.48387,36.21452],[126.48397,36.21449],[126.48372,36.21458]]],[[[126.06709,36.21088],[126.06723,36.21096],[126.06745,36.21084],[126.06709,36.21088]]],[[[126.04001,36.21091],[126.04005,36.21107],[126.0402,36.21115],[126.04001,36.21091]]],[[[126.01544,36.21397],[126.01537,36.21406],[126.01531,36.21422],[126.01544,36.21397]]],[[[126.01505,36.21399],[126.01497,36.21408],[126.01501,36.21424],[126.01505,36.21399]]],[[[126.01367,36.21426],[126.01389,36.21422],[126.01409,36.21421],[126.01367,36.21426]]],[[[126.52888,36.22001],[126.52883,36.21974],[126.52869,36.21951],[126.52888,36.22001]]],[[[126.11115,36.21661],[126.11101,36.21657],[126.11071,36.21659],[126.11115,36.21661]]],[[[126.10916,36.21737],[126.10888,36.21751],[126.1086,36.21761],[126.10916,36.21737]]],[[[126.02389,36.21855],[126.02394,36.21851],[126.02397,36.21845],[126.02389,36.21855]]],[[[126.06634,36.21916],[126.06804,36.21938],[126.06821,36.21953],[126.06634,36.21916]]],[[[126.03399,36.21885],[126.034,36.21886],[126.03401,36.21887],[126.03399,36.21885]]],[[[126.10536,36.2216],[126.10533,36.22145],[126.10523,36.22129],[126.10536,36.2216]]],[[[126.05434,36.22309],[126.05445,36.22321],[126.05468,36.22328],[126.05434,36.22309]]],[[[125.99853,36.22283],[125.99896,36.22292],[125.99941,36.22314],[125.99853,36.22283]]],[[[126.02456,36.22473],[126.03615,36.21205],[126.02434,36.22466],[126.02456,36.22473]]],[[[126.06449,36.23497],[126.06463,36.23444],[126.06361,36.23468],[126.06449,36.23497]]],[[[126.07754,36.23647],[126.07746,36.23643],[126.07726,36.23666],[126.07754,36.23647]]],[[[126.07032,36.22798],[126.08976,36.23782],[126.09537,36.22853],[126.07693,36.22061],[126.06762,36.22301],[126.07061,36.22757],[126.07032,36.22798]]],[[[125.95698,36.23774],[125.95726,36.23764],[125.95737,36.23757],[125.95698,36.23774]]],[[[125.95721,36.23889],[125.95734,36.23884],[125.95752,36.23873],[125.95721,36.23889]]],[[[125.96862,36.23497],[125.96492,36.22786],[125.95818,36.23073],[125.96896,36.23553],[125.96862,36.23497]]],[[[126.52218,36.24572],[126.5173,36.24187],[126.52139,36.24568],[126.52218,36.24572]]],[[[126.0581,36.23787],[126.04862,36.23833],[126.0585,36.23813],[126.0581,36.23787]]],[[[125.95664,36.24038],[125.95676,36.24037],[125.95718,36.24012],[125.95664,36.24038]]],[[[125.95592,36.24283],[125.95606,36.24277],[125.95624,36.24269],[125.95592,36.24283]]],[[[125.95677,36.24265],[125.9567,36.24264],[125.95659,36.24278],[125.95677,36.24265]]],[[[126.28282,36.25041],[126.2828,36.24428],[126.27708,36.25093],[126.28278,36.25038],[126.28282,36.25041]]],[[[126.10501,36.25351],[126.10484,36.25339],[126.10467,36.25324],[126.10501,36.25351]]],[[[126.38608,36.26073],[126.38626,36.26083],[126.38674,36.26083],[126.38608,36.26073]]],[[[126.29056,36.25804],[126.28999,36.25821],[126.28966,36.2589],[126.29056,36.25804]]],[[[125.99283,36.25876],[125.99256,36.25899],[125.99242,36.25915],[125.99283,36.25876]]],[[[126.27326,36.26753],[126.27295,36.2675],[126.27274,36.26749],[126.27326,36.26753]]],[[[126.25569,36.27225],[126.25501,36.27245],[126.25423,36.27258],[126.25569,36.27225]]],[[[126.27156,36.28],[126.26454,36.26488],[126.26189,36.27566],[126.27088,36.27952],[126.27156,36.28]]],[[[126.22491,36.2808],[126.22378,36.28131],[126.22334,36.28197],[126.22491,36.2808]]],[[[126.21433,36.28284],[126.21387,36.28202],[126.21265,36.28189],[126.21433,36.28284]]],[[[126.19969,36.28488],[126.19991,36.28404],[126.19886,36.28357],[126.19969,36.28488]]],[[[126.20726,36.28599],[126.20721,36.28598],[126.20713,36.28597],[126.20726,36.28599]]],[[[126.29612,36.2941],[126.296,36.29357],[126.29553,36.29339],[126.29612,36.2941]]],[[[126.31955,36.29887],[126.31944,36.29894],[126.31926,36.29922],[126.31955,36.29887]]],[[[126.25733,36.30082],[126.26953,36.30247],[126.25605,36.28854],[126.25723,36.30043],[126.25733,36.30082]]],[[[126.32742,36.30508],[126.32756,36.30534],[126.32785,36.30565],[126.32742,36.30508]]],[[[126.25499,36.30936],[126.25467,36.30919],[126.25429,36.30892],[126.25499,36.30936]]],[[[126.34789,36.31185],[126.35684,36.31005],[126.34744,36.31101],[126.34789,36.31185]]],[[[126.24823,36.31167],[126.24814,36.31115],[126.24792,36.31053],[126.24823,36.31167]]],[[[126.34541,36.31384],[126.34558,36.31368],[126.34599,36.31311],[126.34541,36.31384]]],[[[126.34905,36.31448],[126.349,36.31445],[126.34894,36.31444],[126.34905,36.31448]]],[[[126.36206,36.32817],[126.36169,36.32838],[126.36178,36.32849],[126.36206,36.32817]]],[[[126.50934,36.33294],[126.50503,36.33243],[126.50503,36.33249],[126.50934,36.33294]]],[[[126.39634,36.3395],[126.39644,36.33922],[126.39645,36.33878],[126.39634,36.3395]]],[[[126.27345,36.34638],[126.27334,36.34626],[126.27315,36.34616],[126.27345,36.34638]]],[[[126.36031,36.35408],[126.36109,36.35408],[126.36226,36.35406],[126.36031,36.35408]]],[[[126.36145,36.32869],[126.34026,36.32978],[126.35364,36.35542],[126.36479,36.35243],[126.36026,36.34177],[126.3704,36.33507],[126.36066,36.32956],[126.36145,36.32869]]],[[[126.43381,36.36164],[126.43418,36.36144],[126.43423,36.36139],[126.43381,36.36164]]],[[[126.50832,36.37062],[126.50813,36.36973],[126.50732,36.36976],[126.50832,36.37062]]],[[[126.45548,36.37944],[126.45527,36.3793],[126.45494,36.37941],[126.45548,36.37944]]],[[[126.43105,36.36935],[126.46095,36.36013],[126.44375,36.35546],[126.43293,36.36275],[126.39066,36.36549],[126.38425,36.37643],[126.39735,36.38178],[126.41479,36.37096],[126.41284,36.38088],[126.43089,36.38521],[126.43869,36.37545],[126.43108,36.36933],[126.43105,36.36935]]],[[[126.45999,36.38616],[126.45932,36.38612],[126.45928,36.38642],[126.45999,36.38616]]],[[[126.41206,36.3874],[126.41155,36.38677],[126.41112,36.38728],[126.41206,36.3874]]],[[[126.44513,36.38965],[126.45436,36.37885],[126.44011,36.37886],[126.44478,36.38964],[126.44513,36.38965]]],[[[126.39313,36.38901],[126.39288,36.38895],[126.39241,36.38908],[126.39313,36.38901]]],[[[126.35198,36.3932],[126.35193,36.39305],[126.35155,36.39311],[126.35198,36.3932]]],[[[126.36379,36.37948],[126.3621,36.39148],[126.37045,36.3929],[126.36471,36.37947],[126.36379,36.37948]]],[[[126.34708,36.39374],[126.34682,36.39364],[126.34659,36.39383],[126.34708,36.39374]]],[[[126.42129,36.39583],[126.42118,36.39581],[126.42106,36.39588],[126.42129,36.39583]]],[[[126.46353,36.39905],[126.46416,36.39884],[126.46448,36.39894],[126.46353,36.39905]]],[[[126.41969,36.39863],[126.4194,36.3985],[126.41937,36.39854],[126.41969,36.39863]]],[[[126.43588,36.40032],[126.43016,36.39725],[126.43579,36.40027],[126.43588,36.40032]]],[[[126.46038,36.40188],[126.46027,36.4017],[126.46,36.40174],[126.46038,36.40188]]],[[[126.45999,36.40197],[126.45998,36.40192],[126.45979,36.40195],[126.45999,36.40197]]],[[[126.4598,36.40218],[126.45967,36.40203],[126.4596,36.4021],[126.4598,36.40218]]],[[[126.44025,36.40392],[126.44016,36.40357],[126.44005,36.4036],[126.44025,36.40392]]],[[[126.46905,36.40457],[126.46863,36.40449],[126.4684,36.40457],[126.46905,36.40457]]],[[[126.33517,36.40394],[126.33503,36.4038],[126.3348,36.4038],[126.33517,36.40394]]],[[[126.45887,36.40301],[126.45929,36.40269],[126.45933,36.40256],[126.45887,36.40301]]],[[[126.34008,36.39911],[126.35558,36.4009],[126.33896,36.39482],[126.34381,36.3904],[126.33725,36.38444],[126.34004,36.39915],[126.34008,36.39911]]],[[[126.46136,36.40605],[126.46136,36.40573],[126.46092,36.4058],[126.46136,36.40605]]],[[[126.4368,36.4048],[126.43605,36.40493],[126.43594,36.40519],[126.4368,36.4048]]],[[[126.38922,36.40791],[126.3893,36.40788],[126.38941,36.40792],[126.38922,36.40791]]],[[[126.4685,36.41082],[126.46875,36.41064],[126.46883,36.4105],[126.4685,36.41082]]],[[[126.456,36.41171],[126.45636,36.41157],[126.4564,36.41159],[126.456,36.41171]]],[[[126.46622,36.41233],[126.46596,36.41171],[126.46532,36.41193],[126.46622,36.41233]]],[[[126.46199,36.41305],[126.46146,36.41288],[126.46149,36.41327],[126.46199,36.41305]]],[[[126.3959,36.41302],[126.39567,36.41293],[126.39564,36.41302],[126.3959,36.41302]]],[[[126.46481,36.41397],[126.46544,36.41383],[126.46618,36.41391],[126.46481,36.41397]]],[[[126.45125,36.41554],[126.45092,36.41527],[126.45032,36.41528],[126.45125,36.41554]]],[[[126.46952,36.41693],[126.4698,36.41647],[126.46912,36.41665],[126.46952,36.41693]]],[[[126.46475,36.41744],[126.46428,36.41736],[126.46382,36.41775],[126.46475,36.41744]]],[[[126.46293,36.41986],[126.46337,36.41975],[126.46383,36.41981],[126.46293,36.41986]]],[[[126.20936,36.42759],[126.20943,36.42751],[126.20953,36.42753],[126.20936,36.42759]]],[[[126.20877,36.42791],[126.20895,36.42787],[126.20898,36.4278],[126.20877,36.42791]]],[[[126.43308,36.4319],[126.433,36.43164],[126.43269,36.43175],[126.43308,36.4319]]],[[[126.21331,36.43121],[126.21349,36.431],[126.21358,36.43098],[126.21331,36.43121]]],[[[126.33399,36.43877],[126.33396,36.43836],[126.33378,36.43816],[126.33399,36.43877]]],[[[126.42389,36.44677],[126.42394,36.44668],[126.4239,36.44661],[126.42389,36.44677]]],[[[126.42986,36.44703],[126.42994,36.44699],[126.42993,36.44696],[126.42986,36.44703]]],[[[126.23663,36.45071],[126.23655,36.45061],[126.23639,36.45051],[126.23663,36.45071]]],[[[126.4275,36.45008],[126.42746,36.45008],[126.42729,36.45013],[126.4275,36.45008]]],[[[126.3064,36.45411],[126.30678,36.45409],[126.30697,36.45424],[126.3064,36.45411]]],[[[126.23592,36.45561],[126.23609,36.45549],[126.23621,36.45543],[126.23592,36.45561]]],[[[126.43305,36.46113],[126.43313,36.4611],[126.43326,36.46112],[126.43305,36.46113]]],[[[126.43486,36.46436],[126.43489,36.46412],[126.43476,36.46409],[126.43486,36.46436]]],[[[126.4207,36.46508],[126.4208,36.46506],[126.42094,36.46511],[126.4207,36.46508]]],[[[126.41909,36.46953],[126.41914,36.46943],[126.41926,36.46927],[126.41909,36.46953]]],[[[126.41855,36.47449],[126.41861,36.47448],[126.41865,36.47451],[126.41855,36.47449]]],[[[126.41881,36.47483],[126.41864,36.47473],[126.41864,36.47496],[126.41881,36.47483]]],[[[126.33205,36.50123],[126.33187,36.50116],[126.33174,36.50118],[126.33205,36.50123]]],[[[126.33047,36.50147],[126.33019,36.50135],[126.33006,36.50155],[126.33047,36.50147]]],[[[126.16256,36.5111],[126.15612,36.51075],[126.16276,36.51143],[126.16256,36.5111]]],[[[126.43703,36.51807],[126.43716,36.51802],[126.43719,36.51804],[126.43703,36.51807]]],[[[126.43581,36.51896],[126.43589,36.51891],[126.43592,36.51885],[126.43581,36.51896]]],[[[126.43908,36.52146],[126.44389,36.51648],[126.43895,36.52145],[126.43908,36.52146]]],[[[126.43237,36.52189],[126.43244,36.52186],[126.43251,36.52188],[126.43237,36.52189]]],[[[126.39093,36.52192],[126.39082,36.52187],[126.39065,36.52201],[126.39093,36.52192]]],[[[126.42689,36.52418],[126.42685,36.52415],[126.42672,36.52416],[126.42689,36.52418]]],[[[126.47894,36.5254],[126.4789,36.52537],[126.47886,36.52539],[126.47894,36.5254]]],[[[126.47949,36.52564],[126.47946,36.52563],[126.47945,36.52566],[126.47949,36.52564]]],[[[126.42838,36.52477],[126.42836,36.52465],[126.42826,36.52461],[126.42838,36.52477]]],[[[126.43097,36.52581],[126.43084,36.52577],[126.43076,36.52581],[126.43097,36.52581]]],[[[126.43288,36.52644],[126.43291,36.52625],[126.43291,36.5261],[126.43288,36.52644]]],[[[126.42642,36.52751],[126.42634,36.52746],[126.42627,36.52746],[126.42642,36.52751]]],[[[126.42652,36.5283],[126.42645,36.52814],[126.42641,36.52815],[126.42652,36.5283]]],[[[126.38386,36.53896],[126.38388,36.53888],[126.38391,36.53872],[126.38386,36.53896]]],[[[126.38312,36.53952],[126.38299,36.5395],[126.38288,36.53956],[126.38312,36.53952]]],[[[126.38284,36.54008],[126.38269,36.54003],[126.3825,36.54017],[126.38284,36.54008]]],[[[126.38798,36.54758],[126.38781,36.54752],[126.38764,36.54758],[126.38798,36.54758]]],[[[126.38792,36.5491],[126.38769,36.54884],[126.38761,36.54886],[126.38792,36.5491]]],[[[126.4627,36.55092],[126.46247,36.55033],[126.46242,36.55034],[126.4627,36.55092]]],[[[126.37958,36.56058],[126.37979,36.56043],[126.37994,36.56032],[126.37958,36.56058]]],[[[126.37992,36.56144],[126.37978,36.56124],[126.37955,36.56129],[126.37992,36.56144]]],[[[126.37136,36.56593],[126.3713,36.56594],[126.37134,36.56611],[126.37136,36.56593]]],[[[126.3691,36.56832],[126.36906,36.56829],[126.36901,36.56829],[126.3691,36.56832]]],[[[126.19165,36.57149],[126.19237,36.57118],[126.1932,36.57126],[126.19165,36.57149]]],[[[126.1766,36.57118],[126.17642,36.57098],[126.17644,36.57079],[126.1766,36.57118]]],[[[126.18996,36.57174],[126.19015,36.57146],[126.18999,36.57119],[126.18996,36.57174]]],[[[126.44915,36.57763],[126.44904,36.57763],[126.44898,36.57764],[126.44915,36.57763]]],[[[126.29366,36.57887],[126.2928,36.57828],[126.29271,36.57863],[126.29366,36.57887]]],[[[126.19753,36.58265],[126.19779,36.57725],[126.19709,36.58248],[126.19753,36.58265]]],[[[126.20304,36.58445],[126.20274,36.58441],[126.2024,36.58448],[126.20304,36.58445]]],[[[126.45485,36.58803],[126.45478,36.58801],[126.45415,36.58928],[126.45485,36.58803]]],[[[126.38755,36.5919],[126.3876,36.59176],[126.38757,36.59171],[126.38755,36.5919]]],[[[126.38732,36.59522],[126.38701,36.59493],[126.38692,36.595],[126.38732,36.59522]]],[[[126.19803,36.59588],[126.20304,36.59081],[126.19771,36.59602],[126.19803,36.59588]]],[[[126.41122,36.6035],[126.41104,36.60347],[126.41101,36.60349],[126.41122,36.6035]]],[[[126.3766,36.59854],[126.38527,36.60384],[126.38082,36.59164],[126.37669,36.59847],[126.3766,36.59854]]],[[[126.38197,36.60688],[126.38207,36.60704],[126.38215,36.60712],[126.38197,36.60688]]],[[[126.24348,36.60774],[126.24206,36.58836],[126.23437,36.59704],[126.24337,36.60811],[126.24348,36.60774]]],[[[126.37136,36.56593],[126.37969,36.54945],[126.37569,36.53344],[126.38657,36.52666],[126.37797,36.51929],[126.402,36.50626],[126.39888,36.48821],[126.40984,36.49275],[126.40865,36.47455],[126.41724,36.46348],[126.40642,36.45322],[126.43182,36.43739],[126.43488,36.42035],[126.42217,36.41004],[126.42748,36.39929],[126.38999,36.42195],[126.37965,36.42052],[126.37671,36.41274],[126.3842,36.4094],[126.36259,36.41561],[126.35106,36.42554],[126.36393,36.44134],[126.33363,36.44284],[126.34339,36.47323],[126.33958,36.47993],[126.32533,36.4685],[126.33889,36.50483],[126.32922,36.50327],[126.32604,36.52146],[126.33431,36.55601],[126.31404,36.57178],[126.31278,36.58314],[126.32353,36.58373],[126.32228,36.59845],[126.35999,36.61274],[126.37598,36.5878],[126.3753,36.57882],[126.35861,36.5722],[126.37118,36.56582],[126.37136,36.56593]]],[[[126.37549,36.61697],[126.37491,36.61696],[126.37399,36.61781],[126.37549,36.61697]]],[[[125.54287,36.61444],[125.5472,36.60889],[125.54267,36.61449],[125.54287,36.61444]]],[[[125.57402,36.62093],[125.58077,36.61277],[125.57345,36.62163],[125.57402,36.62093]]],[[[126.30039,36.63574],[126.3005,36.63562],[126.30065,36.63563],[126.30039,36.63574]]],[[[125.55821,36.62493],[125.55781,36.6253],[125.55762,36.62552],[125.55821,36.62493]]],[[[125.713,36.63169],[125.71366,36.63138],[125.71375,36.63161],[125.713,36.63169]]],[[[126.08694,36.63648],[126.08702,36.63618],[126.08702,36.6361],[126.08694,36.63648]]],[[[126.08845,36.63861],[126.08828,36.63853],[126.08807,36.63854],[126.08845,36.63861]]],[[[126.11964,36.64251],[126.12017,36.64235],[126.12073,36.6424],[126.11964,36.64251]]],[[[126.12571,36.64293],[126.12601,36.64289],[126.1262,36.6429],[126.12571,36.64293]]],[[[126.12549,36.64614],[126.12531,36.64611],[126.12521,36.64612],[126.12549,36.64614]]],[[[126.00929,36.64924],[126.00951,36.64898],[126.00949,36.6489],[126.00929,36.64924]]],[[[125.69218,36.64429],[125.6993,36.63886],[125.69217,36.64459],[125.69218,36.64429]]],[[[125.85017,36.65298],[125.84954,36.65286],[125.84885,36.65319],[125.85017,36.65298]]],[[[125.84927,36.65415],[125.84912,36.65411],[125.84893,36.65469],[125.84927,36.65415]]],[[[125.84565,36.65712],[125.84577,36.65706],[125.84605,36.65711],[125.84565,36.65712]]],[[[126.11257,36.66128],[126.11237,36.66127],[126.1123,36.66129],[126.11257,36.66128]]],[[[125.82519,36.66059],[125.82475,36.66039],[125.82388,36.65952],[125.82519,36.66059]]],[[[125.8605,36.66344],[125.86113,36.66319],[125.86182,36.66333],[125.8605,36.66344]]],[[[126.25783,36.66765],[126.25711,36.6675],[126.2577,36.66817],[126.25783,36.66765]]],[[[126.26977,36.66897],[126.26981,36.66897],[126.26983,36.66894],[126.26977,36.66897]]],[[[125.74493,36.6643],[125.74698,36.66406],[125.747,36.66381],[125.74493,36.6643]]],[[[125.86151,36.66599],[125.85524,36.66475],[125.86145,36.66611],[125.86151,36.66599]]],[[[126.03553,36.66846],[126.0355,36.66833],[126.03544,36.66821],[126.03553,36.66846]]],[[[126.15277,36.67192],[126.15248,36.67173],[126.15239,36.67175],[126.15277,36.67192]]],[[[126.18894,36.67295],[126.18911,36.67272],[126.18919,36.67245],[126.18894,36.67295]]],[[[126.17365,36.67257],[126.17335,36.67247],[126.17307,36.67249],[126.17365,36.67257]]],[[[126.1534,36.67344],[126.15323,36.6734],[126.15282,36.67346],[126.1534,36.67344]]],[[[126.26146,36.67447],[126.2613,36.67444],[126.26116,36.67445],[126.26146,36.67447]]],[[[126.15255,36.67405],[126.15223,36.67393],[126.15231,36.67403],[126.15255,36.67405]]],[[[126.12523,36.67698],[126.12525,36.67482],[126.1253,36.67482],[126.12523,36.67698]]],[[[126.21485,36.68625],[126.21466,36.68616],[126.21447,36.68621],[126.21485,36.68625]]],[[[126.1498,36.67752],[126.13187,36.66875],[126.12728,36.67596],[126.13628,36.67562],[126.13512,36.68494],[126.12395,36.679],[126.13461,36.68793],[126.13635,36.68249],[126.1485,36.68597],[126.14979,36.67755],[126.1498,36.67752]]],[[[126.05463,36.67542],[126.07677,36.67963],[126.08699,36.68973],[126.08099,36.67246],[126.05209,36.66748],[126.05444,36.67511],[126.05463,36.67542]]],[[[126.23832,36.70126],[126.23824,36.70123],[126.2382,36.70126],[126.23832,36.70126]]],[[[126.11078,36.70292],[126.11073,36.70288],[126.11058,36.70288],[126.11078,36.70292]]],[[[126.1117,36.70293],[126.11154,36.70281],[126.11143,36.70287],[126.1117,36.70293]]],[[[126.10368,36.70322],[126.10378,36.70321],[126.10389,36.70317],[126.10368,36.70322]]],[[[126.09324,36.70368],[126.09305,36.70354],[126.093,36.7036],[126.09324,36.70368]]],[[[126.11434,36.70764],[126.11445,36.70746],[126.11447,36.70742],[126.11434,36.70764]]],[[[126.11372,36.70638],[126.11376,36.70649],[126.11376,36.70658],[126.11372,36.70638]]],[[[126.24242,36.71069],[126.24237,36.71049],[126.24226,36.71046],[126.24242,36.71069]]],[[[126.1901,36.71583],[126.18979,36.71577],[126.18961,36.71581],[126.1901,36.71583]]],[[[126.14653,36.71963],[126.1465,36.71938],[126.14643,36.71938],[126.14653,36.71963]]],[[[126.1416,36.72136],[126.14158,36.72128],[126.14153,36.72129],[126.1416,36.72136]]],[[[126.14189,36.72132],[126.14185,36.72131],[126.14181,36.7214],[126.14189,36.72132]]],[[[126.20947,36.72215],[126.20943,36.72214],[126.2091,36.72242],[126.20947,36.72215]]],[[[126.20991,36.72309],[126.20969,36.72285],[126.20943,36.72295],[126.20991,36.72309]]],[[[126.13881,36.72263],[126.13878,36.72262],[126.13874,36.72259],[126.13881,36.72263]]],[[[126.14053,36.72383],[126.1405,36.72378],[126.14046,36.72371],[126.14053,36.72383]]],[[[125.94694,36.72735],[125.9421,36.72139],[125.94635,36.72768],[125.94694,36.72735]]],[[[126.12617,36.75053],[126.1265,36.75062],[126.12651,36.75044],[126.12617,36.75053]]],[[[126.1578,36.75224],[126.1588,36.747],[126.15773,36.75257],[126.1578,36.75224]]],[[[126.13962,36.80335],[126.14383,36.80012],[126.13947,36.8034],[126.13962,36.80335]]],[[[126.30704,36.81877],[126.30704,36.81864],[126.30721,36.81865],[126.30704,36.81877]]],[[[126.32855,36.81992],[126.32856,36.81968],[126.32863,36.81959],[126.32855,36.81992]]],[[[126.31197,36.81945],[126.31177,36.81914],[126.31163,36.81916],[126.31197,36.81945]]],[[[126.3338,36.82318],[126.3336,36.82308],[126.33323,36.823],[126.3338,36.82318]]],[[[126.17459,36.84316],[126.17484,36.84295],[126.17506,36.8429],[126.17459,36.84316]]],[[[126.29863,36.84932],[126.29846,36.84927],[126.29819,36.84927],[126.29863,36.84932]]],[[[126.32013,36.85454],[126.32011,36.85441],[126.32001,36.85433],[126.32013,36.85454]]],[[[126.34887,36.8566],[126.34849,36.85659],[126.34845,36.8566],[126.34887,36.8566]]],[[[126.32526,36.85702],[126.32507,36.85696],[126.32498,36.85698],[126.32526,36.85702]]],[[[126.35095,36.8575],[126.35076,36.85743],[126.35055,36.85743],[126.35095,36.8575]]],[[[126.19119,36.85688],[126.19131,36.85672],[126.19131,36.85666],[126.19119,36.85688]]],[[[126.31097,36.85979],[126.31059,36.85943],[126.31007,36.85982],[126.31097,36.85979]]],[[[126.31645,36.86445],[126.31636,36.86451],[126.31632,36.86466],[126.31645,36.86445]]],[[[126.31472,36.86599],[126.30715,36.86158],[126.31433,36.86617],[126.31472,36.86599]]],[[[126.18448,36.86698],[126.18424,36.86694],[126.18414,36.86701],[126.18448,36.86698]]],[[[126.36246,36.8702],[126.36214,36.8699],[126.3614,36.87012],[126.36246,36.8702]]],[[[126.18123,36.88068],[126.18132,36.88059],[126.18135,36.88059],[126.18123,36.88068]]],[[[126.36692,36.88854],[126.36682,36.88853],[126.36674,36.88853],[126.36692,36.88854]]],[[[126.38395,36.8928],[126.38422,36.89269],[126.38434,36.89276],[126.38395,36.8928]]],[[[126.39285,36.89321],[126.39278,36.89318],[126.39267,36.89318],[126.39285,36.89321]]],[[[126.38721,36.89377],[126.38717,36.89377],[126.38712,36.8938],[126.38721,36.89377]]],[[[126.40307,36.89683],[126.40281,36.8968],[126.40263,36.89681],[126.40307,36.89683]]],[[[126.40299,36.89877],[126.4032,36.89861],[126.40321,36.89859],[126.40299,36.89877]]],[[[126.1517,36.89806],[126.15128,36.89793],[126.15003,36.89807],[126.1517,36.89806]]],[[[126.19926,36.90079],[126.19946,36.90074],[126.1997,36.90075],[126.19926,36.90079]]],[[[126.32535,36.90251],[126.32535,36.90238],[126.32529,36.90239],[126.32535,36.90251]]],[[[126.41459,36.90457],[126.41457,36.90448],[126.41445,36.90449],[126.41459,36.90457]]],[[[126.32452,36.90583],[126.32454,36.90577],[126.32458,36.90577],[126.32452,36.90583]]],[[[126.20296,36.90451],[126.20359,36.9047],[126.20366,36.90454],[126.20296,36.90451]]],[[[126.40961,36.91428],[126.40931,36.91414],[126.40871,36.91435],[126.40961,36.91428]]],[[[126.33584,36.91429],[126.34471,36.90144],[126.32642,36.91437],[126.33585,36.91445],[126.33584,36.91429]]],[[[126.25283,36.91417],[126.25203,36.91405],[126.25198,36.9141],[126.25283,36.91417]]],[[[126.31644,36.91502],[126.31646,36.91501],[126.31652,36.91502],[126.31644,36.91502]]],[[[126.3525,36.91888],[126.35266,36.91884],[126.35322,36.91904],[126.3525,36.91888]]],[[[126.41272,36.92056],[126.41265,36.92053],[126.41263,36.92069],[126.41272,36.92056]]],[[[126.18236,36.92383],[126.18233,36.92359],[126.18214,36.92363],[126.18236,36.92383]]],[[[126.16325,36.92401],[126.16181,36.92381],[126.16169,36.92431],[126.16325,36.92401]]],[[[126.38974,36.92841],[126.38998,36.9283],[126.39007,36.92834],[126.38974,36.92841]]],[[[126.37843,36.9283],[126.39003,36.92343],[126.37346,36.91692],[126.37097,36.92692],[126.37839,36.92833],[126.37843,36.9283]]],[[[126.39565,36.92997],[126.39573,36.92995],[126.39585,36.92995],[126.39565,36.92997]]],[[[126.16972,36.92718],[126.16801,36.92664],[126.16678,36.92705],[126.16972,36.92718]]],[[[126.35778,36.93283],[126.35237,36.92891],[126.35713,36.9327],[126.35778,36.93283]]],[[[126.34022,36.93038],[126.34025,36.93022],[126.34035,36.93022],[126.34022,36.93038]]],[[[126.15983,36.9331],[126.15989,36.93299],[126.15998,36.93279],[126.15983,36.9331]]],[[[126.41055,36.93503],[126.41034,36.93496],[126.41016,36.93497],[126.41055,36.93503]]],[[[126.35713,36.93653],[126.35717,36.93648],[126.35715,36.93644],[126.35713,36.93653]]],[[[126.19033,36.93513],[126.19046,36.93506],[126.19076,36.93507],[126.19033,36.93513]]],[[[126.33716,36.93693],[126.33683,36.93683],[126.33669,36.93704],[126.33716,36.93693]]],[[[126.31315,36.93917],[126.30731,36.93705],[126.31316,36.93947],[126.31315,36.93917]]],[[[126.80966,36.94029],[126.80624,36.94942],[126.80971,36.9403],[126.80966,36.94029]]],[[[126.34839,36.95253],[126.34832,36.95244],[126.34792,36.95242],[126.34839,36.95253]]],[[[126.16964,36.95897],[126.16933,36.9588],[126.16908,36.95871],[126.16964,36.95897]]],[[[126.30847,36.96014],[126.30801,36.95986],[126.30759,36.95993],[126.30847,36.96014]]],[[[126.81648,36.96568],[126.81642,36.9656],[126.81638,36.96566],[126.81648,36.96568]]],[[[126.28434,36.96237],[126.28416,36.96229],[126.28396,36.96244],[126.28434,36.96237]]],[[[126.82109,36.95907],[126.82169,36.96848],[126.83294,36.94935],[126.84111,36.95296],[126.82918,36.94756],[126.82109,36.95907]]],[[[126.35185,37.00631],[126.35158,37.00675],[126.35271,37.00762],[126.35185,37.00631]]],[[[126.38693,37.0148],[126.38718,37.01411],[126.38661,37.01422],[126.38693,37.0148]]],[[[126.45091,37.01672],[126.45088,37.01703],[126.45089,37.01707],[126.45091,37.01672]]],[[[126.5742,37.0242],[126.57407,37.0241],[126.57401,37.02427],[126.5742,37.0242]]],[[[126.45077,37.02123],[126.45057,37.02119],[126.45022,37.02131],[126.45077,37.02123]]],[[[126.4314,37.02122],[126.42303,37.02485],[126.43136,37.02272],[126.4314,37.02122]]],[[[126.38834,37.02593],[126.38358,37.02269],[126.38822,37.02635],[126.38834,37.02593]]],[[[126.44786,37.03086],[126.44738,37.0307],[126.446,37.03126],[126.44786,37.03086]]],[[[126.43868,37.03347],[126.43912,37.03323],[126.43947,37.03297],[126.43868,37.03347]]],[[[126.56308,37.03609],[126.56427,37.03558],[126.56421,37.03549],[126.56308,37.03609]]],[[[126.45535,37.03684],[126.45548,37.03701],[126.4556,37.03707],[126.45535,37.03684]]],[[[126.45588,37.03755],[126.4559,37.03761],[126.45596,37.03766],[126.45588,37.03755]]],[[[126.45614,37.03784],[126.45628,37.0379],[126.45633,37.03779],[126.45614,37.03784]]],[[[126.45526,37.04081],[126.45529,37.04085],[126.45532,37.04086],[126.45526,37.04081]]],[[[126.45604,37.04092],[126.45607,37.04098],[126.45613,37.041],[126.45604,37.04092]]],[[[126.45035,37.03637],[126.44065,37.0364],[126.45517,37.04071],[126.45085,37.03568],[126.45035,37.03637]]],[[[126.41173,37.05325],[126.41171,37.05294],[126.4115,37.05272],[126.41173,37.05325]]],[[[126.44972,37.05448],[126.44971,37.05451],[126.44969,37.05451],[126.44972,37.05448]]],[[[126.40448,37.06132],[126.40396,37.06099],[126.40354,37.061],[126.40448,37.06132]]],[[[126.74062,36.98525],[126.78338,36.97451],[126.77959,36.9668],[126.79153,36.9368],[126.80237,36.92444],[126.81102,36.9267],[126.81664,36.89646],[126.86285,36.87969],[126.91244,36.8894],[126.90971,36.9016],[126.91674,36.90621],[126.99518,36.93536],[127.03104,36.92809],[127.08621,36.94774],[127.09543,36.9422],[127.103,36.95308],[127.09643,36.95942],[127.1131,36.97307],[127.13611,36.96556],[127.15888,36.96992],[127.15543,36.9644],[127.20214,36.95171],[127.21045,36.93054],[127.27429,36.91344],[127.28455,36.89532],[127.31121,36.88034],[127.3073,36.8597],[127.33654,36.85462],[127.33454,36.83067],[127.35445,36.82947],[127.40118,36.79875],[127.3955,36.78248],[127.41295,36.77322],[127.4197,36.75766],[127.4042,36.74485],[127.38637,36.75929],[127.36959,36.76158],[127.33551,36.75264],[127.34247,36.73282],[127.3283,36.73456],[127.30944,36.72458],[127.3084,36.70481],[127.28526,36.69061],[127.24805,36.69505],[127.20312,36.72615],[127.16469,36.73382],[127.12777,36.70883],[127.14175,36.68998],[127.15711,36.69566],[127.16144,36.69022],[127.16412,36.6785],[127.15436,36.66442],[127.16057,36.65612],[127.15314,36.64521],[127.1605,36.62445],[127.15005,36.61901],[127.15588,36.60601],[127.19135,36.59394],[127.19296,36.58082],[127.20775,36.57796],[127.18611,36.55232],[127.19183,36.54603],[127.17424,36.54219],[127.18235,36.52144],[127.16999,36.50904],[127.17856,36.50258],[127.17683,36.49248],[127.19508,36.48895],[127.19202,36.47467],[127.20473,36.45929],[127.19893,36.43988],[127.24452,36.41834],[127.2508,36.40676],[127.26261,36.41668],[127.2821,36.415],[127.28104,36.37487],[127.27057,36.36086],[127.27913,36.34483],[127.25975,36.32725],[127.25985,36.29565],[127.24665,36.29096],[127.25877,36.27605],[127.29175,36.26469],[127.27915,36.25311],[127.28184,36.2358],[127.29732,36.22152],[127.30357,36.22974],[127.31446,36.22241],[127.32304,36.20373],[127.33355,36.20067],[127.3317,36.18406],[127.3642,36.2189],[127.3595,36.26259],[127.37246,36.27218],[127.39026,36.26227],[127.38734,36.23415],[127.40071,36.23316],[127.408,36.21289],[127.4411,36.19479],[127.45559,36.2008],[127.47786,36.22967],[127.53257,36.25089],[127.54944,36.23933],[127.54533,36.22551],[127.57955,36.2328],[127.59778,36.2175],[127.59306,36.17738],[127.60166,36.16002],[127.58944,36.13446],[127.6191,36.10889],[127.61727,36.09358],[127.6383,36.06794],[127.62055,36.06421],[127.6191,36.03917],[127.63053,36.04215],[127.63975,36.03225],[127.61074,36.02535],[127.61866,36.00798],[127.61415,36.0008],[127.58977,36.02605],[127.57453,36.0233],[127.53316,36.04113],[127.53666,35.99645],[127.50889,35.97978],[127.49934,35.98738],[127.48773,35.97826],[127.46837,35.98809],[127.45579,35.98382],[127.43724,36.00933],[127.43456,36.0295],[127.39751,36.01025],[127.3765,36.02289],[127.37364,36.04109],[127.36037,36.05452],[127.36006,36.08938],[127.34769,36.09827],[127.35492,36.10834],[127.33848,36.1305],[127.3228,36.13063],[127.31532,36.1191],[127.30169,36.1252],[127.29394,36.11307],[127.27452,36.10743],[127.25151,36.11289],[127.24605,36.09641],[127.25472,36.08744],[127.2487,36.08307],[127.21173,36.10067],[127.19804,36.08579],[127.18244,36.09469],[127.16874,36.08397],[127.14578,36.09029],[127.13519,36.08419],[127.13212,36.06686],[127.12205,36.06303],[127.0609,36.08904],[127.05697,36.11509],[127.06301,36.12522],[127.04476,36.13446],[127.04484,36.14609],[127.02406,36.1365],[127.01544,36.14876],[126.98081,36.14796],[126.95663,36.15657],[126.91969,36.1363],[126.89776,36.14268],[126.88776,36.13795],[126.87381,36.11044],[126.86553,36.06093],[126.8211,36.04992],[126.80582,36.03436],[126.74805,36.02575],[126.73648,36.00043],[126.67707,36.00906],[126.66706,36.00452],[126.66105,36.00586],[126.65965,36.02878],[126.66875,36.0312],[126.64369,36.05653],[126.63159,36.05373],[126.63144,36.07628],[126.61962,36.07763],[126.64672,36.08835],[126.64544,36.09397],[126.63197,36.09158],[126.63199,36.09969],[126.62041,36.10227],[126.61195,36.09513],[126.59121,36.12908],[126.57004,36.14067],[126.55627,36.12914],[126.53458,36.15029],[126.50745,36.15075],[126.50085,36.14083],[126.50877,36.12947],[126.49436,36.13354],[126.4926,36.15966],[126.52204,36.16213],[126.52838,36.17497],[126.52424,36.18552],[126.53971,36.19965],[126.53007,36.23862],[126.54855,36.26542],[126.50099,36.32482],[126.56159,36.35101],[126.58864,36.34541],[126.54596,36.35509],[126.51023,36.38088],[126.50109,36.37986],[126.50811,36.38758],[126.47958,36.38509],[126.49181,36.42135],[126.50036,36.42183],[126.49551,36.42585],[126.53169,36.44096],[126.52425,36.44671],[126.4982,36.4327],[126.50026,36.44489],[126.48658,36.45295],[126.4901,36.46831],[126.47939,36.4887],[126.48819,36.52657],[126.47386,36.53879],[126.46635,36.53484],[126.46277,36.54942],[126.47387,36.56042],[126.46686,36.56217],[126.4643,36.58354],[126.45646,36.59521],[126.4097,36.60484],[126.41491,36.61486],[126.36612,36.62707],[126.3449,36.61671],[126.33673,36.62048],[126.31379,36.5882],[126.29638,36.60115],[126.30411,36.59423],[126.29289,36.58399],[126.28339,36.59414],[126.29036,36.60199],[126.28346,36.62218],[126.29133,36.62084],[126.28871,36.61505],[126.30129,36.62639],[126.29699,36.65974],[126.28072,36.67417],[126.26548,36.67227],[126.26142,36.69434],[126.27333,36.70355],[126.2708,36.7265],[126.2796,36.73271],[126.25111,36.71446],[126.23492,36.71807],[126.24023,36.70506],[126.23082,36.69288],[126.20899,36.69386],[126.19658,36.68511],[126.19591,36.67559],[126.15553,36.67708],[126.14731,36.7028],[126.16194,36.70688],[126.16696,36.71674],[126.2074,36.70517],[126.22355,36.72243],[126.21494,36.72728],[126.20229,36.72149],[126.21134,36.74135],[126.199,36.73737],[126.18277,36.746],[126.18501,36.75318],[126.16634,36.75853],[126.14074,36.75403],[126.15054,36.74793],[126.15106,36.7323],[126.12088,36.70762],[126.13431,36.74838],[126.12246,36.75376],[126.12316,36.76477],[126.11233,36.77239],[126.13122,36.7733],[126.13067,36.78589],[126.14527,36.78913],[126.15074,36.80316],[126.1446,36.80907],[126.15442,36.81019],[126.15042,36.8164],[126.16099,36.82659],[126.14713,36.83784],[126.15529,36.83765],[126.14987,36.84565],[126.15779,36.8483],[126.1711,36.8405],[126.17165,36.81169],[126.17902,36.8123],[126.19928,36.7833],[126.19545,36.80555],[126.18748,36.80557],[126.18184,36.81972],[126.1888,36.82507],[126.17794,36.83228],[126.19958,36.85659],[126.18476,36.86901],[126.19146,36.8723],[126.18809,36.88314],[126.1789,36.8858],[126.19726,36.88583],[126.20409,36.90447],[126.21252,36.89876],[126.24803,36.91353],[126.27718,36.89724],[126.29249,36.90107],[126.28462,36.90708],[126.29478,36.92913],[126.2854,36.96457],[126.30197,36.97779],[126.30578,36.96677],[126.29192,36.96238],[126.31176,36.95499],[126.30092,36.94389],[126.30947,36.92975],[126.30132,36.92969],[126.29983,36.91923],[126.31941,36.90465],[126.31932,36.89196],[126.33166,36.89182],[126.31301,36.88416],[126.29545,36.8528],[126.29395,36.84226],[126.31681,36.83695],[126.28229,36.82499],[126.28704,36.79948],[126.30493,36.81466],[126.33749,36.81623],[126.33718,36.8278],[126.32665,36.82672],[126.32822,36.83764],[126.31752,36.84235],[126.33159,36.86292],[126.34754,36.86092],[126.34195,36.84718],[126.36549,36.8295],[126.35608,36.84945],[126.37042,36.85714],[126.36429,36.8765],[126.39773,36.88054],[126.39623,36.89301],[126.43439,36.9014],[126.40894,36.90919],[126.40512,36.92244],[126.41455,36.91912],[126.42031,36.93854],[126.41004,36.94171],[126.40862,36.93346],[126.393,36.93567],[126.39102,36.92968],[126.37197,36.95114],[126.3597,36.93877],[126.36201,36.9497],[126.35099,36.95261],[126.35026,36.9616],[126.33374,36.96138],[126.33511,36.97257],[126.3624,36.96885],[126.37029,36.96021],[126.38992,36.96996],[126.37596,36.97403],[126.3823,36.98066],[126.33173,36.98534],[126.32721,36.99866],[126.35847,37.01182],[126.36118,37.00635],[126.41778,37.01201],[126.42078,37.01981],[126.41781,37.0149],[126.43168,37.00839],[126.45202,37.00694],[126.45457,36.99783],[126.47053,37.00686],[126.46041,37.0204],[126.49675,37.05281],[126.49843,37.06475],[126.51921,37.05912],[126.54124,37.03516],[126.56116,37.03691],[126.56047,37.03035],[126.56555,37.03582],[126.56327,37.02809],[126.63175,37.00189],[126.69554,37.0017],[126.71807,36.9931],[126.72003,36.98119],[126.71928,36.99166],[126.74054,36.98523],[126.74062,36.98525]],[[126.22463,36.88642],[126.23214,36.87943],[126.24008,36.88304],[126.24815,36.90432],[126.22463,36.88642]]],[[[126.44759,37.04518],[126.42199,37.04111],[126.41874,37.06343],[126.4357,37.05702],[126.44361,37.06156],[126.44764,37.04488],[126.44759,37.04518]]]]}},{"type":"Feature","properties":{"region":"경기","name":"경기"},"geometry":{"type":"MultiPolygon","coordinates":[[[[126.73091,37.04638],[126.73144,37.04551],[126.73069,37.04554],[126.73091,37.04638]]],[[[126.54963,37.05345],[126.54909,37.05298],[126.54894,37.05312],[126.54963,37.05345]]],[[[126.55234,37.05874],[126.56059,37.06123],[126.55213,37.05861],[126.55234,37.05874]]],[[[126.55504,37.06838],[126.55482,37.0683],[126.55463,37.0684],[126.55504,37.06838]]],[[[126.46418,37.08217],[126.46427,37.08218],[126.46441,37.0821],[126.46418,37.08217]]],[[[126.4601,37.09015],[126.46058,37.08855],[126.4604,37.08857],[126.4601,37.09015]]],[[[126.44857,37.10443],[126.45269,37.09581],[126.4483,37.10426],[126.44857,37.10443]]],[[[126.53746,37.11243],[126.53843,37.09445],[126.53734,37.11239],[126.53746,37.11243]]],[[[126.45322,37.11088],[126.45307,37.11067],[126.45302,37.11079],[126.45322,37.11088]]],[[[126.53708,37.11253],[126.53626,37.11301],[126.53559,37.11309],[126.53708,37.11253]]],[[[126.38793,37.11473],[126.39486,37.11248],[126.39233,37.0991],[126.38017,37.10656],[126.38725,37.11507],[126.38793,37.11473]]],[[[126.45356,37.11725],[126.4539,37.1168],[126.454,37.11682],[126.45356,37.11725]]],[[[126.52828,37.12081],[126.52827,37.12091],[126.52829,37.12098],[126.52828,37.12081]]],[[[126.67154,37.12342],[126.67146,37.12338],[126.67139,37.12341],[126.67154,37.12342]]],[[[126.61132,37.10977],[126.61126,37.10977],[126.6112,37.10979],[126.61132,37.10977]]],[[[126.66819,37.12529],[126.66815,37.12528],[126.66811,37.12533],[126.66819,37.12529]]],[[[126.61378,37.11942],[126.61379,37.11946],[126.6139,37.11944],[126.61378,37.11942]]],[[[126.64321,37.14285],[126.64317,37.14283],[126.64309,37.14283],[126.64321,37.14285]]],[[[126.63811,37.1428],[126.63822,37.14274],[126.63845,37.14275],[126.63811,37.1428]]],[[[126.65245,37.14663],[126.65234,37.14657],[126.65216,37.14667],[126.65245,37.14663]]],[[[126.6481,37.14706],[126.64806,37.14704],[126.64796,37.14716],[126.6481,37.14706]]],[[[126.6065,37.15565],[126.60641,37.15558],[126.60632,37.15565],[126.6065,37.15565]]],[[[126.64663,37.15796],[126.64651,37.15783],[126.64633,37.15784],[126.64663,37.15796]]],[[[126.60387,37.15591],[126.60364,37.15581],[126.60346,37.15584],[126.60387,37.15591]]],[[[126.65487,37.16715],[126.65478,37.16711],[126.65475,37.16719],[126.65487,37.16715]]],[[[126.65552,37.16785],[126.65538,37.16774],[126.65525,37.16778],[126.65552,37.16785]]],[[[126.6249,37.17647],[126.63246,37.17486],[126.61968,37.15962],[126.61719,37.1735],[126.62445,37.17671],[126.6249,37.17647]]],[[[126.65599,37.18056],[126.65641,37.18014],[126.65685,37.18],[126.65599,37.18056]]],[[[126.64895,37.18685],[126.64886,37.18691],[126.64965,37.18772],[126.64895,37.18685]]],[[[126.63149,37.18635],[126.63069,37.18584],[126.63057,37.18591],[126.63149,37.18635]]],[[[126.67028,37.19883],[126.67035,37.1988],[126.67042,37.19876],[126.67028,37.19883]]],[[[126.65836,37.20218],[126.65824,37.20216],[126.65813,37.20221],[126.65836,37.20218]]],[[[126.66031,37.20448],[126.6602,37.20448],[126.66009,37.2045],[126.66031,37.20448]]],[[[126.66299,37.20439],[126.66331,37.2039],[126.66229,37.20412],[126.66299,37.20439]]],[[[126.54102,37.20622],[126.53391,37.19911],[126.54107,37.20633],[126.54102,37.20622]]],[[[126.55526,37.20611],[126.55501,37.20602],[126.55495,37.20607],[126.55526,37.20611]]],[[[126.6027,37.20826],[126.60235,37.20824],[126.60219,37.20828],[126.6027,37.20826]]],[[[126.61764,37.22529],[126.61786,37.22494],[126.61796,37.22479],[126.61764,37.22529]]],[[[126.61381,37.22801],[126.61338,37.22785],[126.61277,37.22818],[126.61381,37.22801]]],[[[126.62828,37.24871],[126.62817,37.2487],[126.62808,37.24908],[126.62828,37.24871]]],[[[126.65265,37.24845],[126.65303,37.2399],[126.65246,37.24846],[126.65265,37.24845]]],[[[126.64777,37.25527],[126.64774,37.25526],[126.64768,37.25526],[126.64777,37.25527]]],[[[126.75674,37.25781],[126.75611,37.25768],[126.75589,37.25809],[126.75674,37.25781]]],[[[126.75787,37.25801],[126.75777,37.25799],[126.7574,37.25824],[126.75787,37.25801]]],[[[126.72582,37.2583],[126.72553,37.25817],[126.7255,37.25819],[126.72582,37.2583]]],[[[126.67815,37.25723],[126.67791,37.25715],[126.67743,37.25722],[126.67815,37.25723]]],[[[126.75844,37.25967],[126.75811,37.25911],[126.75786,37.25916],[126.75844,37.25967]]],[[[126.76603,37.26101],[126.76613,37.26062],[126.76623,37.26026],[126.76603,37.26101]]],[[[126.70573,37.26455],[126.70576,37.26436],[126.70539,37.26414],[126.70573,37.26455]]],[[[126.6026,37.26467],[126.60243,37.26456],[126.60202,37.26494],[126.6026,37.26467]]],[[[126.76822,37.26633],[126.76816,37.26632],[126.76799,37.26635],[126.76822,37.26633]]],[[[126.76208,37.26974],[126.76199,37.2696],[126.7619,37.26961],[126.76208,37.26974]]],[[[126.72175,37.27346],[126.72171,37.27345],[126.72167,37.27346],[126.72175,37.27346]]],[[[126.58331,37.2729],[126.5832,37.27281],[126.58299,37.27285],[126.58331,37.2729]]],[[[126.72667,37.27683],[126.72659,37.27678],[126.72641,37.2769],[126.72667,37.27683]]],[[[126.68008,37.27685],[126.66771,37.27525],[126.6795,37.28253],[126.68041,37.27717],[126.68008,37.27685]]],[[[126.74102,37.28847],[126.74582,37.28314],[126.73527,37.28409],[126.74093,37.2886],[126.74102,37.28847]]],[[[126.64983,37.29294],[126.66155,37.29251],[126.6619,37.24527],[126.66124,37.29228],[126.61183,37.27718],[126.5828,37.29058],[126.61175,37.2783],[126.64965,37.29295],[126.64983,37.29294]]],[[[126.65352,37.29567],[126.65355,37.29565],[126.65356,37.29559],[126.65352,37.29567]]],[[[126.64774,37.2992],[126.64782,37.29919],[126.64788,37.29919],[126.64774,37.2992]]],[[[126.64357,37.30284],[126.64351,37.30277],[126.64343,37.30277],[126.64357,37.30284]]],[[[126.60631,37.31521],[126.60604,37.31505],[126.60604,37.31505],[126.60631,37.31521]]],[[[126.62227,37.31542],[126.62895,37.31727],[126.62335,37.31556],[126.62227,37.31542]]],[[[126.70033,37.35236],[126.70049,37.35218],[126.70062,37.35219],[126.70033,37.35236]]],[[[126.5751,37.58741],[126.57483,37.58723],[126.57461,37.58754],[126.5751,37.58741]]],[[[126.57481,37.58854],[126.57457,37.58842],[126.57429,37.58845],[126.57481,37.58854]]],[[[126.58002,37.59431],[126.57963,37.59379],[126.57927,37.59393],[126.58002,37.59431]]],[[[126.54926,37.5955],[126.54946,37.59511],[126.54964,37.59503],[126.54926,37.5955]]],[[[126.55045,37.59916],[126.54865,37.60635],[126.55053,37.59947],[126.55045,37.59916]]],[[[126.54074,37.65942],[126.54002,37.6594],[126.53941,37.65965],[126.54074,37.65942]]],[[[126.8244,37.99322],[126.82433,37.99314],[126.82431,37.99312],[126.8244,37.99322]]],[[[126.79796,37.99316],[126.79776,37.99315],[126.79744,37.99321],[126.79796,37.99316]]],[[[126.82472,37.99365],[126.82467,37.99359],[126.82456,37.99363],[126.82472,37.99365]]],[[[126.82595,37.99379],[126.82598,37.99374],[126.82604,37.99376],[126.82595,37.99379]]],[[[126.79785,37.99844],[126.79779,37.99841],[126.79752,37.99842],[126.79785,37.99844]]],[[[126.79459,37.99903],[126.7858,37.98803],[126.79441,37.99908],[126.79459,37.99903]]],[[[126.81751,38.00219],[126.81753,38.00212],[126.8175,38.00203],[126.81751,38.00219]]],[[[126.82176,38.00406],[126.82168,38.00406],[126.82162,38.00407],[126.82176,38.00406]]],[[[126.81683,38.00454],[126.8169,38.00449],[126.81697,38.00456],[126.81683,38.00454]]],[[[126.81744,38.00572],[126.81753,38.00565],[126.81758,38.00567],[126.81744,38.00572]]],[[[126.81818,38.00603],[126.81812,38.00599],[126.81805,38.00601],[126.81818,38.00603]]],[[[126.81697,38.00562],[126.81689,38.00557],[126.81686,38.00559],[126.81697,38.00562]]],[[[126.82184,38.01027],[126.82183,38.01021],[126.82186,38.01014],[126.82184,38.01027]]],[[[126.81995,38.01503],[126.82,38.0149],[126.81994,38.01477],[126.81995,38.01503]]],[[[126.93194,38.12893],[126.93196,38.12885],[126.93205,38.12885],[126.93194,38.12893]]],[[[126.92829,38.12868],[126.92826,38.12848],[126.9281,38.12837],[126.92829,38.12868]]],[[[126.96679,38.14068],[126.96662,38.14059],[126.96645,38.14073],[126.96679,38.14068]]],[[[126.96144,38.1493],[126.96169,38.14914],[126.96199,38.1492],[126.96144,38.1493]]],[[[126.96246,38.15634],[126.96251,38.15619],[126.96253,38.1561],[126.96246,38.15634]]],[[[126.96134,38.15648],[126.96128,38.15641],[126.9612,38.15639],[126.96134,38.15648]]],[[[126.9623,38.17541],[126.96226,38.17539],[126.96221,38.17548],[126.9623,38.17541]]],[[[126.97938,38.19398],[126.97893,38.1939],[126.97834,38.19396],[126.97938,38.19398]]],[[[126.98117,38.1993],[126.98135,38.19926],[126.98149,38.19926],[126.98117,38.1993]]],[[[126.97041,38.19933],[126.97769,38.19128],[126.96892,38.1863],[126.96334,38.19174],[126.96642,38.18402],[126.96244,38.19225],[126.97061,38.19935],[126.97041,38.19933]]],[[[126.98165,38.20911],[126.98547,38.19998],[126.98079,38.20848],[126.97785,38.19486],[126.9744,38.20455],[126.98162,38.20907],[126.98165,38.20911]]],[[[127.03737,38.20999],[127.03752,38.20972],[127.03747,38.20954],[127.03737,38.20999]]],[[[127.04453,38.21024],[127.04451,38.21014],[127.04454,38.20995],[127.04453,38.21024]]],[[[127.04828,38.21016],[127.04821,38.21012],[127.04821,38.21009],[127.04828,38.21016]]],[[[127.03512,38.21158],[127.03517,38.21103],[127.03545,38.21004],[127.03512,38.21158]]],[[[127.03582,38.2127],[127.03599,38.21268],[127.0361,38.21272],[127.03582,38.2127]]],[[[127.03212,38.21317],[127.03484,38.20587],[127.03205,38.21327],[127.03212,38.21317]]],[[[127.04632,38.2132],[127.04636,38.21293],[127.04578,38.21283],[127.04632,38.2132]]],[[[127.04495,38.21348],[127.04494,38.21344],[127.04476,38.21362],[127.04495,38.21348]]],[[[127.03314,38.21342],[127.03304,38.21322],[127.03301,38.21326],[127.03314,38.21342]]],[[[127.04661,38.21421],[127.04668,38.21416],[127.04671,38.2142],[127.04661,38.21421]]],[[[127.03709,38.21406],[127.03716,38.21389],[127.03717,38.21379],[127.03709,38.21406]]],[[[127.04645,38.21446],[127.04637,38.21444],[127.04615,38.21457],[127.04645,38.21446]]],[[[127.04565,38.21483],[127.04567,38.21478],[127.04549,38.21481],[127.04565,38.21483]]],[[[127.03705,38.2123],[127.037,38.21229],[127.03697,38.2123],[127.03705,38.2123]]],[[[127.04495,38.21486],[127.04484,38.21484],[127.04463,38.21488],[127.04495,38.21486]]],[[[127.04444,38.21431],[127.04444,38.2143],[127.04432,38.21436],[127.04444,38.21431]]],[[[127.03353,38.21121],[127.03355,38.21108],[127.03343,38.21115],[127.03353,38.21121]]],[[[127.03259,38.21533],[127.03267,38.21515],[127.03275,38.21515],[127.03259,38.21533]]],[[[127.04687,38.21674],[127.04693,38.21637],[127.04683,38.21639],[127.04687,38.21674]]],[[[127.03325,38.21685],[127.03353,38.21668],[127.03368,38.2167],[127.03325,38.21685]]],[[[127.04205,38.21828],[127.04198,38.21818],[127.04181,38.21832],[127.04205,38.21828]]],[[[127.04146,38.21862],[127.04153,38.21859],[127.04158,38.2186],[127.04146,38.21862]]],[[[127.03357,38.21943],[127.02708,38.21407],[127.03351,38.21945],[127.03357,38.21943]]],[[[127.03773,38.22015],[127.03675,38.20614],[127.03759,38.22021],[127.03773,38.22015]]],[[[127.03678,38.21976],[127.03709,38.21429],[127.03673,38.21992],[127.03678,38.21976]]],[[[127.04116,38.22093],[127.04811,38.2189],[127.04116,38.22099],[127.04116,38.22093]]],[[[127.03668,38.22122],[127.03168,38.21633],[127.03673,38.22137],[127.03668,38.22122]]],[[[127.03695,38.22131],[127.0368,38.22119],[127.0368,38.22125],[127.03695,38.22131]]],[[[127.03913,38.22208],[127.04292,38.21104],[127.03903,38.22218],[127.03913,38.22208]]],[[[127.02826,38.22255],[127.0281,38.22253],[127.0279,38.22269],[127.02826,38.22255]]],[[[127.02944,38.2227],[127.02931,38.22256],[127.02916,38.22258],[127.02944,38.2227]]],[[[127.04418,38.22291],[127.04439,38.22272],[127.04467,38.22255],[127.04418,38.22291]]],[[[127.02166,38.22234],[127.02174,38.22165],[127.0219,38.22113],[127.02166,38.22234]]],[[[127.04062,38.22005],[127.04057,38.22002],[127.04056,38.22005],[127.04062,38.22005]]],[[[127.01877,38.2215],[127.01838,38.22147],[127.01828,38.22156],[127.01877,38.2215]]],[[[127.02461,38.22349],[127.0247,38.22344],[127.02482,38.22347],[127.02461,38.22349]]],[[[127.05042,38.22163],[127.05046,38.22144],[127.05036,38.22124],[127.05042,38.22163]]],[[[127.03738,38.22391],[127.03351,38.21955],[127.03723,38.22411],[127.03738,38.22391]]],[[[127.02104,38.22412],[127.02101,38.22408],[127.02084,38.22415],[127.02104,38.22412]]],[[[127.02056,38.22418],[127.02955,38.22225],[127.02047,38.22388],[127.02056,38.22418]]],[[[127.00083,38.22466],[127.0011,38.22451],[127.00115,38.22452],[127.00083,38.22466]]],[[[127.02152,38.2247],[127.02139,38.22466],[127.02129,38.22476],[127.02152,38.2247]]],[[[127.02052,38.22432],[127.02053,38.22427],[127.02049,38.2242],[127.02052,38.22432]]],[[[127.04503,38.22463],[127.0449,38.22459],[127.04472,38.22459],[127.04503,38.22463]]],[[[127.04737,38.22424],[127.04739,38.22399],[127.04725,38.22399],[127.04737,38.22424]]],[[[127.01882,38.22508],[127.01888,38.22497],[127.0188,38.22485],[127.01882,38.22508]]],[[[127.02026,38.22498],[127.02748,38.22308],[127.0198,38.22513],[127.02026,38.22498]]],[[[127.03849,38.22615],[127.03854,38.22602],[127.03878,38.22602],[127.03849,38.22615]]],[[[127.01673,38.22574],[127.01693,38.22559],[127.01707,38.22563],[127.01673,38.22574]]],[[[127.01862,38.22663],[127.0185,38.22656],[127.01829,38.22657],[127.01862,38.22663]]],[[[127.01932,38.22673],[127.01952,38.22652],[127.01936,38.22646],[127.01932,38.22673]]],[[[127.03413,38.22584],[127.03402,38.22556],[127.03382,38.2255],[127.03413,38.22584]]],[[[127.04939,38.22734],[127.04976,38.22232],[127.04923,38.22745],[127.04939,38.22734]]],[[[127.00965,38.22677],[127.00951,38.22676],[127.00941,38.22698],[127.00965,38.22677]]],[[[127.01365,38.2285],[127.01366,38.22842],[127.01344,38.22855],[127.01365,38.2285]]],[[[127.03945,38.22373],[127.04405,38.22883],[127.03954,38.22383],[127.03945,38.22373]]],[[[127.03476,38.22833],[127.0347,38.22828],[127.03466,38.22831],[127.03476,38.22833]]],[[[127.02266,38.22914],[127.02246,38.22913],[127.02227,38.22913],[127.02266,38.22914]]],[[[127.02093,38.22835],[127.02073,38.22825],[127.02033,38.22814],[127.02093,38.22835]]],[[[127.04553,38.22949],[127.04551,38.22938],[127.04539,38.22931],[127.04553,38.22949]]],[[[127.01327,38.22854],[127.01354,38.22834],[127.01359,38.22835],[127.01327,38.22854]]],[[[127.04428,38.22972],[127.04425,38.22954],[127.04417,38.2297],[127.04428,38.22972]]],[[[127.0452,38.22931],[127.03949,38.22336],[127.04495,38.22939],[127.0452,38.22931]]],[[[127.03469,38.22899],[127.03258,38.22144],[127.03471,38.22905],[127.03469,38.22899]]],[[[127.01292,38.22975],[127.01287,38.22965],[127.01285,38.22965],[127.01292,38.22975]]],[[[127.04442,38.22989],[127.04435,38.22983],[127.04417,38.22988],[127.04442,38.22989]]],[[[127.01415,38.23065],[127.01471,38.23053],[127.01473,38.23039],[127.01415,38.23065]]],[[[127.012,38.23114],[127.01226,38.23104],[127.0123,38.23092],[127.012,38.23114]]],[[[127.043,38.23161],[127.04292,38.23156],[127.04281,38.23161],[127.043,38.23161]]],[[[127.01316,38.23194],[127.01368,38.23157],[127.01401,38.23183],[127.01316,38.23194]]],[[[127.01212,38.23223],[127.01214,38.23206],[127.01223,38.23192],[127.01212,38.23223]]],[[[127.01227,38.23232],[127.01236,38.23227],[127.01252,38.2323],[127.01227,38.23232]]],[[[127.04584,38.23308],[127.04624,38.23297],[127.04634,38.23279],[127.04584,38.23308]]],[[[127.05985,38.23336],[127.06006,38.23331],[127.06039,38.2333],[127.05985,38.23336]]],[[[127.00794,38.23341],[127.00821,38.23337],[127.00827,38.2334],[127.00794,38.23341]]],[[[127.03891,38.23348],[127.04024,38.22609],[127.03884,38.23352],[127.03891,38.23348]]],[[[127.04179,38.23323],[127.04185,38.23315],[127.04189,38.23303],[127.04179,38.23323]]],[[[127.05748,38.23358],[127.05739,38.23344],[127.05725,38.23356],[127.05748,38.23358]]],[[[127.03864,38.23364],[127.03487,38.22928],[127.03849,38.23368],[127.03864,38.23364]]],[[[127.04199,38.23361],[127.04207,38.23357],[127.0421,38.23368],[127.04199,38.23361]]],[[[127.03728,38.2337],[127.03717,38.2334],[127.03709,38.23336],[127.03728,38.2337]]],[[[127.02964,38.23252],[127.02977,38.23189],[127.02951,38.23175],[127.02964,38.23252]]],[[[127.03325,38.23415],[127.02872,38.22837],[127.03273,38.23425],[127.03325,38.23415]]],[[[127.05595,38.2329],[127.04595,38.2297],[127.05607,38.23319],[127.05595,38.2329]]],[[[127.0447,38.23456],[127.04475,38.23423],[127.04429,38.2343],[127.0447,38.23456]]],[[[127.05797,38.234],[127.05785,38.23388],[127.05782,38.23392],[127.05797,38.234]]],[[[127.05909,38.23434],[127.059,38.2343],[127.05894,38.2343],[127.05909,38.23434]]],[[[127.05926,38.23498],[127.05922,38.23487],[127.0591,38.2349],[127.05926,38.23498]]],[[[126.97791,38.23403],[126.99507,38.22883],[126.97777,38.23413],[126.97791,38.23403]]],[[[127.05966,38.23507],[127.05958,38.23505],[127.05961,38.23511],[127.05966,38.23507]]],[[[127.01336,38.235],[127.01356,38.23494],[127.01365,38.23495],[127.01336,38.235]]],[[[127.06006,38.23476],[127.06022,38.23474],[127.06044,38.23482],[127.06006,38.23476]]],[[[127.0396,38.23405],[127.03981,38.23396],[127.04006,38.23387],[127.0396,38.23405]]],[[[127.05486,38.23561],[127.0549,38.23558],[127.05497,38.23559],[127.05486,38.23561]]],[[[127.0439,38.23488],[127.04382,38.23475],[127.04386,38.23453],[127.0439,38.23488]]],[[[127.03228,38.23492],[127.03242,38.23453],[127.03241,38.23449],[127.03228,38.23492]]],[[[127.01403,38.23498],[127.0139,38.23497],[127.01374,38.235],[127.01403,38.23498]]],[[[127.02983,38.23571],[127.03009,38.2355],[127.03024,38.23535],[127.02983,38.23571]]],[[[127.01463,38.2357],[127.01448,38.23568],[127.01424,38.23571],[127.01463,38.2357]]],[[[127.03517,38.23622],[127.03526,38.23616],[127.03561,38.23595],[127.03517,38.23622]]],[[[127.03489,38.23661],[127.03508,38.23656],[127.03538,38.23651],[127.03489,38.23661]]],[[[127.05398,38.23615],[127.05407,38.23602],[127.05382,38.2361],[127.05398,38.23615]]],[[[127.03517,38.23683],[127.04053,38.23383],[127.03449,38.23679],[127.03517,38.23683]]],[[[127.05364,38.23635],[127.05381,38.23607],[127.05403,38.23596],[127.05364,38.23635]]],[[[127.05666,38.23559],[127.05669,38.23556],[127.05682,38.23575],[127.05666,38.23559]]],[[[127.02311,38.23723],[127.02306,38.23719],[127.0229,38.23721],[127.02311,38.23723]]],[[[127.02486,38.2372],[127.02469,38.23715],[127.02437,38.23718],[127.02486,38.2372]]],[[[127.03411,38.23682],[127.03384,38.23673],[127.03375,38.23675],[127.03411,38.23682]]],[[[127.02639,38.23723],[127.02613,38.23717],[127.02588,38.23717],[127.02639,38.23723]]],[[[127.05343,38.23686],[127.05342,38.23675],[127.05322,38.23679],[127.05343,38.23686]]],[[[127.02649,38.23736],[127.02639,38.23734],[127.02633,38.23736],[127.02649,38.23736]]],[[[127.02684,38.23748],[127.02665,38.23732],[127.02659,38.23735],[127.02684,38.23748]]],[[[127.01552,38.2372],[127.01554,38.23705],[127.01556,38.2369],[127.01552,38.2372]]],[[[127.03151,38.2361],[127.03165,38.23607],[127.03172,38.23607],[127.03151,38.2361]]],[[[127.03035,38.2375],[127.03016,38.23714],[127.02986,38.23686],[127.03035,38.2375]]],[[[127.01752,38.23798],[127.01781,38.23798],[127.01783,38.23798],[127.01752,38.23798]]],[[[127.02645,38.23805],[127.02638,38.23787],[127.02665,38.23799],[127.02645,38.23805]]],[[[127.02901,38.23817],[127.01494,38.23639],[127.02918,38.23834],[127.02901,38.23817]]],[[[127.05981,38.23814],[127.05988,38.23798],[127.06007,38.23807],[127.05981,38.23814]]],[[[127.0162,38.23882],[127.01621,38.23877],[127.01612,38.23877],[127.0162,38.23882]]],[[[127.032,38.23903],[127.03215,38.23876],[127.03208,38.23867],[127.032,38.23903]]],[[[127.0327,38.2393],[127.03273,38.23924],[127.03276,38.23913],[127.0327,38.2393]]],[[[127.02163,38.23912],[127.02152,38.23902],[127.02145,38.23905],[127.02163,38.23912]]],[[[127.05139,38.23857],[127.04418,38.23498],[127.05126,38.23881],[127.05139,38.23857]]],[[[127.03256,38.23992],[127.0328,38.23963],[127.03283,38.23969],[127.03256,38.23992]]],[[[127.03075,38.23869],[127.03064,38.2385],[127.03056,38.2383],[127.03075,38.23869]]],[[[127.02832,38.23916],[127.02801,38.23893],[127.02776,38.23884],[127.02832,38.23916]]],[[[127.05214,38.23863],[127.05201,38.23852],[127.05165,38.23854],[127.05214,38.23863]]],[[[127.04909,38.23999],[127.03795,38.23487],[127.04884,38.24011],[127.04909,38.23999]]],[[[127.05035,38.24],[127.05017,38.23988],[127.05002,38.2399],[127.05035,38.24]]],[[[127.04156,38.23837],[127.0411,38.23825],[127.0412,38.23856],[127.04156,38.23837]]],[[[127.02285,38.2409],[127.02314,38.24086],[127.02328,38.24087],[127.02285,38.2409]]],[[[127.07697,38.2414],[127.07709,38.24129],[127.07727,38.24137],[127.07697,38.2414]]],[[[127.04325,38.24142],[127.03549,38.23688],[127.04324,38.24149],[127.04325,38.24142]]],[[[126.67898,37.14388],[126.69759,37.15141],[126.68262,37.16054],[126.64979,37.15457],[126.66098,37.16226],[126.65509,37.17501],[126.67005,37.1892],[126.64959,37.18321],[126.65555,37.1905],[126.64556,37.18968],[126.64188,37.20437],[126.6488,37.20295],[126.64789,37.19374],[126.65453,37.21103],[126.64579,37.20588],[126.65168,37.20733],[126.62645,37.2191],[126.62435,37.2355],[126.6002,37.22818],[126.59728,37.2355],[126.58417,37.23473],[126.60979,37.22056],[126.61406,37.20775],[126.60135,37.21402],[126.60142,37.22144],[126.59057,37.21353],[126.57707,37.2221],[126.56248,37.19325],[126.55241,37.20467],[126.55732,37.20746],[126.5419,37.20608],[126.54893,37.20555],[126.54322,37.21468],[126.5553,37.21496],[126.55734,37.22332],[126.5416,37.22301],[126.5421,37.23361],[126.56927,37.23684],[126.55826,37.24794],[126.56424,37.25546],[126.55598,37.27096],[126.53809,37.28673],[126.56393,37.27765],[126.5782,37.29067],[126.5718,37.29758],[126.57801,37.29317],[126.62168,37.31594],[126.57819,37.29292],[126.58275,37.29046],[126.56865,37.27129],[126.57771,37.27465],[126.5935,37.26215],[126.61647,37.25803],[126.62167,37.23679],[126.65028,37.22509],[126.64979,37.20858],[126.65375,37.22451],[126.63279,37.24908],[126.63716,37.25225],[126.65429,37.22281],[126.64717,37.19252],[126.65656,37.19083],[126.69374,37.20315],[126.69915,37.21384],[126.69116,37.21551],[126.67408,37.19971],[126.66563,37.21168],[126.67743,37.22373],[126.66232,37.24526],[126.6737,37.24353],[126.6878,37.26225],[126.73372,37.24937],[126.75728,37.25386],[126.76671,37.24496],[126.75707,37.23517],[126.76644,37.23752],[126.76471,37.22721],[126.76702,37.24788],[126.77441,37.24792],[126.78155,37.23015],[126.766,37.22106],[126.77341,37.2103],[126.76029,37.21225],[126.77339,37.20728],[126.7866,37.23294],[126.7783,37.2458],[126.78956,37.24413],[126.79032,37.26717],[126.81122,37.26763],[126.80028,37.27797],[126.80447,37.29344],[126.82018,37.29021],[126.8497,37.2562],[126.84984,37.266],[126.8585,37.26983],[126.88264,37.25714],[126.85696,37.27151],[126.87531,37.2774],[126.84727,37.26845],[126.82856,37.2794],[126.81737,37.29796],[126.75504,37.29779],[126.72392,37.31459],[126.71789,37.30802],[126.67654,37.32024],[126.67138,37.32915],[126.62895,37.31727],[126.69137,37.33553],[126.68385,37.34611],[126.7033,37.35128],[126.73044,37.38596],[126.74207,37.38247],[126.74495,37.38886],[126.73391,37.38898],[126.74393,37.39836],[126.76222,37.39738],[126.763,37.39091],[126.78002,37.39478],[126.78228,37.38843],[126.79188,37.39311],[126.78813,37.40793],[126.78448,37.39214],[126.749,37.40359],[126.75325,37.4227],[126.76921,37.42751],[126.76749,37.44341],[126.78043,37.45498],[126.7782,37.4718],[126.74231,37.48695],[126.74147,37.50899],[126.76043,37.51618],[126.76568,37.55401],[126.79182,37.54375],[126.79443,37.53583],[126.80624,37.54441],[126.82212,37.54068],[126.82884,37.52651],[126.81301,37.4964],[126.82359,37.48774],[126.81463,37.47465],[126.84496,37.47347],[126.86835,37.49511],[126.90299,37.43407],[126.9284,37.45021],[126.93862,37.43603],[126.96294,37.44028],[126.97458,37.45441],[127.00368,37.46772],[127.01451,37.45486],[127.03469,37.46415],[127.03557,37.439],[127.05232,37.4283],[127.07095,37.43021],[127.07214,37.44226],[127.08786,37.44489],[127.10434,37.46217],[127.1169,37.45864],[127.13286,37.47463],[127.14353,37.47393],[127.16143,37.50002],[127.14105,37.50541],[127.14061,37.51559],[127.16316,37.54499],[127.18379,37.54557],[127.17715,37.5812],[127.11525,37.55676],[127.1018,37.55957],[127.10114,37.57607],[127.11666,37.59402],[127.11715,37.61789],[127.10407,37.62165],[127.11115,37.64256],[127.09269,37.64858],[127.096,37.68907],[127.08111,37.69614],[127.0518,37.68581],[127.04863,37.69406],[127.03241,37.69184],[127.02769,37.70094],[127.01542,37.70146],[127.00866,37.68445],[126.9922,37.67963],[126.99402,37.66678],[126.97966,37.65604],[126.98592,37.63579],[126.97558,37.63175],[126.95842,37.62947],[126.96333,37.63325],[126.95711,37.65284],[126.94756,37.65922],[126.92412,37.64611],[126.9048,37.6492],[126.91228,37.64432],[126.89975,37.58994],[126.88541,37.59388],[126.87626,37.57819],[126.85363,37.57179],[126.80258,37.60503],[126.79368,37.58158],[126.76752,37.5884],[126.75176,37.57957],[126.74432,37.5925],[126.72548,37.59178],[126.71563,37.60381],[126.70468,37.60248],[126.70545,37.61215],[126.69447,37.62034],[126.65255,37.63949],[126.64711,37.62748],[126.63646,37.62768],[126.62574,37.60259],[126.61436,37.60629],[126.59156,37.59301],[126.59374,37.59955],[126.57795,37.605],[126.55959,37.59968],[126.55081,37.63267],[126.53148,37.6548],[126.54456,37.66269],[126.52683,37.67425],[126.53406,37.6878],[126.52163,37.71441],[126.5311,37.74742],[126.51834,37.76279],[126.5245,37.76846],[126.51705,37.77103],[126.52278,37.7901],[126.57535,37.7627],[126.59377,37.76116],[126.6255,37.77914],[126.66303,37.78068],[126.67135,37.83478],[126.65932,37.8403],[126.67957,37.84603],[126.68666,37.86495],[126.68236,37.87288],[126.67259,37.87012],[126.67204,37.87805],[126.68204,37.87978],[126.67014,37.88803],[126.68289,37.91411],[126.666,37.91906],[126.67052,37.95795],[126.68731,37.9572],[126.70371,37.97484],[126.71939,37.96495],[126.73688,37.96604],[126.76254,37.98501],[126.77285,37.97835],[126.77266,37.9844],[126.78385,37.98103],[126.79639,37.9937],[126.8297,37.99286],[126.83097,37.99825],[126.79795,37.99583],[126.82328,38.00072],[126.81842,38.01663],[126.826,38.02424],[126.82772,38.01946],[126.83291,38.02623],[126.83439,38.01888],[126.84073,38.03291],[126.85541,38.03209],[126.85253,38.0531],[126.85843,38.06001],[126.85269,38.06031],[126.86747,38.06939],[126.8713,38.08125],[126.86019,38.08527],[126.86324,38.09438],[126.85533,38.09969],[126.9047,38.13789],[126.93419,38.12518],[126.93805,38.13441],[126.96641,38.13739],[126.96384,38.15611],[126.94944,38.16234],[126.95387,38.15828],[126.96627,38.18187],[126.98154,38.18949],[126.9819,38.22748],[127.0279,38.22033],[127.02666,38.20788],[127.03158,38.21659],[127.02959,38.20707],[127.04268,38.20531],[127.04327,38.21511],[127.05035,38.20888],[127.04952,38.2274],[127.06699,38.24203],[127.10989,38.24184],[127.13058,38.23275],[127.15324,38.24187],[127.16335,38.23833],[127.15971,38.21955],[127.17514,38.20548],[127.1697,38.19765],[127.18053,38.18613],[127.18923,38.18832],[127.18923,38.16116],[127.22204,38.13743],[127.22381,38.14703],[127.25628,38.16317],[127.26602,38.18024],[127.28357,38.18285],[127.29799,38.1752],[127.28405,38.15949],[127.27581,38.12418],[127.28609,38.11429],[127.30953,38.11828],[127.32067,38.09468],[127.33696,38.08977],[127.33977,38.10129],[127.36594,38.10693],[127.37861,38.11843],[127.40345,38.11296],[127.40552,38.10295],[127.43057,38.11539],[127.4395,38.10972],[127.44458,38.05726],[127.45984,38.01459],[127.50392,37.99795],[127.53988,38.00057],[127.54523,37.96773],[127.60042,37.95654],[127.61658,37.92827],[127.60585,37.87649],[127.57458,37.87235],[127.56324,37.85588],[127.52562,37.83292],[127.53735,37.81054],[127.52081,37.79254],[127.54488,37.76007],[127.51121,37.73643],[127.50707,37.72059],[127.51186,37.71568],[127.5272,37.72686],[127.54251,37.71986],[127.5566,37.72923],[127.56186,37.72007],[127.55064,37.68704],[127.55282,37.66153],[127.53566,37.65069],[127.53794,37.64148],[127.55946,37.62849],[127.60661,37.65081],[127.64699,37.63274],[127.65153,37.62294],[127.66385,37.6238],[127.7079,37.58635],[127.75411,37.59206],[127.78444,37.57812],[127.79408,37.58525],[127.81413,37.56415],[127.84808,37.5523],[127.84202,37.5389],[127.80958,37.53786],[127.7855,37.51331],[127.75991,37.50331],[127.75979,37.49248],[127.77469,37.49175],[127.80048,37.47125],[127.80401,37.42885],[127.79456,37.4244],[127.77666,37.38333],[127.77894,37.37077],[127.75948,37.36729],[127.75839,37.33085],[127.76819,37.30152],[127.74988,37.29716],[127.76066,37.26901],[127.74688,37.23997],[127.74894,37.21834],[127.73526,37.20807],[127.72641,37.18254],[127.7169,37.18343],[127.70675,37.17069],[127.69548,37.14042],[127.67021,37.13611],[127.62831,37.15529],[127.63777,37.14119],[127.63453,37.09983],[127.61194,37.08725],[127.5951,37.08799],[127.60518,37.06887],[127.57798,37.07534],[127.56496,37.06059],[127.56954,37.04817],[127.55683,37.04125],[127.51826,37.0584],[127.50454,37.048],[127.46821,37.05349],[127.45686,37.04221],[127.45837,37.02047],[127.44709,37.01083],[127.3927,36.99701],[127.38497,36.98364],[127.40153,36.96768],[127.38727,36.96446],[127.37566,36.94866],[127.34963,36.95279],[127.32681,36.93594],[127.29563,36.93129],[127.30336,36.91639],[127.2903,36.89433],[127.27305,36.91401],[127.21045,36.93054],[127.20358,36.95055],[127.1782,36.96252],[127.1131,36.97307],[127.09643,36.95942],[127.103,36.95308],[127.09543,36.9422],[127.08621,36.94774],[127.03104,36.92809],[126.99518,36.93536],[126.90971,36.9016],[126.90584,36.91576],[126.84743,36.90951],[126.82816,36.94643],[126.8463,36.9553],[126.82362,36.98409],[126.82819,36.98733],[126.78118,37.0022],[126.77901,37.00724],[126.79764,37.01413],[126.78953,37.02975],[126.74928,37.03057],[126.74604,37.04261],[126.75668,37.05546],[126.67443,37.11722],[126.68533,37.11917],[126.67394,37.13718],[126.67897,37.14319],[126.67898,37.14388]],[[126.98759,38.18939],[126.98144,38.19213],[126.98739,38.18942],[126.98759,38.18939]],[[126.99391,38.18694],[126.99386,38.18678],[126.99393,38.18672],[126.99391,38.18694]],[[126.99469,38.18371],[126.99479,38.18391],[126.9949,38.18397],[126.99469,38.18371]],[[126.9918,38.1833],[126.99226,38.1834],[126.99291,38.18335],[126.9918,38.1833]],[[126.98296,38.18752],[126.98785,38.18364],[126.98305,38.18751],[126.98296,38.18752]],[[126.9736,38.18409],[126.96798,38.17407],[126.97503,38.17764],[126.97441,38.17076],[126.96044,38.1652],[126.96411,38.1587],[126.96828,38.16486],[126.9659,38.15778],[126.9822,38.18328],[126.97364,38.1842],[126.9736,38.18409]],[[126.96588,38.15777],[126.96572,38.15791],[126.96569,38.15783],[126.96588,38.15777]],[[126.95178,38.1231],[126.9588,38.13404],[126.94724,38.12853],[126.94043,38.13375],[126.94148,38.1258],[126.93887,38.13204],[126.93805,38.12576],[126.95128,38.12291],[126.95178,38.1231]],[[126.89093,38.07435],[126.87071,38.07973],[126.89084,38.07438],[126.89093,38.07435]],[[126.86828,38.05182],[126.89376,38.07283],[126.87009,38.07106],[126.88709,38.06714],[126.88031,38.05938],[126.86357,38.06457],[126.87708,38.06219],[126.86418,38.05961],[126.87797,38.05898],[126.86822,38.05175],[126.86828,38.05182]],[[126.85567,38.04116],[126.85559,38.04129],[126.8556,38.04141],[126.85567,38.04116]],[[126.82737,38.00275],[126.83296,38.02064],[126.82388,38.0116],[126.82747,38.00257],[126.82737,38.00275]],[[126.72901,37.13682],[126.68399,37.11352],[126.75628,37.05627],[126.77617,37.05823],[126.77011,37.0632],[126.78078,37.07411],[126.76953,37.0644],[126.76164,37.06812],[126.77143,37.10641],[126.75829,37.11142],[126.7764,37.13214],[126.795,37.12875],[126.81668,37.14323],[126.80163,37.15354],[126.78153,37.15221],[126.80362,37.16291],[126.7923,37.17324],[126.80065,37.19617],[126.78415,37.16543],[126.75142,37.15549],[126.72924,37.1371],[126.72901,37.13682]],[[126.65258,37.20829],[126.65258,37.20823],[126.65259,37.20825],[126.65258,37.20829]]],[[[127.0719,38.24284],[127.07205,38.24266],[127.07188,38.24267],[127.0719,38.24284]]],[[[127.07742,38.24265],[127.0775,38.24253],[127.07756,38.24253],[127.07742,38.24265]]],[[[127.06979,38.24352],[127.06934,38.24346],[127.06915,38.24362],[127.06979,38.24352]]],[[[127.0778,38.24377],[127.07774,38.2435],[127.07767,38.24351],[127.0778,38.24377]]],[[[127.02887,38.24384],[127.02324,38.24097],[127.02851,38.24396],[127.02887,38.24384]]],[[[127.08999,38.2448],[127.08981,38.24473],[127.08962,38.24478],[127.08999,38.2448]]],[[[127.05389,38.2453],[127.05382,38.24519],[127.05375,38.24516],[127.05389,38.2453]]],[[[127.02321,38.241],[127.02592,38.24584],[127.02349,38.24108],[127.02321,38.241]]],[[[127.02756,38.24445],[127.02748,38.24442],[127.02734,38.24442],[127.02756,38.24445]]],[[[127.02604,38.24591],[127.02596,38.24587],[127.02599,38.24597],[127.02604,38.24591]]],[[[127.05406,38.24601],[127.05402,38.24596],[127.05392,38.24605],[127.05406,38.24601]]],[[[127.02329,38.24607],[127.02344,38.24583],[127.02348,38.24566],[127.02329,38.24607]]],[[[127.03195,38.24457],[127.03204,38.2445],[127.03209,38.24441],[127.03195,38.24457]]],[[[127.0861,38.24653],[127.0861,38.2465],[127.08593,38.24652],[127.0861,38.24653]]],[[[127.03076,38.24635],[127.0306,38.24626],[127.03059,38.24631],[127.03076,38.24635]]],[[[127.08992,38.24657],[127.0898,38.24655],[127.08962,38.2466],[127.08992,38.24657]]],[[[127.09972,38.24581],[127.09966,38.24577],[127.09965,38.24578],[127.09972,38.24581]]],[[[127.09828,38.24574],[127.09824,38.24548],[127.09813,38.24539],[127.09828,38.24574]]],[[[127.09078,38.24488],[127.09054,38.24476],[127.09044,38.24492],[127.09078,38.24488]]],[[[127.10064,38.24752],[127.10061,38.24746],[127.10082,38.2475],[127.10064,38.24752]]],[[[127.05676,38.24667],[127.05662,38.24657],[127.05649,38.24652],[127.05676,38.24667]]],[[[127.09926,38.24805],[127.0992,38.24795],[127.09915,38.24775],[127.09926,38.24805]]],[[[127.03005,38.24797],[127.03006,38.24789],[127.03002,38.2479],[127.03005,38.24797]]],[[[127.03262,38.24834],[127.03281,38.24833],[127.03286,38.24844],[127.03262,38.24834]]],[[[127.03169,38.24843],[127.03181,38.24829],[127.03195,38.24825],[127.03169,38.24843]]],[[[127.05768,38.24899],[127.05762,38.24887],[127.0574,38.24897],[127.05768,38.24899]]],[[[127.10738,38.24947],[127.10732,38.24937],[127.10718,38.24947],[127.10738,38.24947]]],[[[127.0579,38.24973],[127.05805,38.24963],[127.05813,38.24957],[127.0579,38.24973]]],[[[127.0853,38.24963],[127.08489,38.24944],[127.08487,38.24945],[127.0853,38.24963]]],[[[127.05114,38.25019],[127.05127,38.25009],[127.05134,38.25011],[127.05114,38.25019]]],[[[127.04976,38.2505],[127.04907,38.24381],[127.04967,38.25053],[127.04976,38.2505]]],[[[127.10057,38.25131],[127.10064,38.25121],[127.10076,38.25125],[127.10057,38.25131]]],[[[127.05108,38.25107],[127.05097,38.25096],[127.05095,38.25096],[127.05108,38.25107]]],[[[127.05581,38.2507],[127.05587,38.25063],[127.05595,38.25055],[127.05581,38.2507]]],[[[127.06551,38.25105],[127.06538,38.25086],[127.06522,38.25092],[127.06551,38.25105]]],[[[127.04588,38.25063],[127.04595,38.25055],[127.046,38.25049],[127.04588,38.25063]]],[[[127.06728,38.25136],[127.06716,38.25133],[127.0671,38.25138],[127.06728,38.25136]]],[[[127.03765,38.25046],[127.04214,38.24572],[127.03145,38.24218],[127.0375,38.25059],[127.03765,38.25046]]],[[[127.04538,38.25163],[127.04533,38.25162],[127.04538,38.25173],[127.04538,38.25163]]],[[[127.04793,38.25183],[127.04841,38.25173],[127.04864,38.25173],[127.04793,38.25183]]],[[[127.04789,38.25156],[127.04782,38.25155],[127.04769,38.25157],[127.04789,38.25156]]],[[[127.10549,38.25149],[127.10562,38.25137],[127.10569,38.25139],[127.10549,38.25149]]],[[[127.03939,38.25209],[127.04653,38.24537],[127.03913,38.25207],[127.03939,38.25209]]],[[[127.06784,38.25182],[127.06776,38.25169],[127.06756,38.2519],[127.06784,38.25182]]],[[[127.04578,38.2522],[127.04575,38.25215],[127.04571,38.25224],[127.04578,38.2522]]],[[[127.04668,38.25034],[127.0466,38.25034],[127.04652,38.25033],[127.04668,38.25034]]],[[[127.04648,38.25212],[127.04661,38.25208],[127.04678,38.2521],[127.04648,38.25212]]],[[[127.05892,38.25231],[127.05889,38.25222],[127.05886,38.25215],[127.05892,38.25231]]],[[[127.10497,38.25274],[127.10501,38.25253],[127.10505,38.25231],[127.10497,38.25274]]],[[[127.09612,38.2522],[127.09603,38.25217],[127.0959,38.2524],[127.09612,38.2522]]],[[[127.03808,38.25251],[127.03826,38.25246],[127.03849,38.25247],[127.03808,38.25251]]],[[[127.04368,38.25257],[127.04359,38.25253],[127.04337,38.25259],[127.04368,38.25257]]],[[[127.10673,38.25296],[127.10699,38.25296],[127.1072,38.25296],[127.10673,38.25296]]],[[[127.04047,38.25298],[127.04567,38.25203],[127.04035,38.25298],[127.04047,38.25298]]],[[[127.05673,38.25351],[127.05679,38.25351],[127.05689,38.25356],[127.05673,38.25351]]],[[[127.04598,38.2536],[127.0459,38.25343],[127.04585,38.25334],[127.04598,38.2536]]],[[[127.0418,38.25384],[127.04198,38.25375],[127.04211,38.25378],[127.0418,38.25384]]],[[[127.0586,38.25401],[127.05862,38.25399],[127.05861,38.2537],[127.0586,38.25401]]],[[[127.05923,38.25288],[127.05913,38.25283],[127.05909,38.25285],[127.05923,38.25288]]],[[[127.05644,38.25404],[127.05637,38.25383],[127.0563,38.25384],[127.05644,38.25404]]],[[[127.05598,38.25231],[127.0559,38.25222],[127.05584,38.25221],[127.05598,38.25231]]],[[[127.06245,38.25584],[127.05986,38.24549],[127.06239,38.25601],[127.06245,38.25584]]],[[[127.04796,38.25687],[127.04805,38.25681],[127.04819,38.25683],[127.04796,38.25687]]],[[[127.04545,38.25628],[127.04523,38.25622],[127.04502,38.25609],[127.04545,38.25628]]],[[[127.05084,38.25576],[127.04592,38.25259],[127.05078,38.25587],[127.05084,38.25576]]],[[[127.04246,38.25667],[127.03751,38.25323],[127.04236,38.25679],[127.04246,38.25667]]],[[[127.05825,38.25403],[127.05811,38.25403],[127.05788,38.25404],[127.05825,38.25403]]],[[[127.05205,38.25861],[127.05153,38.25021],[127.05198,38.2586],[127.05205,38.25861]]],[[[127.07014,38.25893],[127.07006,38.25875],[127.07002,38.25817],[127.07014,38.25893]]],[[[127.05459,38.25633],[127.05459,38.25628],[127.05452,38.25632],[127.05459,38.25633]]],[[[127.0541,38.25879],[127.05416,38.25229],[127.05405,38.25886],[127.0541,38.25879]]],[[[127.05051,38.25909],[127.05062,38.25907],[127.0508,38.25912],[127.05051,38.25909]]],[[[127.04673,38.25932],[127.04106,38.25775],[127.04685,38.25932],[127.04673,38.25932]]],[[[127.0532,38.2588],[127.05316,38.25875],[127.05303,38.25875],[127.0532,38.2588]]],[[[127.05801,38.25826],[127.05798,38.25817],[127.05796,38.2581],[127.05801,38.25826]]],[[[127.05668,38.26032],[127.05545,38.25492],[127.05665,38.26039],[127.05668,38.26032]]],[[[127.05909,38.26099],[127.059,38.26081],[127.05896,38.26069],[127.05909,38.26099]]],[[[127.08456,38.26601],[127.08447,38.26576],[127.0844,38.26568],[127.08456,38.26601]]],[[[127.07014,38.25893],[127.06429,38.26144],[127.06932,38.25566],[127.0631,38.24414],[127.06524,38.25355],[127.05674,38.26065],[127.06802,38.26939],[127.08991,38.26701],[127.07683,38.26456],[127.08297,38.2588],[127.09049,38.26327],[127.08513,38.25683],[127.09371,38.26009],[127.09396,38.24935],[127.07886,38.25779],[127.08121,38.24886],[127.09104,38.24684],[127.07028,38.24054],[127.0805,38.24744],[127.07038,38.25898],[127.07014,38.25893]]],[[[127.08304,38.27076],[127.08296,38.27055],[127.08292,38.27056],[127.08304,38.27076]]],[[[127.07288,38.2721],[127.07298,38.27207],[127.07302,38.27197],[127.07288,38.2721]]],[[[127.07751,38.27296],[127.07748,38.27283],[127.07738,38.27262],[127.07751,38.27296]]],[[[127.09029,38.27276],[127.09033,38.27258],[127.08992,38.27266],[127.09029,38.27276]]],[[[127.09071,38.27532],[127.09042,38.27523],[127.09033,38.27535],[127.09071,38.27532]]],[[[127.08642,38.27895],[127.0863,38.27888],[127.08624,38.2789],[127.08642,38.27895]]],[[[127.09504,38.28108],[127.11077,38.27079],[127.10322,38.27004],[127.10805,38.25452],[127.10012,38.25694],[127.09886,38.24559],[127.09577,38.26117],[127.10544,38.26631],[127.09564,38.26188],[127.0982,38.27002],[127.08969,38.26964],[127.10073,38.27593],[127.09128,38.27838],[127.0858,38.26986],[127.07478,38.27747],[127.0951,38.28128],[127.09504,38.28108]]],[[[126.69093,37.11073],[126.69084,37.11068],[126.69072,37.11068],[126.69093,37.11073]]],[[[126.76189,37.12183],[126.76187,37.12193],[126.76196,37.12203],[126.76189,37.12183]]],[[[126.79422,37.17748],[126.79427,37.17753],[126.79443,37.17752],[126.79422,37.17748]]],[[[126.7959,37.19074],[126.7966,37.19068],[126.79725,37.19067],[126.7959,37.19074]]],[[[126.82873,38.01544],[126.82853,38.01538],[126.82848,38.01539],[126.82873,38.01544]]],[[[126.83079,38.01947],[126.83076,38.01925],[126.83076,38.01907],[126.83079,38.01947]]],[[[126.8769,38.06048],[126.87696,38.06046],[126.87699,38.06047],[126.8769,38.06048]]],[[[126.86302,38.06287],[126.86337,38.06281],[126.86346,38.06282],[126.86302,38.06287]]],[[[126.88691,38.06457],[126.88689,38.0644],[126.88681,38.06441],[126.88691,38.06457]]],[[[126.89213,38.07137],[126.89204,38.0713],[126.89195,38.07134],[126.89213,38.07137]]],[[[126.95357,38.12722],[126.95355,38.12702],[126.95347,38.12684],[126.95357,38.12722]]],[[[126.95412,38.12811],[126.95393,38.12776],[126.95385,38.12776],[126.95412,38.12811]]],[[[126.95458,38.12885],[126.95444,38.12859],[126.95422,38.12871],[126.95458,38.12885]]],[[[126.94386,38.12889],[126.94369,38.12888],[126.94347,38.12895],[126.94386,38.12889]]],[[[126.95219,38.12983],[126.95261,38.12968],[126.95274,38.12987],[126.95219,38.12983]]],[[[126.94213,38.13172],[126.94199,38.1315],[126.94184,38.13159],[126.94213,38.13172]]],[[[126.96569,38.16578],[126.96565,38.16561],[126.96565,38.16552],[126.96569,38.16578]]],[[[126.96456,38.16698],[126.96479,38.16691],[126.96493,38.16692],[126.96456,38.16698]]],[[[126.96699,38.16702],[126.96704,38.167],[126.96724,38.167],[126.96699,38.16702]]],[[[126.97131,38.17637],[126.97142,38.17636],[126.97152,38.17638],[126.97131,38.17637]]],[[[126.97574,38.17644],[126.97573,38.17638],[126.97555,38.17638],[126.97574,38.17644]]],[[[126.9736,38.18409],[126.97384,38.18397],[126.97387,38.18388],[126.9736,38.18409]]],[[[126.98296,38.18752],[126.98295,38.18738],[126.98303,38.1873],[126.98296,38.18752]]],[[[126.6256,37.17803],[126.62554,37.17804],[126.62578,37.17863],[126.6256,37.17803]]],[[[126.62644,37.17837],[126.62633,37.1784],[126.62637,37.17848],[126.62644,37.17837]]],[[[126.62837,37.17792],[126.62839,37.17797],[126.62987,37.1776],[126.62837,37.17792]]],[[[126.67376,37.11581],[126.67364,37.11579],[126.6733,37.11711],[126.67376,37.11581]]],[[[126.67516,37.116],[126.67516,37.11618],[126.67652,37.11619],[126.67516,37.116]]]]}},{"type":"Feature","properties":{"region":"전남","name":"전남"},"geometry":{"type":"MultiPolygon","coordinates":[[[[126.92181,33.98876],[126.92178,33.98875],[126.92176,33.98876],[126.92181,33.98876]]],[[[126.9218,33.98975],[126.93694,33.97925],[126.93455,33.96857],[126.91335,33.97187],[126.90993,33.98289],[126.92175,33.98977],[126.9218,33.98975]]],[[[126.9193,33.99022],[126.91889,33.98974],[126.91879,33.98979],[126.9193,33.99022]]],[[[127.31794,34.0095],[127.31781,34.00939],[127.31774,34.00945],[127.31794,34.0095]]],[[[127.31343,34.01123],[127.31317,34.01115],[127.31312,34.0112],[127.31343,34.01123]]],[[[127.295,34.01407],[127.29502,34.01394],[127.29495,34.01393],[127.295,34.01407]]],[[[127.29671,34.0141],[127.29665,34.01407],[127.29652,34.01407],[127.29671,34.0141]]],[[[127.29587,34.01431],[127.29596,34.01429],[127.29605,34.0143],[127.29587,34.01431]]],[[[127.29491,34.01434],[127.29485,34.0143],[127.2948,34.01433],[127.29491,34.01434]]],[[[127.29478,34.01449],[127.2948,34.01444],[127.29476,34.01442],[127.29478,34.01449]]],[[[127.32334,34.02079],[127.32318,34.02069],[127.32307,34.02056],[127.32334,34.02079]]],[[[127.3244,34.02142],[127.32414,34.02123],[127.32385,34.02137],[127.3244,34.02142]]],[[[127.2899,34.02207],[127.28986,34.02199],[127.28979,34.02203],[127.2899,34.02207]]],[[[127.31182,34.02174],[127.31189,34.02195],[127.312,34.02193],[127.31182,34.02174]]],[[[127.29042,34.02243],[127.2902,34.02231],[127.28985,34.02255],[127.29042,34.02243]]],[[[127.31267,34.02319],[127.31224,34.02312],[127.31207,34.02315],[127.31267,34.02319]]],[[[127.60846,34.02852],[127.60839,34.0285],[127.60833,34.02854],[127.60846,34.02852]]],[[[127.61244,34.03013],[127.61265,34.03005],[127.61271,34.03012],[127.61244,34.03013]]],[[[127.31019,34.02988],[127.32376,34.02535],[127.30931,34.02405],[127.31015,34.03006],[127.31019,34.02988]]],[[[127.61063,34.03002],[127.61063,34.02997],[127.6107,34.02999],[127.61063,34.03002]]],[[[127.6109,34.03113],[127.61102,34.031],[127.6111,34.03096],[127.6109,34.03113]]],[[[127.60964,34.0324],[127.60969,34.03233],[127.61008,34.03257],[127.60964,34.0324]]],[[[127.60885,34.03275],[127.60875,34.03268],[127.60858,34.03274],[127.60885,34.03275]]],[[[127.60759,34.03303],[127.60783,34.03299],[127.60808,34.03302],[127.60759,34.03303]]],[[[127.60789,34.03327],[127.60776,34.03324],[127.60762,34.03325],[127.60789,34.03327]]],[[[127.60694,34.03328],[127.60679,34.03325],[127.60673,34.03328],[127.60694,34.03328]]],[[[127.33472,34.03391],[127.33463,34.03384],[127.33452,34.03397],[127.33472,34.03391]]],[[[127.6081,34.03481],[127.60839,34.03463],[127.60847,34.03452],[127.6081,34.03481]]],[[[127.60448,34.03515],[127.60471,34.03505],[127.60477,34.03509],[127.60448,34.03515]]],[[[127.6078,34.03643],[127.60793,34.03626],[127.60808,34.03631],[127.6078,34.03643]]],[[[127.60643,34.03665],[127.60648,34.03662],[127.60657,34.03663],[127.60643,34.03665]]],[[[127.60425,34.03831],[127.60417,34.03793],[127.60409,34.03785],[127.60425,34.03831]]],[[[127.6061,34.0393],[127.60642,34.03912],[127.60684,34.03919],[127.6061,34.0393]]],[[[127.60579,34.03973],[127.60571,34.03967],[127.60574,34.03958],[127.60579,34.03973]]],[[[127.35997,34.03814],[127.35964,34.03807],[127.35836,34.03833],[127.35997,34.03814]]],[[[127.36314,34.04305],[127.36306,34.04295],[127.36297,34.04289],[127.36314,34.04305]]],[[[127.36171,34.0432],[127.35534,34.0431],[127.36114,34.04366],[127.36171,34.0432]]],[[[127.35262,34.04467],[127.35214,34.04456],[127.35158,34.0456],[127.35262,34.04467]]],[[[127.58785,34.04784],[127.58794,34.04776],[127.58788,34.0477],[127.58785,34.04784]]],[[[127.58811,34.04875],[127.58809,34.04867],[127.58791,34.0487],[127.58811,34.04875]]],[[[127.58757,34.04898],[127.58757,34.04893],[127.5876,34.0489],[127.58757,34.04898]]],[[[127.58786,34.05],[127.58765,34.04995],[127.58756,34.05014],[127.58786,34.05]]],[[[127.59064,34.05185],[127.59057,34.05184],[127.59037,34.05199],[127.59064,34.05185]]],[[[127.59016,34.05162],[127.58992,34.05148],[127.58996,34.05123],[127.59016,34.05162]]],[[[127.58269,34.05238],[127.58257,34.05228],[127.5825,34.05219],[127.58269,34.05238]]],[[[127.58837,34.05235],[127.5884,34.05227],[127.58846,34.05218],[127.58837,34.05235]]],[[[127.27461,34.05224],[127.27456,34.05219],[127.27448,34.05221],[127.27461,34.05224]]],[[[127.27672,34.05241],[127.2767,34.05237],[127.27651,34.05238],[127.27672,34.05241]]],[[[127.38857,34.05276],[127.38839,34.05266],[127.38811,34.05267],[127.38857,34.05276]]],[[[127.58525,34.05311],[127.58513,34.05306],[127.58508,34.0531],[127.58525,34.05311]]],[[[127.60392,34.05569],[127.60344,34.05528],[127.60316,34.05529],[127.60392,34.05569]]],[[[127.58419,34.05675],[127.58426,34.05669],[127.58469,34.05675],[127.58419,34.05675]]],[[[127.58329,34.0577],[127.58319,34.05763],[127.58314,34.05764],[127.58329,34.0577]]],[[[127.58291,34.05825],[127.5828,34.05815],[127.58273,34.05816],[127.58291,34.05825]]],[[[127.27828,34.05826],[127.27819,34.05823],[127.27808,34.05828],[127.27828,34.05826]]],[[[127.2805,34.05782],[127.28026,34.05776],[127.28001,34.05782],[127.2805,34.05782]]],[[[127.58112,34.06008],[127.58107,34.06004],[127.581,34.06004],[127.58112,34.06008]]],[[[127.3844,34.06001],[127.38425,34.05995],[127.38412,34.05998],[127.3844,34.06001]]],[[[127.58309,34.06118],[127.58319,34.06116],[127.58328,34.06117],[127.58309,34.06118]]],[[[127.58385,34.06221],[127.5837,34.06216],[127.58366,34.06219],[127.58385,34.06221]]],[[[127.31125,34.0501],[127.30585,34.0624],[127.32362,34.0588],[127.32447,34.04487],[127.33494,34.03581],[127.31327,34.04047],[127.30954,34.03249],[127.31128,34.05007],[127.31125,34.0501]]],[[[127.30926,34.06271],[127.30896,34.06258],[127.30886,34.0626],[127.30926,34.06271]]],[[[127.38874,34.06153],[127.39839,34.05536],[127.38437,34.0535],[127.38848,34.06158],[127.38874,34.06153]]],[[[127.30884,34.0628],[127.30867,34.06271],[127.30863,34.06283],[127.30884,34.0628]]],[[[127.29257,34.04691],[127.30843,34.02378],[127.30456,34.01892],[127.32423,34.01536],[127.32449,34.00492],[127.31767,34.01344],[127.29441,34.01541],[127.28885,34.03337],[127.28017,34.0372],[127.28165,34.05245],[127.27541,34.05282],[127.29492,34.05515],[127.29263,34.06351],[127.30067,34.05718],[127.29253,34.04693],[127.29257,34.04691]]],[[[127.58334,34.06391],[127.58326,34.06378],[127.58314,34.06373],[127.58334,34.06391]]],[[[127.58317,34.06417],[127.58308,34.06416],[127.58304,34.0642],[127.58317,34.06417]]],[[[127.58554,34.06499],[127.58559,34.06495],[127.58567,34.06495],[127.58554,34.06499]]],[[[127.58296,34.06529],[127.58298,34.06526],[127.58294,34.06524],[127.58296,34.06529]]],[[[127.31186,34.07378],[127.31176,34.07378],[127.31151,34.07382],[127.31186,34.07378]]],[[[125.09504,34.0635],[125.0951,34.06348],[125.09529,34.0635],[125.09504,34.0635]]],[[[125.08365,34.07502],[125.08368,34.07495],[125.08359,34.07496],[125.08365,34.07502]]],[[[125.08466,34.07507],[125.08451,34.07506],[125.08429,34.07512],[125.08466,34.07507]]],[[[126.59001,34.10417],[126.58999,34.10412],[126.58996,34.10408],[126.59001,34.10417]]],[[[127.51669,34.1134],[127.51685,34.11335],[127.5169,34.11338],[127.51669,34.1134]]],[[[125.10885,34.09273],[125.12356,34.08691],[125.12056,34.07262],[125.14312,34.05186],[125.11859,34.04847],[125.11449,34.06338],[125.08586,34.07352],[125.09432,34.07313],[125.09505,34.0846],[125.10786,34.09207],[125.10885,34.09273]]],[[[127.51099,34.11602],[127.5166,34.11378],[127.51079,34.11614],[127.51099,34.11602]]],[[[126.65763,34.11446],[126.65757,34.1144],[126.65749,34.11452],[126.65763,34.11446]]],[[[126.5763,34.11399],[126.57578,34.11398],[126.57569,34.11399],[126.5763,34.11399]]],[[[126.59573,34.11158],[126.60478,34.09907],[126.58401,34.09941],[126.59082,34.10493],[126.58535,34.11268],[126.59597,34.11197],[126.59573,34.11158]]],[[[125.09363,34.09704],[125.09379,34.09702],[125.094,34.09707],[125.09363,34.09704]]],[[[125.09273,34.09748],[125.09255,34.09745],[125.09222,34.09747],[125.09273,34.09748]]],[[[126.51901,34.11674],[126.51836,34.11643],[126.51833,34.11644],[126.51901,34.11674]]],[[[125.0985,34.10558],[125.09827,34.10553],[125.09811,34.10565],[125.0985,34.10558]]],[[[126.5743,34.12699],[126.57404,34.12682],[126.57329,34.12719],[126.5743,34.12699]]],[[[125.09261,34.1145],[125.09274,34.11434],[125.09268,34.1141],[125.09261,34.1145]]],[[[127.56217,34.13857],[127.56222,34.13855],[127.56226,34.13859],[127.56217,34.13857]]],[[[127.56073,34.13889],[127.56069,34.13879],[127.56058,34.13874],[127.56073,34.13889]]],[[[127.56138,34.13905],[127.56168,34.139],[127.56167,34.13889],[127.56138,34.13905]]],[[[126.5888,34.13551],[126.58869,34.13543],[126.58859,34.13546],[126.5888,34.13551]]],[[[127.56137,34.1393],[127.5615,34.13926],[127.56158,34.13927],[127.56137,34.1393]]],[[[126.56905,34.13623],[126.57187,34.12969],[126.56559,34.12872],[126.56899,34.13621],[126.56905,34.13623]]],[[[125.09509,34.11573],[125.09487,34.11558],[125.09475,34.11571],[125.09509,34.11573]]],[[[127.56209,34.14099],[127.56213,34.14094],[127.5622,34.14097],[127.56209,34.14099]]],[[[125.0854,34.11715],[125.08556,34.11677],[125.08424,34.11682],[125.0854,34.11715]]],[[[125.07849,34.11804],[125.07838,34.11761],[125.07785,34.11767],[125.07849,34.11804]]],[[[126.68214,34.14355],[126.68155,34.14306],[126.68132,34.14306],[126.68214,34.14355]]],[[[126.49259,34.1421],[126.49253,34.14159],[126.49211,34.14171],[126.49259,34.1421]]],[[[126.58773,34.1443],[126.58779,34.14428],[126.58796,34.14428],[126.58773,34.1443]]],[[[126.4981,34.14174],[126.49766,34.14159],[126.4973,34.14172],[126.4981,34.14174]]],[[[126.49153,34.14491],[126.49121,34.14406],[126.49059,34.14425],[126.49153,34.14491]]],[[[126.90049,34.14713],[126.90056,34.14696],[126.90056,34.14678],[126.90049,34.14713]]],[[[126.7459,34.14775],[126.74572,34.14694],[126.7453,34.14706],[126.7459,34.14775]]],[[[126.48969,34.14834],[126.48983,34.14833],[126.49005,34.14834],[126.48969,34.14834]]],[[[126.57853,34.14877],[126.57858,34.14871],[126.57906,34.14884],[126.57853,34.14877]]],[[[126.74726,34.14999],[126.74814,34.15616],[126.74713,34.15091],[126.74726,34.14999]]],[[[125.94355,34.14934],[125.94471,34.14072],[125.94186,34.149],[125.94355,34.14934]]],[[[126.49346,34.15459],[126.49344,34.15452],[126.49347,34.15446],[126.49346,34.15459]]],[[[126.58655,34.15318],[126.58649,34.15318],[126.58625,34.15339],[126.58655,34.15318]]],[[[126.59424,34.16057],[126.59423,34.16054],[126.59399,34.16061],[126.59424,34.16057]]],[[[126.59422,34.16181],[126.59417,34.16177],[126.59364,34.16199],[126.59422,34.16181]]],[[[126.59345,34.1621],[126.5935,34.16209],[126.59346,34.162],[126.59345,34.1621]]],[[[126.60388,34.16671],[126.6034,34.16656],[126.60314,34.1667],[126.60388,34.16671]]],[[[127.35787,34.1712],[127.35795,34.17112],[127.358,34.17113],[127.35787,34.1712]]],[[[125.94117,34.1552],[125.94269,34.1536],[125.94227,34.15232],[125.94117,34.1552]]],[[[126.58139,34.16901],[126.58135,34.16901],[126.58134,34.16903],[126.58139,34.16901]]],[[[126.48124,34.1692],[126.47695,34.16299],[126.48105,34.16977],[126.48124,34.1692]]],[[[126.61318,34.17257],[126.61234,34.17256],[126.61198,34.17256],[126.61318,34.17257]]],[[[127.35497,34.17199],[127.35395,34.17735],[127.35575,34.17247],[127.35497,34.17199]]],[[[126.4466,34.17293],[126.44648,34.17291],[126.4464,34.17295],[126.4466,34.17293]]],[[[126.64281,34.1754],[126.64305,34.17487],[126.64333,34.17453],[126.64281,34.1754]]],[[[126.596,34.17577],[126.59606,34.17527],[126.59589,34.17518],[126.596,34.17577]]],[[[126.64345,34.17553],[126.64341,34.17546],[126.64316,34.17546],[126.64345,34.17553]]],[[[126.62319,34.17611],[126.62309,34.17601],[126.62305,34.17606],[126.62319,34.17611]]],[[[126.56363,34.17424],[126.55762,34.17259],[126.56344,34.17441],[126.56363,34.17424]]],[[[127.35239,34.18093],[127.35235,34.18093],[127.35228,34.18094],[127.35239,34.18093]]],[[[126.62654,34.17858],[126.62558,34.17816],[126.62541,34.17821],[126.62654,34.17858]]],[[[126.53198,34.17906],[126.53195,34.17904],[126.53193,34.17911],[126.53198,34.17906]]],[[[126.49542,34.1808],[126.49527,34.18066],[126.49482,34.18078],[126.49542,34.1808]]],[[[126.59345,34.1621],[126.57762,34.15727],[126.56372,34.13538],[126.53268,34.12299],[126.51375,34.12311],[126.50473,34.13914],[126.5098,34.1501],[126.50467,34.15958],[126.53953,34.1818],[126.55503,34.16758],[126.57008,34.16962],[126.57273,34.16116],[126.58405,34.16988],[126.62078,34.16441],[126.62394,34.15713],[126.61569,34.14854],[126.60302,34.16115],[126.60362,34.14624],[126.59347,34.16216],[126.59345,34.1621]]],[[[126.47144,34.17692],[126.46681,34.18255],[126.47106,34.1783],[126.47144,34.17692]]],[[[126.62366,34.184],[126.62414,34.18375],[126.62423,34.18377],[126.62366,34.184]]],[[[126.62653,34.18436],[126.6271,34.18416],[126.62729,34.18409],[126.62653,34.18436]]],[[[126.52293,34.18349],[126.52281,34.18336],[126.52246,34.18336],[126.52293,34.18349]]],[[[127.07573,34.18547],[127.07549,34.18519],[127.07518,34.18499],[127.07573,34.18547]]],[[[127.07477,34.18733],[127.07424,34.18731],[127.07438,34.1882],[127.07477,34.18733]]],[[[126.59519,34.18611],[126.59413,34.18599],[126.59393,34.18627],[126.59519,34.18611]]],[[[126.84988,34.19023],[126.85002,34.18961],[126.84984,34.18921],[126.84988,34.19023]]],[[[126.92768,34.18969],[126.92091,34.18795],[126.92745,34.18975],[126.92768,34.18969]]],[[[126.62351,34.18956],[126.62348,34.18949],[126.62192,34.19002],[126.62351,34.18956]]],[[[126.44766,34.18822],[126.44754,34.1881],[126.44745,34.18812],[126.44766,34.18822]]],[[[127.07946,34.19307],[127.06995,34.19069],[127.0791,34.1932],[127.07946,34.19307]]],[[[126.4831,34.19194],[126.47905,34.17724],[126.47136,34.19045],[126.48304,34.19203],[126.4831,34.19194]]],[[[126.66837,34.19435],[126.66835,34.19428],[126.66798,34.19438],[126.66837,34.19435]]],[[[127.07674,34.19757],[127.07677,34.19741],[127.0768,34.19727],[127.07674,34.19757]]],[[[126.62064,34.19464],[126.62041,34.19448],[126.62004,34.19448],[126.62064,34.19464]]],[[[126.52061,34.19571],[126.52052,34.1957],[126.52056,34.19594],[126.52061,34.19571]]],[[[126.61525,34.19742],[126.6153,34.19734],[126.6156,34.19736],[126.61525,34.19742]]],[[[126.63006,34.1974],[126.62977,34.19731],[126.62959,34.19752],[126.63006,34.1974]]],[[[126.64996,34.19982],[126.684,34.18081],[126.65483,34.16999],[126.66848,34.16151],[126.66987,34.1475],[126.68249,34.14743],[126.67667,34.13948],[126.66814,34.1439],[126.66996,34.11985],[126.6596,34.11127],[126.65033,34.11584],[126.65018,34.13052],[126.63769,34.1226],[126.62803,34.14542],[126.6522,34.16919],[126.6429,34.17535],[126.64679,34.1824],[126.63423,34.17995],[126.64163,34.18355],[126.6334,34.18797],[126.64319,34.18662],[126.64983,34.19985],[126.64996,34.19982]]],[[[126.49527,34.19843],[126.48801,34.19781],[126.49556,34.19902],[126.49527,34.19843]]],[[[126.64539,34.20162],[126.64549,34.20162],[126.64556,34.20168],[126.64539,34.20162]]],[[[126.64546,34.20184],[126.64544,34.20182],[126.6453,34.20182],[126.64546,34.20184]]],[[[126.64524,34.20209],[126.64522,34.20206],[126.64512,34.20207],[126.64524,34.20209]]],[[[127.1492,34.20277],[127.14878,34.20258],[127.14733,34.20361],[127.1492,34.20277]]],[[[127.15343,34.20477],[127.15342,34.20463],[127.15337,34.20456],[127.15343,34.20477]]],[[[126.91073,34.20393],[126.9107,34.20384],[126.9106,34.20383],[126.91073,34.20393]]],[[[126.84824,34.20586],[126.8559,34.20366],[126.84821,34.20596],[126.84824,34.20586]]],[[[126.51096,34.19916],[126.51775,34.19908],[126.51006,34.18722],[126.48532,34.17957],[126.50567,34.20459],[126.51085,34.19919],[126.51096,34.19916]]],[[[126.54443,34.20339],[126.53926,34.19861],[126.54433,34.20346],[126.54443,34.20339]]],[[[125.85909,34.19835],[125.85931,34.19834],[125.85957,34.19835],[125.85909,34.19835]]],[[[127.17354,34.20928],[127.1677,34.20272],[127.15219,34.20599],[127.17286,34.20943],[127.17354,34.20928]]],[[[127.19918,34.21127],[127.19952,34.21126],[127.19971,34.21128],[127.19918,34.21127]]],[[[126.63852,34.20575],[126.63077,34.20624],[126.63852,34.2058],[126.63852,34.20575]]],[[[127.22474,34.21037],[127.22314,34.21004],[127.22229,34.21049],[127.22474,34.21037]]],[[[127.2611,34.21294],[127.26213,34.21283],[127.2624,34.21289],[127.2611,34.21294]]],[[[126.76364,34.21119],[126.77338,34.19608],[126.76059,34.17745],[126.74994,34.18764],[126.75089,34.20084],[126.76341,34.21122],[126.76364,34.21119]]],[[[126.62474,34.20809],[126.62425,34.20801],[126.62417,34.20814],[126.62474,34.20809]]],[[[127.23704,34.21351],[127.23718,34.21342],[127.23731,34.21351],[127.23704,34.21351]]],[[[126.91104,34.21292],[126.91112,34.21288],[126.91139,34.21289],[126.91104,34.21292]]],[[[126.51274,34.2108],[126.51302,34.21079],[126.51308,34.21081],[126.51274,34.2108]]],[[[127.01268,34.21397],[127.01268,34.2138],[127.01261,34.21368],[127.01268,34.21397]]],[[[127.13597,34.21749],[127.13627,34.21745],[127.13652,34.21738],[127.13597,34.21749]]],[[[125.49148,34.20044],[125.49108,34.20042],[125.49097,34.20053],[125.49148,34.20044]]],[[[126.89182,34.21651],[126.91015,34.21278],[126.91111,34.20595],[126.9033,34.20465],[126.91228,34.19164],[126.90658,34.18382],[126.91931,34.18669],[126.92515,34.17317],[126.90766,34.15108],[126.89907,34.15714],[126.88128,34.15003],[126.86893,34.16678],[126.85635,34.15177],[126.84923,34.16347],[126.85986,34.17046],[126.84732,34.17438],[126.851,34.18171],[126.85771,34.17777],[126.85198,34.18212],[126.86225,34.19465],[126.85775,34.20014],[126.89056,34.21695],[126.89182,34.21651]]],[[[125.80107,34.20659],[125.80087,34.20659],[125.8007,34.20662],[125.80107,34.20659]]],[[[126.6478,34.21619],[126.64758,34.21605],[126.64738,34.21619],[126.6478,34.21619]]],[[[125.47792,34.20282],[125.4774,34.2024],[125.47712,34.20249],[125.47792,34.20282]]],[[[126.51371,34.21168],[126.51346,34.21136],[126.51321,34.21154],[126.51371,34.21168]]],[[[126.98991,34.21614],[126.98976,34.21611],[126.98947,34.21618],[126.98991,34.21614]]],[[[126.43149,34.21543],[126.4314,34.21543],[126.43127,34.21545],[126.43149,34.21543]]],[[[125.88011,34.20923],[125.87998,34.20922],[125.87988,34.20932],[125.88011,34.20923]]],[[[125.48342,34.20516],[125.48326,34.20515],[125.48311,34.20526],[125.48342,34.20516]]],[[[126.54921,34.21835],[126.54903,34.21828],[126.54891,34.21839],[126.54921,34.21835]]],[[[125.48957,34.20587],[125.48975,34.20581],[125.48988,34.20594],[125.48957,34.20587]]],[[[125.48474,34.2059],[125.48457,34.20575],[125.48437,34.20576],[125.48474,34.2059]]],[[[125.48376,34.20642],[125.48388,34.20622],[125.48372,34.20594],[125.48376,34.20642]]],[[[127.1994,34.21815],[127.19342,34.22018],[127.19949,34.21849],[127.1994,34.21815]]],[[[125.47446,34.2066],[125.48226,34.20293],[125.47419,34.20693],[125.47446,34.2066]]],[[[126.42787,34.21975],[126.42816,34.21959],[126.42831,34.21952],[126.42787,34.21975]]],[[[125.47195,34.20751],[125.47155,34.20727],[125.47115,34.20746],[125.47195,34.20751]]],[[[127.2216,34.22138],[127.2206,34.22131],[127.22024,34.22141],[127.2216,34.22138]]],[[[127.01134,34.22435],[127.00318,34.22252],[127.0105,34.22434],[127.01134,34.22435]]],[[[126.62003,34.22266],[126.62004,34.22227],[126.61995,34.22227],[126.62003,34.22266]]],[[[126.61677,34.2235],[126.61675,34.22337],[126.61624,34.22339],[126.61677,34.2235]]],[[[127.46796,34.22681],[127.46808,34.22664],[127.46811,34.22659],[127.46796,34.22681]]],[[[126.16689,34.21964],[126.16684,34.21961],[126.16669,34.21969],[126.16689,34.21964]]],[[[126.05852,34.21835],[126.05845,34.2183],[126.0584,34.21838],[126.05852,34.21835]]],[[[127.4675,34.22732],[127.46767,34.22727],[127.46774,34.22719],[127.4675,34.22732]]],[[[125.46412,34.21056],[125.46434,34.21022],[125.4645,34.21017],[125.46412,34.21056]]],[[[126.17378,34.21984],[126.17375,34.21971],[126.17361,34.21971],[126.17378,34.21984]]],[[[125.84986,34.21781],[125.86225,34.20575],[125.84942,34.21802],[125.84986,34.21781]]],[[[126.05871,34.22069],[126.05865,34.22068],[126.05852,34.22073],[126.05871,34.22069]]],[[[126.57118,34.22608],[126.57115,34.22607],[126.57113,34.22612],[126.57118,34.22608]]],[[[125.46176,34.21077],[125.46165,34.21077],[125.46149,34.21083],[125.46176,34.21077]]],[[[126.03633,34.22098],[126.03628,34.2208],[126.03559,34.22038],[126.03633,34.22098]]],[[[126.57092,34.2265],[126.5709,34.22648],[126.57086,34.22652],[126.57092,34.2265]]],[[[127.27186,34.23031],[127.27184,34.23031],[127.27182,34.23034],[127.27186,34.23031]]],[[[125.47061,34.21417],[125.46796,34.20314],[125.47032,34.21399],[125.47061,34.21417]]],[[[126.77341,34.22825],[126.77997,34.22468],[126.7731,34.2283],[126.77341,34.22825]]],[[[125.83857,34.22019],[125.83862,34.22007],[125.83851,34.22007],[125.83857,34.22019]]],[[[125.86074,34.21967],[125.86091,34.21967],[125.86115,34.21968],[125.86074,34.21967]]],[[[126.38184,34.22653],[126.38233,34.22643],[126.3827,34.22647],[126.38184,34.22653]]],[[[126.16511,34.22474],[126.16007,34.2231],[126.1648,34.22492],[126.16511,34.22474]]],[[[127.46199,34.23093],[127.46146,34.23074],[127.46056,34.23088],[127.46199,34.23093]]],[[[127.26614,34.23192],[127.26613,34.23187],[127.26599,34.23188],[127.26614,34.23192]]],[[[126.16514,34.22577],[126.16461,34.22571],[126.16458,34.22579],[126.16514,34.22577]]],[[[126.57148,34.22838],[126.57116,34.22835],[126.57083,34.22841],[126.57148,34.22838]]],[[[126.0371,34.22392],[126.03724,34.22327],[126.03691,34.22319],[126.0371,34.22392]]],[[[127.26488,34.2332],[127.26561,34.23266],[127.2656,34.23258],[127.26488,34.2332]]],[[[125.49589,34.21673],[125.49563,34.21653],[125.49548,34.21654],[125.49589,34.21673]]],[[[126.15007,34.22675],[126.15019,34.2267],[126.15032,34.22671],[126.15007,34.22675]]],[[[126.16446,34.22801],[126.16455,34.22761],[126.16449,34.22747],[126.16446,34.22801]]],[[[127.27002,34.23694],[127.26981,34.23684],[127.26954,34.23686],[127.27002,34.23694]]],[[[126.08698,34.22949],[126.08715,34.22915],[126.08739,34.22903],[126.08698,34.22949]]],[[[127.26224,34.23753],[127.26207,34.2375],[127.26194,34.23754],[127.26224,34.23753]]],[[[127.26857,34.23807],[127.26913,34.23775],[127.26948,34.23777],[127.26857,34.23807]]],[[[125.84348,34.22554],[125.84528,34.21879],[125.84333,34.22561],[125.84348,34.22554]]],[[[126.61074,34.23517],[126.61072,34.23507],[126.61063,34.23508],[126.61074,34.23517]]],[[[126.61069,34.23518],[126.61064,34.23518],[126.61061,34.23519],[126.61069,34.23518]]],[[[126.40962,34.23337],[126.40941,34.23335],[126.40919,34.23337],[126.40962,34.23337]]],[[[126.56523,34.2352],[126.57332,34.22206],[126.57916,34.2286],[126.60771,34.22403],[126.62496,34.2033],[126.60203,34.20038],[126.61603,34.18229],[126.58658,34.19161],[126.58722,34.17263],[126.56106,34.1788],[126.56233,34.18926],[126.54864,34.18962],[126.55715,34.19527],[126.55321,34.2056],[126.5652,34.21136],[126.55616,34.21076],[126.5569,34.21818],[126.56761,34.22411],[126.55432,34.23348],[126.56439,34.23509],[126.56523,34.2352]]],[[[126.17101,34.23159],[126.17091,34.2315],[126.17077,34.23158],[126.17101,34.23159]]],[[[125.99027,34.2296],[125.99047,34.2296],[125.99066,34.22961],[125.99027,34.2296]]],[[[126.40496,34.22982],[126.40848,34.23389],[126.40524,34.2299],[126.40496,34.22982]]],[[[127.26781,34.23916],[127.26775,34.23909],[127.26801,34.23905],[127.26781,34.23916]]],[[[127.46052,34.23881],[127.46037,34.2388],[127.46042,34.23895],[127.46052,34.23881]]],[[[127.44921,34.23921],[127.44908,34.23918],[127.44896,34.23928],[127.44921,34.23921]]],[[[127.45045,34.24003],[127.45041,34.23995],[127.45018,34.24005],[127.45045,34.24003]]],[[[127.242,34.23974],[127.24198,34.23972],[127.24195,34.23972],[127.242,34.23974]]],[[[125.49584,34.2244],[125.49575,34.22439],[125.4957,34.22439],[125.49584,34.2244]]],[[[127.26743,34.23962],[127.26695,34.2396],[127.26661,34.24001],[127.26743,34.23962]]],[[[125.49573,34.22487],[125.4956,34.22487],[125.4954,34.2249],[125.49573,34.22487]]],[[[127.2798,34.24046],[127.27939,34.24041],[127.27915,34.24054],[127.2798,34.24046]]],[[[127.2803,34.24201],[127.2804,34.24197],[127.28061,34.24201],[127.2803,34.24201]]],[[[127.26445,34.2419],[127.26472,34.2418],[127.2648,34.24181],[127.26445,34.2419]]],[[[127.26566,34.24235],[127.26548,34.24232],[127.26544,34.24237],[127.26566,34.24235]]],[[[127.53633,34.24254],[127.53625,34.24227],[127.53612,34.24232],[127.53633,34.24254]]],[[[126.3874,34.23833],[126.38731,34.23831],[126.38718,34.23832],[126.3874,34.23833]]],[[[126.42086,34.23306],[126.41876,34.22365],[126.42018,34.2398],[126.41975,34.23369],[126.42086,34.23306]]],[[[126.07709,34.23166],[126.07729,34.23097],[126.0763,34.23123],[126.07709,34.23166]]],[[[126.58122,34.23851],[126.58096,34.23847],[126.58072,34.23867],[126.58122,34.23851]]],[[[126.18292,34.23692],[126.1831,34.23675],[126.18319,34.23664],[126.18292,34.23692]]],[[[125.47697,34.22841],[125.4769,34.22835],[125.47665,34.22837],[125.47697,34.22841]]],[[[127.53554,34.24526],[127.53574,34.2452],[127.53589,34.2452],[127.53554,34.24526]]],[[[127.45666,34.2459],[127.45599,34.24586],[127.45588,34.2459],[127.45666,34.2459]]],[[[125.99623,34.23752],[125.99621,34.23748],[125.99616,34.23749],[125.99623,34.23752]]],[[[125.92625,34.23812],[125.92588,34.23792],[125.92571,34.23795],[125.92625,34.23812]]],[[[126.17423,34.24108],[126.17776,34.23681],[126.17388,34.24112],[126.17423,34.24108]]],[[[125.96339,34.2379],[125.96327,34.23693],[125.96285,34.23707],[125.96339,34.2379]]],[[[126.06871,34.23885],[126.06817,34.23825],[126.0675,34.23831],[126.06871,34.23885]]],[[[126.56916,34.24487],[126.56897,34.24474],[126.56895,34.24474],[126.56916,34.24487]]],[[[125.92668,34.2384],[125.92627,34.23818],[125.92607,34.23838],[125.92668,34.2384]]],[[[127.45104,34.24881],[127.45492,34.24323],[127.44494,34.24249],[127.45124,34.24911],[127.45104,34.24881]]],[[[127.45125,34.25051],[127.45155,34.25039],[127.45158,34.25024],[127.45125,34.25051]]],[[[127.25493,34.25044],[127.26195,34.24498],[127.26166,34.22724],[127.2492,34.22122],[127.25914,34.21389],[127.24107,34.21986],[127.22676,34.21324],[127.2335,34.23679],[127.2542,34.25064],[127.25493,34.25044]]],[[[126.0823,34.24249],[126.08206,34.24241],[126.08161,34.24301],[126.0823,34.24249]]],[[[126.56531,34.24593],[126.56572,34.24581],[126.56634,34.2459],[126.56531,34.24593]]],[[[126.3281,34.247],[126.32793,34.24696],[126.32781,34.24696],[126.3281,34.247]]],[[[126.61348,34.25041],[126.62563,34.23844],[126.59452,34.23348],[126.59535,34.24335],[126.61317,34.25051],[126.61348,34.25041]]],[[[126.07387,34.24579],[126.07384,34.24558],[126.07358,34.24569],[126.07387,34.24579]]],[[[125.92993,34.24349],[125.92944,34.24341],[125.92923,34.24375],[125.92993,34.24349]]],[[[125.92301,34.24435],[125.92291,34.24435],[125.92284,34.24438],[125.92301,34.24435]]],[[[125.95394,34.24506],[125.95392,34.2449],[125.95386,34.24493],[125.95394,34.24506]]],[[[125.92566,34.24577],[125.92556,34.24552],[125.92533,34.24558],[125.92566,34.24577]]],[[[125.93114,34.24498],[125.93054,34.24494],[125.9304,34.24554],[125.93114,34.24498]]],[[[127.45172,34.25378],[127.45161,34.25377],[127.45143,34.25379],[127.45172,34.25378]]],[[[126.08772,34.2479],[126.07643,34.2469],[126.08729,34.24811],[126.08772,34.2479]]],[[[126.09944,34.24849],[126.09948,34.24837],[126.0994,34.24839],[126.09944,34.24849]]],[[[125.93628,34.24635],[125.94027,34.2384],[125.94929,34.24552],[125.95583,34.24099],[125.9284,34.2302],[125.93595,34.2468],[125.93628,34.24635]]],[[[126.33014,34.25121],[126.33019,34.25117],[126.33034,34.25119],[126.33014,34.25121]]],[[[125.91442,34.24604],[125.91075,34.24239],[125.91512,34.24665],[125.91442,34.24604]]],[[[125.93574,34.24695],[125.93565,34.2469],[125.93559,34.24691],[125.93574,34.24695]]],[[[126.15145,34.2494],[126.15137,34.2494],[126.15126,34.24941],[126.15145,34.2494]]],[[[125.91018,34.24646],[125.90998,34.24635],[125.90976,34.24636],[125.91018,34.24646]]],[[[125.89843,34.24544],[125.89817,34.24543],[125.89784,34.24558],[125.89843,34.24544]]],[[[127.54306,34.25804],[127.543,34.25798],[127.54292,34.25799],[127.54306,34.25804]]],[[[127.01333,34.25702],[127.01568,34.24036],[127.0133,34.25708],[127.01333,34.25702]]],[[[127.45151,34.25799],[127.45096,34.25737],[127.45071,34.25724],[127.45151,34.25799]]],[[[126.06341,34.2509],[126.06344,34.2507],[126.06335,34.25048],[126.06341,34.2509]]],[[[125.92597,34.25139],[125.92531,34.24607],[125.92592,34.2514],[125.92597,34.25139]]],[[[127.53841,34.26192],[127.5383,34.26184],[127.53819,34.26185],[127.53841,34.26192]]],[[[126.05067,34.25366],[126.06224,34.24981],[126.06507,34.24028],[126.05762,34.225],[126.02442,34.23157],[126.02564,34.23847],[126.05414,34.24191],[126.05056,34.25376],[126.05067,34.25366]]],[[[126.41861,34.25752],[126.41843,34.25751],[126.41819,34.25758],[126.41861,34.25752]]],[[[126.42225,34.25788],[126.42201,34.2578],[126.42176,34.25786],[126.42225,34.25788]]],[[[126.15615,34.25434],[126.15528,34.25403],[126.15548,34.25493],[126.15615,34.25434]]],[[[126.01946,34.25386],[126.01934,34.25383],[126.01926,34.25384],[126.01946,34.25386]]],[[[126.00228,34.25312],[126.00205,34.25286],[126.00155,34.25305],[126.00228,34.25312]]],[[[125.99351,34.25414],[125.99341,34.25363],[125.99296,34.25381],[125.99351,34.25414]]],[[[127.25799,34.26444],[127.26112,34.2583],[127.25781,34.26441],[127.25799,34.26444]]],[[[125.92507,34.25488],[125.92565,34.25431],[125.92619,34.25433],[125.92507,34.25488]]],[[[127.54131,34.26543],[127.54126,34.26537],[127.54122,34.26537],[127.54131,34.26543]]],[[[127.54052,34.26549],[127.54043,34.26545],[127.54039,34.2655],[127.54052,34.26549]]],[[[126.11623,34.25731],[126.11599,34.25728],[126.11565,34.25736],[126.11623,34.25731]]],[[[127.54158,34.26591],[127.54155,34.26587],[127.54141,34.26587],[127.54158,34.26591]]],[[[127.00704,34.26487],[127.00675,34.26484],[127.00647,34.26516],[127.00704,34.26487]]],[[[126.18585,34.25706],[126.17516,34.24197],[126.17695,34.25349],[126.18615,34.25761],[126.18585,34.25706]]],[[[126.45527,34.26303],[126.44629,34.2618],[126.45509,34.2634],[126.45527,34.26303]]],[[[127.26983,34.26858],[127.26972,34.26857],[127.26956,34.26863],[127.26983,34.26858]]],[[[127.53137,34.26955],[127.53969,34.26722],[127.53624,34.26094],[127.53061,34.26929],[127.53137,34.26955]]],[[[126.11024,34.26126],[126.10991,34.26116],[126.10938,34.26142],[126.11024,34.26126]]],[[[126.05497,34.25805],[126.04819,34.25799],[126.05459,34.25941],[126.05497,34.25805]]],[[[127.27113,34.26994],[127.27107,34.2698],[127.2706,34.26984],[127.27113,34.26994]]],[[[126.112,34.26381],[126.11191,34.26373],[126.1119,34.26358],[126.112,34.26381]]],[[[126.17493,34.26371],[126.17514,34.2637],[126.17531,34.26371],[126.17493,34.26371]]],[[[125.92429,34.25934],[125.916,34.24762],[125.91683,34.25415],[125.89824,34.24643],[125.90142,34.25682],[125.92393,34.25982],[125.92429,34.25934]]],[[[127.00785,34.26803],[127.00764,34.26794],[127.00723,34.2683],[127.00785,34.26803]]],[[[126.428,34.26624],[126.42811,34.26589],[126.42801,34.26569],[126.428,34.26624]]],[[[126.01205,34.26273],[126.01167,34.26219],[126.01132,34.26233],[126.01205,34.26273]]],[[[126.14628,34.26524],[126.15576,34.25854],[126.14598,34.26535],[126.14628,34.26524]]],[[[126.12776,34.26578],[126.12772,34.26575],[126.12759,34.26576],[126.12776,34.26578]]],[[[126.02503,34.26527],[126.02498,34.26524],[126.02493,34.26527],[126.02503,34.26527]]],[[[126.00939,34.26506],[126.00948,34.26485],[126.00946,34.26467],[126.00939,34.26506]]],[[[126.16801,34.26776],[126.16809,34.26767],[126.16817,34.26769],[126.16801,34.26776]]],[[[126.02546,34.26596],[126.02538,34.26594],[126.02529,34.26596],[126.02546,34.26596]]],[[[127.2806,34.27475],[127.26842,34.27212],[127.28049,34.27521],[127.2806,34.27475]]],[[[126.42439,34.27177],[126.42991,34.27017],[126.42413,34.27182],[126.42439,34.27177]]],[[[126.09228,34.26869],[126.09226,34.2686],[126.09217,34.26862],[126.09228,34.26869]]],[[[126.12655,34.26939],[126.12649,34.26939],[126.12644,34.26933],[126.12655,34.26939]]],[[[126.45278,34.27276],[126.4528,34.27275],[126.45351,34.27276],[126.45278,34.27276]]],[[[126.1002,34.26826],[126.11106,34.26267],[126.10015,34.26831],[126.1002,34.26826]]],[[[127.2751,34.27907],[127.2752,34.27906],[127.27535,34.27907],[127.2751,34.27907]]],[[[126.05575,34.26958],[126.05549,34.26957],[126.05524,34.26986],[126.05575,34.26958]]],[[[127.1563,34.27897],[127.15607,34.27894],[127.15581,34.27894],[127.1563,34.27897]]],[[[127.2813,34.27968],[127.28099,34.27961],[127.28074,34.2796],[127.2813,34.27968]]],[[[126.09378,34.27372],[126.09382,34.27361],[126.09386,34.27352],[126.09378,34.27372]]],[[[127.3307,34.27953],[127.33063,34.27949],[127.33047,34.27954],[127.3307,34.27953]]],[[[127.29349,34.28155],[127.29352,34.28121],[127.29344,34.28107],[127.29349,34.28155]]],[[[127.15601,34.28132],[127.1559,34.28119],[127.15574,34.28123],[127.15601,34.28132]]],[[[126.0942,34.27455],[126.09416,34.2745],[126.09378,34.27458],[126.0942,34.27455]]],[[[127.00525,34.28234],[127.00536,34.28232],[127.00544,34.28232],[127.00525,34.28234]]],[[[127.15972,34.28122],[127.15955,34.28121],[127.15935,34.28128],[127.15972,34.28122]]],[[[126.12218,34.27761],[126.12187,34.2776],[126.12175,34.27762],[126.12218,34.27761]]],[[[126.3833,34.28041],[126.38325,34.28041],[126.38313,34.28042],[126.3833,34.28041]]],[[[127.44031,34.2867],[127.44006,34.28656],[127.43991,34.28648],[127.44031,34.2867]]],[[[126.56493,34.28215],[126.57029,34.27676],[126.53914,34.2779],[126.56436,34.28251],[126.56493,34.28215]]],[[[125.992,34.27787],[125.99339,34.2641],[126.00611,34.26801],[126.00132,34.25451],[125.99313,34.25471],[125.9906,34.27053],[125.97944,34.26709],[125.97867,34.2757],[125.9919,34.27796],[125.992,34.27787]]],[[[126.07453,34.28042],[126.07452,34.28024],[126.07446,34.28024],[126.07453,34.28042]]],[[[127.85457,34.2882],[127.85453,34.28813],[127.85443,34.28808],[127.85457,34.2882]]],[[[127.8541,34.28867],[127.85406,34.28862],[127.85398,34.28862],[127.8541,34.28867]]],[[[126.89925,34.28788],[126.89957,34.28781],[126.89985,34.28787],[126.89925,34.28788]]],[[[127.26737,34.29028],[127.2676,34.29021],[127.2678,34.29038],[127.26737,34.29028]]],[[[126.34277,34.28473],[126.34267,34.2847],[126.34258,34.28473],[126.34277,34.28473]]],[[[126.35155,34.28363],[126.35146,34.28362],[126.35124,34.28372],[126.35155,34.28363]]],[[[126.86773,34.28178],[126.86432,34.28995],[126.8678,34.28184],[126.86773,34.28178]]],[[[126.34858,34.28553],[126.34859,34.28537],[126.34866,34.28525],[126.34858,34.28553]]],[[[126.02298,34.28519],[126.02289,34.28516],[126.02284,34.28528],[126.02298,34.28519]]],[[[126.47632,34.28864],[126.46612,34.27909],[126.47653,34.28908],[126.47632,34.28864]]],[[[126.47954,34.28942],[126.47925,34.28918],[126.47874,34.28935],[126.47954,34.28942]]],[[[126.62396,34.2903],[126.62338,34.28967],[126.62323,34.28969],[126.62396,34.2903]]],[[[125.99192,34.28548],[125.99173,34.28537],[125.99166,34.28538],[125.99192,34.28548]]],[[[127.35256,34.2887],[127.37036,34.28877],[127.34868,34.26777],[127.35257,34.2954],[127.35254,34.28878],[127.35256,34.2887]]],[[[127.3651,34.29459],[127.36497,34.29458],[127.36466,34.29458],[127.3651,34.29459]]],[[[127.3812,34.29509],[127.37061,34.29515],[127.38138,34.29538],[127.3812,34.29509]]],[[[126.61189,34.29304],[126.60651,34.28205],[126.61133,34.29302],[126.61189,34.29304]]],[[[127.39695,34.2969],[127.3974,34.28058],[127.39023,34.27964],[127.38641,34.29163],[127.39578,34.29714],[127.39695,34.2969]]],[[[126.0111,34.2882],[126.01109,34.28817],[126.01099,34.28817],[126.0111,34.2882]]],[[[126.51382,34.29349],[126.5137,34.29337],[126.51347,34.29344],[126.51382,34.29349]]],[[[125.98778,34.28838],[125.98769,34.28833],[125.98764,34.28835],[125.98778,34.28838]]],[[[126.86395,34.29757],[126.86386,34.29754],[126.8638,34.29756],[126.86395,34.29757]]],[[[127.29545,34.29996],[127.2956,34.29994],[127.29567,34.29996],[127.29545,34.29996]]],[[[127.29459,34.29952],[127.29431,34.29944],[127.29391,34.29954],[127.29459,34.29952]]],[[[126.00681,34.29042],[126.00623,34.2903],[126.00583,34.29031],[126.00681,34.29042]]],[[[125.99651,34.29136],[126.00187,34.28958],[125.99187,34.28773],[125.99639,34.29154],[125.99651,34.29136]]],[[[126.86636,34.30179],[126.86648,34.30179],[126.86667,34.30179],[126.86636,34.30179]]],[[[126.83579,34.29853],[126.83453,34.29828],[126.83383,34.29868],[126.83579,34.29853]]],[[[126.86191,34.30325],[126.8623,34.30301],[126.86248,34.3032],[126.86191,34.30325]]],[[[126.89032,34.30377],[126.88993,34.30354],[126.88972,34.30358],[126.89032,34.30377]]],[[[127.12986,34.3044],[127.12077,34.30319],[127.12928,34.30469],[127.12986,34.3044]]],[[[126.88854,34.30526],[126.8881,34.30516],[126.88775,34.30528],[126.88854,34.30526]]],[[[126.9897,34.30669],[126.99063,34.30636],[126.99077,34.30636],[126.9897,34.30669]]],[[[126.51114,34.3027],[126.50781,34.29799],[126.51116,34.30288],[126.51114,34.3027]]],[[[126.59106,34.30154],[126.59351,34.29117],[126.57538,34.28903],[126.59133,34.30156],[126.59106,34.30154]]],[[[126.99189,34.3067],[126.99198,34.3067],[126.9926,34.30673],[126.99189,34.3067]]],[[[127.00223,34.30612],[127.00211,34.30591],[127.00196,34.30577],[127.00223,34.30612]]],[[[126.67961,34.30538],[126.67956,34.30535],[126.67947,34.30555],[126.67961,34.30538]]],[[[126.09646,34.30156],[126.09632,34.30152],[126.09616,34.30179],[126.09646,34.30156]]],[[[126.09715,34.30208],[126.09714,34.30208],[126.09711,34.30208],[126.09715,34.30208]]],[[[125.96883,34.30095],[125.96873,34.30078],[125.96851,34.30079],[125.96883,34.30095]]],[[[127.08664,34.30854],[127.08639,34.30805],[127.08629,34.30805],[127.08664,34.30854]]],[[[125.94853,34.30183],[125.94827,34.30116],[125.9473,34.30117],[125.94853,34.30183]]],[[[126.08828,34.30456],[126.08803,34.30454],[126.08803,34.30458],[126.08828,34.30456]]],[[[125.99571,34.30369],[125.99585,34.30366],[125.99592,34.30368],[125.99571,34.30369]]],[[[125.95818,34.30301],[125.9579,34.303],[125.95789,34.30309],[125.95818,34.30301]]],[[[127.06262,34.31256],[127.06306,34.31227],[127.06309,34.3122],[127.06262,34.31256]]],[[[125.99604,34.30383],[125.99595,34.30374],[125.99572,34.30375],[125.99604,34.30383]]],[[[125.94508,34.30348],[125.94506,34.30346],[125.94491,34.30352],[125.94508,34.30348]]],[[[125.97289,34.30411],[125.98432,34.2967],[125.97297,34.29784],[125.97264,34.30427],[125.97289,34.30411]]],[[[127.06126,34.31266],[127.06097,34.31265],[127.06095,34.31269],[127.06126,34.31266]]],[[[127.1029,34.30709],[127.09473,34.30414],[127.10109,34.31327],[127.10227,34.30755],[127.1029,34.30709]]],[[[126.61119,34.30958],[126.61103,34.30954],[126.61098,34.30954],[126.61119,34.30958]]],[[[126.01179,34.30492],[126.0118,34.30479],[126.01171,34.30481],[126.01179,34.30492]]],[[[127.24076,34.31293],[127.2405,34.31285],[127.24026,34.3129],[127.24076,34.31293]]],[[[127.0621,34.31287],[127.06198,34.31282],[127.06183,34.31282],[127.0621,34.31287]]],[[[126.59978,34.31178],[126.59952,34.31178],[126.59951,34.31199],[126.59978,34.31178]]],[[[126.01296,34.30509],[126.01248,34.30509],[126.0122,34.30509],[126.01296,34.30509]]],[[[127.13059,34.31496],[127.1354,34.30954],[127.12968,34.31545],[127.13059,34.31496]]],[[[127.12864,34.31489],[127.12839,34.31456],[127.12766,34.31463],[127.12864,34.31489]]],[[[126.02244,34.30687],[126.02226,34.30673],[126.02219,34.30674],[126.02244,34.30687]]],[[[126.06113,34.30798],[126.06135,34.30793],[126.06135,34.30792],[126.06113,34.30798]]],[[[125.90316,34.30634],[125.90339,34.3063],[125.90354,34.30629],[125.90316,34.30634]]],[[[125.97125,34.30663],[125.97092,34.30652],[125.97102,34.3068],[125.97125,34.30663]]],[[[126.75678,34.31635],[126.75633,34.31614],[126.75588,34.31626],[126.75678,34.31635]]],[[[125.96856,34.31009],[125.96798,34.30994],[125.96792,34.31005],[125.96856,34.31009]]],[[[125.8869,34.30924],[125.88679,34.30924],[125.88674,34.30938],[125.8869,34.30924]]],[[[125.8882,34.30978],[125.88809,34.30975],[125.88805,34.30975],[125.8882,34.30978]]],[[[127.01859,34.31919],[127.01856,34.31914],[127.01849,34.31914],[127.01859,34.31919]]],[[[125.98972,34.31102],[125.98891,34.31088],[125.98882,34.31092],[125.98972,34.31102]]],[[[125.94733,34.30631],[125.94427,34.31153],[125.94743,34.30637],[125.94733,34.30631]]],[[[127.01224,34.32059],[127.01237,34.32054],[127.01246,34.32046],[127.01224,34.32059]]],[[[126.5035,34.31442],[126.50338,34.31427],[126.50334,34.31421],[126.5035,34.31442]]],[[[127.09156,34.32196],[127.0913,34.32166],[127.09127,34.32168],[127.09156,34.32196]]],[[[127.32221,34.31837],[127.31632,34.32108],[127.32184,34.3185],[127.32221,34.31837]]],[[[126.61046,34.3207],[126.61012,34.32047],[126.60968,34.32052],[126.61046,34.3207]]],[[[125.96397,34.31467],[125.95191,34.30851],[125.96333,34.31499],[125.96397,34.31467]]],[[[126.01603,34.31748],[126.01877,34.31038],[126.00516,34.30575],[126.0064,34.31265],[125.99764,34.31387],[126.01615,34.31768],[126.01603,34.31748]]],[[[125.94508,34.3169],[125.94494,34.31689],[125.94484,34.31689],[125.94508,34.3169]]],[[[125.94616,34.31727],[125.9461,34.31722],[125.94603,34.31726],[125.94616,34.31727]]],[[[126.03986,34.31846],[126.05368,34.30386],[126.08806,34.3113],[126.08522,34.29962],[126.09532,34.2759],[126.07548,34.28529],[126.06767,34.2738],[126.06449,34.2895],[126.05253,34.28716],[126.05552,34.27461],[126.04907,34.28445],[126.02344,34.28601],[126.02882,34.2905],[126.01577,34.29212],[126.01818,34.29947],[126.03356,34.30601],[126.02195,34.3101],[126.03982,34.31847],[126.03986,34.31846]]],[[[126.13085,34.31954],[126.1305,34.31952],[126.13013,34.31966],[126.13085,34.31954]]],[[[127.07829,34.32711],[127.07827,34.32703],[127.07809,34.32704],[127.07829,34.32711]]],[[[126.12574,34.32047],[126.12549,34.3204],[126.12539,34.32048],[126.12574,34.32047]]],[[[126.30242,34.32276],[126.30235,34.32252],[126.3021,34.32259],[126.30242,34.32276]]],[[[125.97598,34.32079],[125.97998,34.31543],[125.97202,34.30777],[125.96803,34.319],[125.97516,34.32121],[125.97598,34.32079]]],[[[126.89735,34.32625],[126.89698,34.32616],[126.89658,34.32639],[126.89735,34.32625]]],[[[127.0848,34.33037],[127.08887,34.3205],[127.07808,34.32655],[127.08478,34.33038],[127.0848,34.33037]]],[[[126.04435,34.32221],[126.04419,34.32194],[126.04402,34.32198],[126.04435,34.32221]]],[[[126.65406,34.32834],[126.65402,34.32836],[126.65406,34.32846],[126.65406,34.32834]]],[[[126.29557,34.32483],[126.30118,34.3211],[126.29483,34.3253],[126.29557,34.32483]]],[[[126.65454,34.32867],[126.65465,34.32866],[126.65472,34.32865],[126.65454,34.32867]]],[[[126.65454,34.32867],[126.65452,34.32862],[126.65438,34.32866],[126.65454,34.32867]]],[[[126.28952,34.32492],[126.28962,34.32476],[126.28956,34.32464],[126.28952,34.32492]]],[[[126.17136,34.32383],[126.17067,34.3237],[126.17062,34.32418],[126.17136,34.32383]]],[[[127.37529,34.33279],[127.37576,34.33253],[127.37592,34.33225],[127.37529,34.33279]]],[[[126.90749,34.32696],[126.90313,34.33163],[126.90745,34.32712],[126.90749,34.32696]]],[[[126.02487,34.32119],[126.02454,34.32118],[126.02447,34.32131],[126.02487,34.32119]]],[[[126.96158,34.33253],[126.96169,34.33248],[126.96188,34.33243],[126.96158,34.33253]]],[[[127.02923,34.33369],[127.02916,34.33367],[127.02913,34.33372],[127.02923,34.33369]]],[[[127.07988,34.33549],[127.07987,34.33466],[127.07995,34.33469],[127.07988,34.33549]]],[[[126.29965,34.32978],[126.29989,34.32941],[126.29985,34.3289],[126.29965,34.32978]]],[[[126.76011,34.33475],[126.76006,34.33471],[126.75996,34.33479],[126.76011,34.33475]]],[[[127.03027,34.33629],[127.03032,34.33624],[127.03034,34.33625],[127.03027,34.33629]]],[[[126.1237,34.32959],[126.12368,34.32882],[126.12316,34.32807],[126.1237,34.32959]]],[[[126.15134,34.32992],[126.15738,34.32768],[126.15066,34.33014],[126.15134,34.32992]]],[[[126.47742,34.33298],[126.47697,34.33296],[126.47632,34.33311],[126.47742,34.33298]]],[[[126.90482,34.33607],[126.90469,34.33601],[126.90456,34.33606],[126.90482,34.33607]]],[[[126.14908,34.33103],[126.14899,34.33095],[126.14893,34.33096],[126.14908,34.33103]]],[[[125.98104,34.32926],[125.98071,34.32909],[125.98063,34.32927],[125.98104,34.32926]]],[[[126.98628,34.33789],[126.98619,34.33788],[126.98618,34.33793],[126.98628,34.33789]]],[[[126.61947,34.33652],[126.6192,34.33633],[126.61894,34.33638],[126.61947,34.33652]]],[[[126.3028,34.33373],[126.30241,34.33365],[126.30199,34.33376],[126.3028,34.33373]]],[[[125.9802,34.32563],[125.97513,34.32597],[125.98014,34.32689],[125.9802,34.32563]]],[[[125.98476,34.33094],[125.9849,34.33084],[125.98489,34.3307],[125.98476,34.33094]]],[[[127.0222,34.3394],[127.02256,34.33936],[127.02291,34.33932],[127.0222,34.3394]]],[[[126.60376,34.33572],[126.60342,34.33546],[126.60339,34.33549],[126.60376,34.33572]]],[[[126.29815,34.33207],[126.298,34.33178],[126.29785,34.33186],[126.29815,34.33207]]],[[[126.47726,34.33639],[126.477,34.33633],[126.47675,34.33654],[126.47726,34.33639]]],[[[126.91608,34.3396],[126.91057,34.33835],[126.91617,34.33998],[126.91608,34.3396]]],[[[126.98493,34.33985],[127.00464,34.33701],[127.01617,34.3247],[126.9726,34.3025],[126.96018,34.31],[126.95775,34.32736],[126.96903,34.33834],[126.98476,34.3401],[126.98493,34.33985]]],[[[126.04939,34.3333],[126.04909,34.33302],[126.04856,34.33319],[126.04939,34.3333]]],[[[126.51717,34.33901],[126.51677,34.33884],[126.51632,34.33885],[126.51717,34.33901]]],[[[126.61904,34.33757],[126.6186,34.33736],[126.61848,34.33738],[126.61904,34.33757]]],[[[126.61118,34.34184],[126.61105,34.3417],[126.61084,34.34189],[126.61118,34.34184]]],[[[127.01442,34.34392],[127.01432,34.34386],[127.01414,34.34399],[127.01442,34.34392]]],[[[127.0248,34.34389],[127.02482,34.34374],[127.02454,34.34376],[127.0248,34.34389]]],[[[126.79193,34.34463],[126.79176,34.34458],[126.7916,34.34465],[126.79193,34.34463]]],[[[126.51404,34.34329],[126.51378,34.34325],[126.51362,34.34348],[126.51404,34.34329]]],[[[126.78663,34.34592],[126.78649,34.34584],[126.78646,34.34588],[126.78663,34.34592]]],[[[125.99519,34.33845],[125.99575,34.33793],[125.9961,34.3376],[125.99519,34.33845]]],[[[127.02032,34.34726],[127.02003,34.34694],[127.01989,34.34676],[127.02032,34.34726]]],[[[126.02162,34.3393],[126.02105,34.33919],[126.02077,34.33934],[126.02162,34.3393]]],[[[126.5147,34.34458],[126.51408,34.34444],[126.51376,34.34474],[126.5147,34.34458]]],[[[126.46944,34.34336],[126.4778,34.34332],[126.47347,34.33138],[126.46395,34.34539],[126.46939,34.34341],[126.46944,34.34336]]],[[[125.99897,34.34026],[125.99854,34.34022],[125.99814,34.34049],[125.99897,34.34026]]],[[[126.02792,34.34173],[126.05322,34.33188],[126.06042,34.32113],[126.03857,34.32236],[126.04663,34.32386],[126.03686,34.33043],[126.01066,34.32127],[125.99487,34.32726],[125.9979,34.33906],[126.016,34.33219],[126.01133,34.33887],[126.02748,34.34216],[126.02792,34.34173]]],[[[126.76844,34.34892],[126.76839,34.34892],[126.76836,34.34892],[126.76844,34.34892]]],[[[125.97896,34.3434],[125.97885,34.34338],[125.97877,34.34351],[125.97896,34.3434]]],[[[126.01489,34.34386],[126.01471,34.34372],[126.01451,34.34381],[126.01489,34.34386]]],[[[126.18762,34.34681],[126.18742,34.34668],[126.18742,34.34706],[126.18762,34.34681]]],[[[125.95886,34.34455],[125.95875,34.34454],[125.95855,34.34459],[125.95886,34.34455]]],[[[125.97542,34.34453],[125.97567,34.34428],[125.97596,34.34418],[125.97542,34.34453]]],[[[126.79462,34.35212],[126.7938,34.3515],[126.79267,34.35169],[126.79462,34.35212]]],[[[126.76992,34.35305],[126.76976,34.35236],[126.76961,34.35248],[126.76992,34.35305]]],[[[126.21364,34.34953],[126.21394,34.34908],[126.21438,34.34912],[126.21364,34.34953]]],[[[126.99298,34.3554],[126.99287,34.35535],[126.99285,34.35541],[126.99298,34.3554]]],[[[127.08754,34.35507],[127.08747,34.35499],[127.08735,34.35499],[127.08754,34.35507]]],[[[126.99251,34.35545],[126.99264,34.35546],[126.99279,34.35552],[126.99251,34.35545]]],[[[127.08926,34.3557],[127.0892,34.35559],[127.08909,34.35554],[127.08926,34.3557]]],[[[126.18015,34.34939],[126.18001,34.34931],[126.17963,34.34956],[126.18015,34.34939]]],[[[127.43748,34.35652],[127.43724,34.35643],[127.43684,34.35647],[127.43748,34.35652]]],[[[126.10819,34.33729],[126.10915,34.35015],[126.10879,34.33849],[126.10819,34.33729]]],[[[127.10014,34.35632],[127.09985,34.35632],[127.09945,34.35651],[127.10014,34.35632]]],[[[127.43159,34.35996],[127.43227,34.35974],[127.4325,34.35976],[127.43159,34.35996]]],[[[126.83476,34.3574],[126.84807,34.34413],[126.85602,34.35128],[126.85902,34.3435],[126.87233,34.34924],[126.88098,34.33607],[126.89757,34.34386],[126.89703,34.33287],[126.87821,34.32764],[126.88655,34.32283],[126.88288,34.30999],[126.87186,34.30969],[126.86585,34.32236],[126.86663,34.31402],[126.84116,34.29938],[126.83122,34.32525],[126.81593,34.33035],[126.7939,34.31578],[126.78033,34.32819],[126.75145,34.33545],[126.77803,34.3323],[126.7871,34.34601],[126.80558,34.33325],[126.83475,34.35742],[126.83476,34.3574]]],[[[126.19724,34.35291],[126.19705,34.35259],[126.19654,34.35267],[126.19724,34.35291]]],[[[126.89092,34.35926],[126.89371,34.35819],[126.89373,34.3582],[126.89092,34.35926]]],[[[127.05842,34.36011],[127.05896,34.35985],[127.05929,34.35989],[127.05842,34.36011]]],[[[125.89824,34.3506],[125.89815,34.35058],[125.89804,34.35059],[125.89824,34.3506]]],[[[126.12901,34.35355],[126.12851,34.35318],[126.12832,34.3532],[126.12901,34.35355]]],[[[125.95739,34.34851],[125.94576,34.34427],[125.95189,34.35313],[125.95734,34.34854],[125.95739,34.34851]]],[[[125.98774,34.35296],[125.98788,34.35146],[125.98833,34.35088],[125.98774,34.35296]]],[[[125.98846,34.35398],[125.98846,34.35394],[125.98837,34.35399],[125.98846,34.35398]]],[[[126.73807,34.36098],[126.73828,34.36092],[126.7382,34.36078],[126.73807,34.36098]]],[[[127.04871,34.36143],[127.04827,34.36138],[127.04775,34.36148],[127.04871,34.36143]]],[[[127.10316,34.36334],[127.10333,34.36311],[127.10339,34.36291],[127.10316,34.36334]]],[[[125.93039,34.35299],[125.93025,34.35283],[125.93012,34.35283],[125.93039,34.35299]]],[[[126.12337,34.35512],[126.12314,34.35489],[126.12303,34.35502],[126.12337,34.35512]]],[[[126.01316,34.35457],[126.01268,34.35453],[126.01252,34.35484],[126.01316,34.35457]]],[[[126.92284,34.36422],[126.92278,34.3642],[126.92276,34.36423],[126.92284,34.36422]]],[[[126.12926,34.35882],[126.12906,34.35848],[126.12883,34.35857],[126.12926,34.35882]]],[[[127.51046,34.36625],[127.51027,34.36624],[127.50992,34.36626],[127.51046,34.36625]]],[[[126.76569,34.36452],[126.76475,34.36433],[126.76533,34.36492],[126.76569,34.36452]]],[[[126.46269,34.36237],[126.4625,34.36223],[126.46226,34.36239],[126.46269,34.36237]]],[[[126.01214,34.36005],[126.01198,34.36],[126.01178,34.36009],[126.01214,34.36005]]],[[[126.01555,34.35946],[126.02624,34.3437],[126.01265,34.34746],[126.02177,34.34994],[126.01518,34.35983],[126.01555,34.35946]]],[[[126.01156,34.36027],[126.01158,34.36021],[126.0114,34.36025],[126.01156,34.36027]]],[[[126.0101,34.3606],[126.01025,34.36059],[126.01072,34.36061],[126.0101,34.3606]]],[[[127.01545,34.36956],[127.01522,34.36929],[127.01507,34.36936],[127.01545,34.36956]]],[[[126.02207,34.36291],[126.02207,34.36286],[126.02195,34.36296],[126.02207,34.36291]]],[[[125.93878,34.36311],[125.93877,34.36302],[125.9387,34.36302],[125.93878,34.36311]]],[[[127.09499,34.37262],[127.09509,34.37257],[127.09524,34.37243],[127.09499,34.37262]]],[[[126.12483,34.36456],[126.12435,34.36443],[126.1235,34.36446],[126.12483,34.36456]]],[[[127.27611,34.37498],[127.27591,34.37492],[127.2758,34.37497],[127.27611,34.37498]]],[[[126.28054,34.36918],[126.27999,34.36899],[126.27962,34.36932],[126.28054,34.36918]]],[[[126.47503,34.37124],[126.47483,34.37077],[126.47343,34.371],[126.47503,34.37124]]],[[[127.27505,34.37872],[127.27503,34.37855],[127.27498,34.37846],[127.27505,34.37872]]],[[[127.26871,34.37887],[127.26862,34.37871],[127.2683,34.37874],[127.26871,34.37887]]],[[[126.99364,34.37823],[126.9933,34.37815],[126.99261,34.37827],[126.99364,34.37823]]],[[[127.20829,34.37812],[127.20775,34.37784],[127.20734,34.37843],[127.20829,34.37812]]],[[[126.99251,34.35545],[126.98516,34.36037],[127.00761,34.35713],[127.00803,34.36689],[127.01746,34.36849],[127.0107,34.37373],[127.02848,34.37172],[127.02969,34.38058],[127.04497,34.36825],[127.04406,34.35142],[127.07595,34.36123],[127.07365,34.35644],[127.08504,34.35699],[127.08198,34.35191],[127.09994,34.33748],[127.06689,34.34716],[127.0617,34.34072],[127.07622,34.33876],[127.07711,34.33251],[127.05665,34.33174],[127.04178,34.30891],[127.03689,34.32502],[127.05187,34.32915],[127.05187,34.34035],[127.03783,34.34021],[127.03301,34.33202],[127.03171,34.33938],[127.0238,34.33882],[127.03325,34.34249],[127.02613,34.34998],[126.99228,34.35547],[126.99251,34.35545]]],[[[127.27852,34.38129],[127.27861,34.38126],[127.27866,34.38129],[127.27852,34.38129]]],[[[127.26481,34.38077],[127.26462,34.38077],[127.26453,34.38088],[127.26481,34.38077]]],[[[127.27786,34.38146],[127.27786,34.38131],[127.27772,34.38119],[127.27786,34.38146]]],[[[127.27831,34.38141],[127.27824,34.38137],[127.27812,34.38151],[127.27831,34.38141]]],[[[126.31043,34.37602],[126.30888,34.37573],[126.30886,34.3758],[126.31043,34.37602]]],[[[126.63978,34.37912],[126.63965,34.3791],[126.63963,34.37922],[126.63978,34.37912]]],[[[126.99866,34.38144],[126.99859,34.38126],[126.99826,34.38133],[126.99866,34.38144]]],[[[126.28279,34.37845],[126.28295,34.37833],[126.28305,34.37834],[126.28279,34.37845]]],[[[126.3122,34.37799],[126.31152,34.37729],[126.31145,34.37734],[126.3122,34.37799]]],[[[126.80012,34.38256],[126.80005,34.38252],[126.80003,34.38255],[126.80012,34.38256]]],[[[127.02649,34.38434],[127.02674,34.38427],[127.02668,34.3841],[127.02649,34.38434]]],[[[126.8044,34.38304],[126.80455,34.3828],[126.80458,34.38261],[126.8044,34.38304]]],[[[126.81158,34.38359],[126.81153,34.38358],[126.81114,34.38356],[126.81158,34.38359]]],[[[126.99427,34.38434],[126.9951,34.38383],[126.99444,34.38316],[126.99427,34.38434]]],[[[127.27413,34.38575],[127.27436,34.38522],[127.27337,34.3853],[127.27413,34.38575]]],[[[126.31237,34.3798],[126.31189,34.37969],[126.31112,34.38017],[126.31237,34.3798]]],[[[126.82108,34.38482],[126.82152,34.38481],[126.8217,34.38482],[126.82108,34.38482]]],[[[126.46951,34.3805],[126.46949,34.3805],[126.46887,34.38073],[126.46951,34.3805]]],[[[126.04343,34.37436],[126.04319,34.37427],[126.04291,34.37433],[126.04343,34.37436]]],[[[125.93873,34.3767],[125.94093,34.3639],[125.93339,34.37128],[125.93801,34.37676],[125.93873,34.3767]]],[[[126.32757,34.38344],[126.32749,34.38343],[126.32742,34.38353],[126.32757,34.38344]]],[[[126.00558,34.37581],[126.00422,34.37491],[126.00336,34.37527],[126.00558,34.37581]]],[[[126.99358,34.38736],[126.99335,34.38728],[126.99328,34.38735],[126.99358,34.38736]]],[[[126.13943,34.38199],[126.13945,34.38169],[126.1394,34.38169],[126.13943,34.38199]]],[[[126.13094,34.38019],[126.13069,34.37969],[126.13017,34.38041],[126.13094,34.38019]]],[[[126.32774,34.38402],[126.32767,34.38401],[126.32765,34.38408],[126.32774,34.38402]]],[[[126.85626,34.38665],[126.85588,34.3864],[126.8556,34.3864],[126.85626,34.38665]]],[[[126.86309,34.38845],[126.86286,34.38834],[126.86281,34.38837],[126.86309,34.38845]]],[[[125.96552,34.38089],[125.97262,34.37316],[125.96194,34.3632],[125.96239,34.37507],[125.97114,34.37584],[125.96515,34.38083],[125.96552,34.38089]]],[[[126.28382,34.38481],[126.2836,34.38478],[126.28363,34.38503],[126.28382,34.38481]]],[[[126.03758,34.38283],[126.03817,34.38254],[126.03883,34.38271],[126.03758,34.38283]]],[[[127.09058,34.3915],[127.09123,34.378],[127.06903,34.37131],[127.07936,34.38245],[127.07289,34.3857],[127.08958,34.39148],[127.09058,34.3915]]],[[[126.3466,34.38697],[126.34693,34.38645],[126.3466,34.38628],[126.3466,34.38697]]],[[[126.32844,34.38462],[126.32766,34.38456],[126.3273,34.38483],[126.32844,34.38462]]],[[[126.27856,34.38772],[126.27845,34.38771],[126.27834,34.38772],[126.27856,34.38772]]],[[[126.32979,34.38866],[126.32973,34.38864],[126.32966,34.3887],[126.32979,34.38866]]],[[[126.01562,34.38566],[126.01568,34.3856],[126.0158,34.38556],[126.01562,34.38566]]],[[[126.26289,34.38849],[126.26238,34.38845],[126.26241,34.3887],[126.26289,34.38849]]],[[[127.02683,34.39338],[127.02642,34.39337],[127.02631,34.3934],[127.02683,34.39338]]],[[[127.26601,34.39561],[127.26597,34.39557],[127.26579,34.39597],[127.26601,34.39561]]],[[[127.04573,34.39461],[127.05092,34.38582],[127.03366,34.38806],[127.04581,34.39488],[127.04573,34.39461]]],[[[126.28085,34.39113],[126.28044,34.39101],[126.28037,34.39115],[126.28085,34.39113]]],[[[127.49857,34.39661],[127.49833,34.39652],[127.49793,34.39656],[127.49857,34.39661]]],[[[126.32667,34.39113],[126.32517,34.39047],[126.32471,34.39074],[126.32667,34.39113]]],[[[127.26118,34.39781],[127.2623,34.39736],[127.26252,34.39755],[127.26118,34.39781]]],[[[127.49268,34.40005],[127.49336,34.39984],[127.49359,34.39986],[127.49268,34.40005]]],[[[126.86335,34.39896],[126.86366,34.39894],[126.86385,34.39895],[126.86335,34.39896]]],[[[127.26184,34.39949],[127.26182,34.39948],[127.2618,34.39948],[127.26184,34.39949]]],[[[126.30236,34.39458],[126.29654,34.38474],[126.30737,34.38542],[126.30847,34.37388],[126.29253,34.37438],[126.28585,34.36571],[126.27966,34.37137],[126.28346,34.38908],[126.30234,34.39548],[126.30236,34.39458]]],[[[126.32914,34.39453],[126.32841,34.39432],[126.32674,34.3943],[126.32914,34.39453]]],[[[127.06214,34.40091],[127.06173,34.40054],[127.06122,34.40056],[127.06214,34.40091]]],[[[126.31429,34.39528],[126.31371,34.39486],[126.31308,34.3949],[126.31429,34.39528]]],[[[126.30805,34.39664],[126.30812,34.39633],[126.30779,34.39646],[126.30805,34.39664]]],[[[126.90233,34.4009],[126.90223,34.40089],[126.90212,34.40091],[126.90233,34.4009]]],[[[127.24367,34.40254],[127.24329,34.40238],[127.24324,34.4024],[127.24367,34.40254]]],[[[126.30723,34.39729],[126.30752,34.39696],[126.30716,34.39702],[126.30723,34.39729]]],[[[126.36676,34.39777],[126.36663,34.39771],[126.36659,34.39771],[126.36676,34.39777]]],[[[126.73032,34.40083],[126.73025,34.40068],[126.73006,34.40068],[126.73032,34.40083]]],[[[126.30763,34.39771],[126.30724,34.39767],[126.30696,34.39774],[126.30763,34.39771]]],[[[126.29909,34.39808],[126.29905,34.39804],[126.29896,34.39804],[126.29909,34.39808]]],[[[126.87075,34.40241],[126.87074,34.40239],[126.87065,34.40244],[126.87075,34.40241]]],[[[127.24846,34.40376],[127.24826,34.40373],[127.24817,34.40374],[127.24846,34.40376]]],[[[126.62617,34.40159],[126.64528,34.39419],[126.63711,34.38747],[126.63931,34.39363],[126.62612,34.40165],[126.62617,34.40159]]],[[[126.35152,34.3985],[126.35118,34.39831],[126.35093,34.39834],[126.35152,34.3985]]],[[[127.04894,34.4031],[127.04887,34.40309],[127.0488,34.40309],[127.04894,34.4031]]],[[[126.7353,34.40305],[126.7442,34.4013],[126.74271,34.39042],[126.73467,34.39374],[126.73518,34.40308],[126.7353,34.40305]]],[[[127.04123,34.40222],[127.04095,34.40208],[127.04068,34.40222],[127.04123,34.40222]]],[[[126.65406,34.32834],[126.64325,34.32751],[126.64946,34.33369],[126.64143,34.3414],[126.64591,34.36731],[126.63946,34.38268],[126.64715,34.39352],[126.68566,34.40322],[126.70398,34.39808],[126.73215,34.37609],[126.72875,34.3623],[126.74089,34.33189],[126.75317,34.3256],[126.74808,34.32155],[126.75463,34.31545],[126.77187,34.31237],[126.76152,34.30023],[126.77754,34.28781],[126.74881,34.29163],[126.73443,34.30478],[126.73837,34.28691],[126.70964,34.29837],[126.69509,34.29279],[126.66912,34.32407],[126.65386,34.32839],[126.65406,34.32834]]],[[[126.31407,34.40009],[126.31388,34.39999],[126.31382,34.40031],[126.31407,34.40009]]],[[[127.05178,34.40432],[127.05165,34.40431],[127.05156,34.40434],[127.05178,34.40432]]],[[[127.03884,34.40315],[127.03865,34.40305],[127.03827,34.40328],[127.03884,34.40315]]],[[[125.31526,34.38648],[125.31498,34.38645],[125.31474,34.38648],[125.31526,34.38648]]],[[[126.62572,34.40345],[126.62565,34.4034],[126.62549,34.40345],[126.62572,34.40345]]],[[[126.34944,34.4021],[126.34947,34.4021],[126.34964,34.4021],[126.34944,34.4021]]],[[[126.10294,34.39923],[126.10278,34.3992],[126.10257,34.39927],[126.10294,34.39923]]],[[[126.67893,34.4042],[126.67846,34.40393],[126.6784,34.40394],[126.67893,34.4042]]],[[[126.64741,34.40396],[126.6472,34.4037],[126.64674,34.40376],[126.64741,34.40396]]],[[[126.91049,34.40574],[126.91014,34.4056],[126.90964,34.40566],[126.91049,34.40574]]],[[[126.37053,34.40348],[126.3705,34.40346],[126.37038,34.40348],[126.37053,34.40348]]],[[[126.36457,34.40362],[126.36447,34.40361],[126.36439,34.40361],[126.36457,34.40362]]],[[[126.01511,34.40009],[126.01495,34.3999],[126.01471,34.40006],[126.01511,34.40009]]],[[[127.03515,34.40625],[127.03547,34.40602],[127.03554,34.40603],[127.03515,34.40625]]],[[[126.03619,34.39931],[126.04051,34.39344],[126.03422,34.39346],[126.03619,34.39935],[126.03619,34.39931]]],[[[126.91296,34.40718],[126.91264,34.40693],[126.91219,34.40696],[126.91296,34.40718]]],[[[126.8493,34.40924],[126.84928,34.4092],[126.84913,34.40925],[126.8493,34.40924]]],[[[126.8496,34.40973],[126.84944,34.40958],[126.84926,34.40971],[126.8496,34.40973]]],[[[126.84889,34.40992],[126.84877,34.40981],[126.84867,34.40987],[126.84889,34.40992]]],[[[127.04587,34.41057],[127.0458,34.41057],[127.04566,34.41065],[127.04587,34.41057]]],[[[127.08237,34.40752],[127.08259,34.40682],[127.08211,34.40693],[127.08237,34.40752]]],[[[126.99433,34.40768],[126.9942,34.40768],[126.99407,34.40769],[126.99433,34.40768]]],[[[126.01205,34.39692],[126.0097,34.40417],[126.01248,34.39715],[126.01205,34.39692]]],[[[126.94355,34.4126],[126.95111,34.40385],[126.93491,34.38365],[126.9475,34.37754],[126.94731,34.36782],[126.92812,34.3707],[126.92419,34.36081],[126.90657,34.35376],[126.86347,34.37294],[126.87494,34.39273],[126.86447,34.41089],[126.87452,34.3989],[126.88209,34.40682],[126.89382,34.39582],[126.89881,34.40359],[126.91272,34.39141],[126.93047,34.39056],[126.94327,34.41276],[126.94355,34.4126]]],[[[126.95243,34.41316],[126.95244,34.41306],[126.95232,34.41306],[126.95243,34.41316]]],[[[126.35675,34.4094],[126.35659,34.40939],[126.35658,34.40944],[126.35675,34.4094]]],[[[126.4886,34.41026],[126.48841,34.41022],[126.48825,34.41026],[126.4886,34.41026]]],[[[126.04087,34.40609],[126.05423,34.39305],[126.04304,34.39661],[126.04053,34.40639],[126.04087,34.40609]]],[[[127.11701,34.40773],[127.11683,34.41462],[127.11719,34.40798],[127.11701,34.40773]]],[[[126.77123,34.41351],[126.77103,34.41336],[126.771,34.4134],[126.77123,34.41351]]],[[[126.65266,34.41194],[126.65245,34.41162],[126.65219,34.41163],[126.65266,34.41194]]],[[[126.87193,34.414],[126.87191,34.41391],[126.8716,34.41393],[126.87193,34.414]]],[[[126.64894,34.41298],[126.64886,34.4129],[126.64865,34.413],[126.64894,34.41298]]],[[[126.87276,34.41362],[126.87273,34.4135],[126.8726,34.41352],[126.87276,34.41362]]],[[[127.24426,34.41412],[127.26093,34.40266],[127.27212,34.38127],[127.24995,34.3848],[127.2466,34.39299],[127.25404,34.40288],[127.23609,34.41096],[127.24399,34.41435],[127.24426,34.41412]]],[[[126.83359,34.41478],[126.83352,34.4147],[126.83344,34.41474],[126.83359,34.41478]]],[[[126.95423,34.4127],[126.95358,34.41237],[126.9535,34.41232],[126.95423,34.4127]]],[[[126.38072,34.41196],[126.38027,34.41166],[126.37967,34.41173],[126.38072,34.41196]]],[[[126.86275,34.41571],[126.86292,34.41556],[126.86322,34.41564],[126.86275,34.41571]]],[[[126.35751,34.41094],[126.35112,34.40338],[126.35753,34.41111],[126.35751,34.41094]]],[[[127.90386,34.41499],[127.90381,34.41482],[127.90363,34.41479],[127.90386,34.41499]]],[[[125.29232,34.39882],[125.29215,34.3988],[125.29202,34.3988],[125.29232,34.39882]]],[[[126.83793,34.41776],[126.83788,34.41774],[126.83782,34.41778],[126.83793,34.41776]]],[[[127.21395,34.41735],[127.21386,34.41727],[127.2137,34.41727],[127.21395,34.41735]]],[[[126.71117,34.41783],[126.72704,34.40676],[126.70034,34.41352],[126.71089,34.41794],[126.71117,34.41783]]],[[[125.28781,34.40095],[125.29162,34.39115],[125.29955,34.39544],[125.31183,34.38554],[125.2939,34.38231],[125.28778,34.40114],[125.28781,34.40095]]],[[[126.36713,34.41706],[126.37192,34.40861],[126.36702,34.41709],[126.36713,34.41706]]],[[[127.36068,34.42233],[127.36057,34.42232],[127.36046,34.42233],[127.36068,34.42233]]],[[[127.03445,34.42229],[127.03456,34.42229],[127.0347,34.42232],[127.03445,34.42229]]],[[[127.03704,34.42202],[127.03693,34.42192],[127.03682,34.42194],[127.03704,34.42202]]],[[[126.69252,34.4208],[126.69289,34.42064],[126.69293,34.42064],[126.69252,34.4208]]],[[[125.30141,34.40366],[125.30113,34.40362],[125.3008,34.40361],[125.30141,34.40366]]],[[[127.36034,34.42418],[127.3602,34.42418],[127.36015,34.42425],[127.36034,34.42418]]],[[[127.49079,34.4239],[127.49084,34.4239],[127.49096,34.4239],[127.49079,34.4239]]],[[[127.12363,34.42087],[127.12351,34.42083],[127.12294,34.42105],[127.12363,34.42087]]],[[[126.68717,34.42161],[126.68752,34.42152],[126.68801,34.42175],[126.68717,34.42161]]],[[[127.00659,34.425],[127.00675,34.425],[127.00681,34.425],[127.00659,34.425]]],[[[126.85775,34.42355],[126.86195,34.42044],[126.85718,34.42415],[126.85775,34.42355]]],[[[127.01053,34.42339],[127.01028,34.42295],[127.01018,34.42302],[127.01053,34.42339]]],[[[127.49423,34.42658],[127.49417,34.42653],[127.49409,34.42659],[127.49423,34.42658]]],[[[126.68182,34.42341],[126.68165,34.42324],[126.68107,34.42351],[126.68182,34.42341]]],[[[127.08232,34.42535],[127.08515,34.41662],[127.07566,34.41071],[127.08196,34.42587],[127.08232,34.42535]]],[[[127.00618,34.42508],[127.00607,34.42503],[127.00599,34.42504],[127.00618,34.42508]]],[[[126.87614,34.42096],[126.87726,34.41409],[126.86934,34.42182],[126.87358,34.42784],[126.87599,34.42127],[126.87614,34.42096]]],[[[125.99132,34.42067],[125.99137,34.42047],[125.99123,34.41981],[125.99132,34.42067]]],[[[127.78457,34.42964],[127.78442,34.42963],[127.78431,34.42976],[127.78457,34.42964]]],[[[126.77472,34.42837],[126.77483,34.42835],[126.77488,34.4283],[126.77472,34.42837]]],[[[127.33378,34.42914],[127.33225,34.42903],[127.33213,34.4292],[127.33378,34.42914]]],[[[127.22848,34.43068],[127.22848,34.43058],[127.22869,34.43061],[127.22848,34.43068]]],[[[127.2187,34.43106],[127.2188,34.43106],[127.21891,34.43108],[127.2187,34.43106]]],[[[127.21939,34.43146],[127.21925,34.43137],[127.21919,34.43141],[127.21939,34.43146]]],[[[127.79306,34.43164],[127.79303,34.43159],[127.79298,34.43166],[127.79306,34.43164]]],[[[127.34226,34.43127],[127.34227,34.4311],[127.3423,34.43091],[127.34226,34.43127]]],[[[127.79245,34.43183],[127.79246,34.43178],[127.79248,34.43174],[127.79245,34.43183]]],[[[127.21248,34.43206],[127.21211,34.43202],[127.21184,34.43203],[127.21248,34.43206]]],[[[126.68532,34.42916],[126.68495,34.42874],[126.68492,34.42875],[126.68532,34.42916]]],[[[126.85274,34.43067],[126.85693,34.4255],[126.85276,34.43089],[126.85274,34.43067]]],[[[126.44077,34.428],[126.44028,34.42799],[126.43998,34.42831],[126.44077,34.428]]],[[[125.9898,34.4238],[125.98841,34.42322],[125.98784,34.42341],[125.9898,34.4238]]],[[[126.4658,34.42728],[126.46068,34.42591],[126.46541,34.42837],[126.4658,34.42728]]],[[[126.00691,34.42518],[126.00684,34.42516],[126.00682,34.42518],[126.00691,34.42518]]],[[[127.33088,34.43594],[127.33082,34.43587],[127.33082,34.43579],[127.33088,34.43594]]],[[[126.00804,34.42718],[126.00803,34.42706],[126.00801,34.42702],[126.00804,34.42718]]],[[[127.32163,34.43544],[127.32839,34.43245],[127.32163,34.43545],[127.32163,34.43544]]],[[[127.00781,34.43436],[127.00733,34.43434],[127.00708,34.43447],[127.00781,34.43436]]],[[[125.98341,34.42749],[125.98337,34.42746],[125.98257,34.42766],[125.98341,34.42749]]],[[[126.73364,34.43472],[126.73359,34.43466],[126.73339,34.43482],[126.73364,34.43472]]],[[[126.08385,34.42583],[126.08334,34.42573],[126.08265,34.42582],[126.08385,34.42583]]],[[[126.70455,34.43424],[126.71387,34.43483],[126.70279,34.43497],[126.70455,34.43424]]],[[[126.93116,34.43631],[126.93041,34.43596],[126.92954,34.43622],[126.93116,34.43631]]],[[[127.22096,34.43754],[127.22028,34.43718],[127.22042,34.43792],[127.22096,34.43754]]],[[[127.28703,34.43802],[127.28688,34.43802],[127.28679,34.43802],[127.28703,34.43802]]],[[[126.43869,34.43418],[126.43475,34.42982],[126.43847,34.43435],[126.43869,34.43418]]],[[[127.29473,34.43963],[127.29537,34.4396],[127.29545,34.43962],[127.29473,34.43963]]],[[[126.43651,34.43467],[126.43649,34.43456],[126.43644,34.43456],[126.43651,34.43467]]],[[[126.93944,34.43843],[126.93885,34.43833],[126.9389,34.43869],[126.93944,34.43843]]],[[[126.43303,34.43504],[126.4329,34.43495],[126.43247,34.43488],[126.43303,34.43504]]],[[[127.00906,34.44066],[127.01265,34.43599],[127.00891,34.44034],[127.00906,34.44066]]],[[[127.22587,34.44128],[127.22569,34.4411],[127.22574,34.44081],[127.22587,34.44128]]],[[[127.30154,34.44245],[127.31492,34.43815],[127.30645,34.43036],[127.29749,34.43736],[127.30148,34.4424],[127.30154,34.44245]]],[[[127.54658,34.44252],[127.54661,34.44249],[127.54659,34.44246],[127.54658,34.44252]]],[[[127.54629,34.44286],[127.54626,34.4428],[127.54594,34.4429],[127.54629,34.44286]]],[[[127.22829,34.44302],[127.22835,34.44296],[127.22834,34.44273],[127.22829,34.44302]]],[[[127.09573,34.44167],[127.09525,34.44152],[127.09491,34.44167],[127.09573,34.44167]]],[[[127.54483,34.44307],[127.53982,34.44137],[127.54482,34.4433],[127.54483,34.44307]]],[[[126.43055,34.43977],[126.43518,34.43757],[126.43035,34.43971],[126.43055,34.43977]]],[[[127.30582,34.44289],[127.30574,34.44288],[127.30514,34.4429],[127.30582,34.44289]]],[[[127.46283,34.44451],[127.46252,34.44402],[127.46199,34.44361],[127.46283,34.44451]]],[[[126.83428,34.44281],[126.83413,34.43126],[126.84561,34.43002],[126.8434,34.42081],[126.82396,34.41898],[126.84033,34.41034],[126.84966,34.41842],[126.84934,34.40436],[126.85716,34.40809],[126.86569,34.38987],[126.84706,34.39025],[126.83058,34.37879],[126.82313,34.3872],[126.79338,34.38246],[126.7803,34.36921],[126.7798,34.35221],[126.76769,34.35742],[126.77974,34.38179],[126.74964,34.37919],[126.76841,34.39922],[126.76457,34.40944],[126.78715,34.43195],[126.8172,34.43342],[126.83462,34.44332],[126.83428,34.44281]]],[[[127.0814,34.44373],[127.08135,34.44372],[127.08127,34.44374],[127.0814,34.44373]]],[[[127.01148,34.4443],[127.01137,34.4443],[127.01118,34.44441],[127.01148,34.4443]]],[[[126.09537,34.43958],[126.09524,34.43954],[126.09511,34.43955],[126.09537,34.43958]]],[[[126.08965,34.43734],[126.08899,34.43716],[126.08884,34.4373],[126.08965,34.43734]]],[[[126.09211,34.44021],[126.09228,34.43998],[126.09224,34.43992],[126.09211,34.44021]]],[[[126.09331,34.44036],[126.09313,34.44033],[126.09308,34.4404],[126.09331,34.44036]]],[[[126.73458,34.44563],[126.73436,34.44534],[126.73408,34.44536],[126.73458,34.44563]]],[[[127.29466,34.44866],[127.28989,34.44144],[127.29432,34.44868],[127.29466,34.44866]]],[[[126.09453,34.44186],[126.09427,34.44162],[126.09388,34.44165],[126.09453,34.44186]]],[[[126.81524,34.44898],[126.81516,34.44868],[126.81498,34.4487],[126.81524,34.44898]]],[[[126.06191,34.44292],[126.06225,34.4428],[126.06239,34.44291],[126.06191,34.44292]]],[[[125.28221,34.43092],[125.28864,34.4247],[125.28444,34.4185],[125.28232,34.43116],[125.28221,34.43092]]],[[[127.02259,34.45043],[127.0228,34.45003],[127.02322,34.44969],[127.02259,34.45043]]],[[[126.42529,34.44643],[126.42594,34.44552],[126.42656,34.44552],[126.42529,34.44643]]],[[[126.81276,34.44868],[126.81236,34.44836],[126.81224,34.44843],[126.81276,34.44868]]],[[[126.09899,34.44397],[126.09891,34.44392],[126.09883,34.444],[126.09899,34.44397]]],[[[127.3709,34.45094],[127.37078,34.45093],[127.3707,34.45103],[127.3709,34.45094]]],[[[127.81671,34.45164],[127.81674,34.45163],[127.81681,34.45171],[127.81671,34.45164]]],[[[127.37129,34.45214],[127.37118,34.45207],[127.37095,34.45209],[127.37129,34.45214]]],[[[127.7862,34.4528],[127.78625,34.45273],[127.78632,34.45275],[127.7862,34.4528]]],[[[127.29028,34.45184],[127.28977,34.4518],[127.28933,34.45212],[127.29028,34.45184]]],[[[127.78539,34.45264],[127.78551,34.45204],[127.78466,34.4516],[127.78539,34.45264]]],[[[126.75241,34.44972],[126.75093,34.44893],[126.75006,34.44992],[126.75241,34.44972]]],[[[127.78198,34.45262],[127.78183,34.45259],[127.78159,34.45265],[127.78198,34.45262]]],[[[127.80364,34.45313],[127.80359,34.45311],[127.80338,34.45345],[127.80364,34.45313]]],[[[126.36407,34.44836],[126.36407,34.44834],[126.36376,34.44864],[126.36407,34.44836]]],[[[127.29053,34.45445],[127.29015,34.45428],[127.28994,34.45451],[127.29053,34.45445]]],[[[126.95342,34.45432],[126.95329,34.4543],[126.95314,34.45431],[126.95342,34.45432]]],[[[126.95187,34.45511],[126.95208,34.45507],[126.95222,34.45507],[126.95187,34.45511]]],[[[127.79434,34.45751],[127.7942,34.45749],[127.79403,34.45752],[127.79434,34.45751]]],[[[127.04561,34.45899],[127.05222,34.45093],[127.05911,34.45334],[127.05518,34.45837],[127.06387,34.45226],[127.0756,34.4272],[127.06583,34.42139],[127.07285,34.41655],[127.0678,34.41014],[127.06564,34.41576],[127.06261,34.40262],[127.06128,34.42601],[127.04877,34.42757],[127.05181,34.41531],[127.03847,34.42113],[127.03423,34.44975],[127.02249,34.45496],[127.04558,34.45912],[127.04561,34.45899]]],[[[127.05118,34.45984],[127.051,34.45981],[127.05085,34.45983],[127.05118,34.45984]]],[[[127.79361,34.45988],[127.79349,34.45984],[127.79339,34.4599],[127.79361,34.45988]]],[[[127.79478,34.42859],[127.80108,34.43131],[127.7856,34.43222],[127.79822,34.43991],[127.79379,34.45491],[127.80478,34.46106],[127.80209,34.45104],[127.81587,34.45241],[127.80418,34.42891],[127.80935,34.42413],[127.80476,34.40905],[127.79726,34.41732],[127.78655,34.41456],[127.79479,34.42856],[127.79478,34.42859]]],[[[127.04774,34.46062],[127.04781,34.46055],[127.0479,34.46055],[127.04774,34.46062]]],[[[127.29044,34.46147],[127.29041,34.46132],[127.29033,34.46122],[127.29044,34.46147]]],[[[126.42049,34.45562],[126.41365,34.45584],[126.42006,34.45601],[126.42049,34.45562]]],[[[127.35513,34.46258],[127.35503,34.46248],[127.35492,34.46235],[127.35513,34.46258]]],[[[127.80574,34.46265],[127.80566,34.46264],[127.80563,34.46266],[127.80574,34.46265]]],[[[126.9503,34.46161],[126.95018,34.46153],[126.94996,34.4616],[126.9503,34.46161]]],[[[125.9843,34.45374],[125.98418,34.45367],[125.98415,34.45413],[125.9843,34.45374]]],[[[126.00093,34.45263],[126.00053,34.45226],[125.99978,34.45257],[126.00093,34.45263]]],[[[126.11006,34.45504],[126.10978,34.45453],[126.10941,34.45467],[126.11006,34.45504]]],[[[127.08615,34.46456],[127.09317,34.46275],[127.09024,34.45174],[127.08588,34.46475],[127.08615,34.46456]]],[[[126.79,34.46193],[126.78925,34.46078],[126.78861,34.46131],[126.79,34.46193]]],[[[126.04195,34.45605],[126.04182,34.45596],[126.04157,34.45674],[126.04195,34.45605]]],[[[127.44389,34.46636],[127.45171,34.45621],[127.4439,34.4664],[127.44389,34.46636]]],[[[126.96301,34.44749],[126.95839,34.45997],[126.96408,34.4656],[126.96939,34.46228],[126.96282,34.44704],[126.96301,34.44749]]],[[[125.98448,34.45756],[125.98491,34.45723],[125.98564,34.45757],[125.98448,34.45756]]],[[[127.27986,34.46711],[127.27989,34.46705],[127.27983,34.46698],[127.27986,34.46711]]],[[[127.30017,34.46696],[127.29988,34.46695],[127.29947,34.46726],[127.30017,34.46696]]],[[[127.44539,34.46643],[127.44525,34.46616],[127.44514,34.46619],[127.44539,34.46643]]],[[[126.79939,34.46541],[126.79909,34.46524],[126.7982,34.4653],[126.79939,34.46541]]],[[[126.02713,34.45699],[126.02677,34.45676],[126.02643,34.4569],[126.02713,34.45699]]],[[[127.39604,34.46825],[127.39549,34.46812],[127.39539,34.46839],[127.39604,34.46825]]],[[[127.23116,34.46846],[127.23104,34.46837],[127.23077,34.46839],[127.23116,34.46846]]],[[[126.09615,34.45686],[126.10388,34.45476],[126.09167,34.46134],[126.0961,34.45687],[126.09615,34.45686]]],[[[126.03649,34.46108],[126.0364,34.46104],[126.03615,34.46131],[126.03649,34.46108]]],[[[126.03596,34.46155],[126.03592,34.46151],[126.03583,34.4616],[126.03596,34.46155]]],[[[125.29345,34.44376],[125.27927,34.43614],[125.29298,34.45069],[125.29357,34.4442],[125.29345,34.44376]]],[[[126.05058,34.46219],[126.05055,34.46211],[126.05044,34.46218],[126.05058,34.46219]]],[[[126.41852,34.45883],[126.41273,34.46654],[126.41707,34.46134],[126.41852,34.45883]]],[[[127.804,34.47132],[127.80392,34.47128],[127.8038,34.47128],[127.804,34.47132]]],[[[127.29209,34.47085],[127.29189,34.4705],[127.2913,34.47084],[127.29209,34.47085]]],[[[127.3948,34.47138],[127.39447,34.47108],[127.39417,34.47135],[127.3948,34.47138]]],[[[125.30095,34.45093],[125.30074,34.45079],[125.30066,34.45082],[125.30095,34.45093]]],[[[127.50482,34.47225],[127.50469,34.47221],[127.50458,34.4724],[127.50482,34.47225]]],[[[127.39297,34.47235],[127.39258,34.47222],[127.39247,34.47253],[127.39297,34.47235]]],[[[125.99116,34.46341],[125.99114,34.46301],[125.99088,34.46283],[125.99116,34.46341]]],[[[127.76533,34.47281],[127.76525,34.47277],[127.76516,34.47279],[127.76533,34.47281]]],[[[127.7666,34.47297],[127.76661,34.47293],[127.76649,34.47286],[127.7666,34.47297]]],[[[125.29986,34.45304],[125.29981,34.45282],[125.29949,34.45284],[125.29986,34.45304]]],[[[127.79188,34.47449],[127.79187,34.47432],[127.79173,34.47435],[127.79188,34.47449]]],[[[127.39597,34.47522],[127.39575,34.47517],[127.39521,34.47548],[127.39597,34.47522]]],[[[127.45667,34.47619],[127.4727,34.46426],[127.49042,34.46547],[127.4831,34.45801],[127.49372,34.45847],[127.4982,34.46758],[127.50558,34.46369],[127.50465,34.47371],[127.52008,34.45354],[127.537,34.44797],[127.53825,34.43107],[127.53015,34.42235],[127.5202,34.42697],[127.48716,34.41343],[127.49269,34.43238],[127.483,34.43772],[127.47537,34.43269],[127.46268,34.44396],[127.48543,34.44774],[127.44979,34.44905],[127.45857,34.45193],[127.45648,34.47631],[127.45667,34.47619]]],[[[127.23903,34.47433],[127.23867,34.47404],[127.23856,34.474],[127.23903,34.47433]]],[[[127.09961,34.47574],[127.09946,34.47569],[127.0992,34.47576],[127.09961,34.47574]]],[[[127.35392,34.47844],[127.35383,34.47844],[127.35374,34.47846],[127.35392,34.47844]]],[[[127.23573,34.47854],[127.23566,34.47853],[127.23537,34.4786],[127.23573,34.47854]]],[[[126.9425,34.47618],[126.94519,34.47841],[126.94522,34.47846],[126.9425,34.47618]]],[[[127.36664,34.47955],[127.36653,34.47946],[127.36646,34.47946],[127.36664,34.47955]]],[[[126.38475,34.47449],[126.38458,34.47421],[126.38434,34.47435],[126.38475,34.47449]]],[[[127.38217,34.47925],[127.38183,34.4791],[127.38179,34.47931],[127.38217,34.47925]]],[[[125.29968,34.46006],[125.29942,34.45976],[125.29776,34.46007],[125.29968,34.46006]]],[[[127.40112,34.4815],[127.40717,34.47703],[127.39958,34.47619],[127.40105,34.48156],[127.40112,34.4815]]],[[[127.79097,34.4812],[127.79124,34.47529],[127.79083,34.48122],[127.79097,34.4812]]],[[[127.35677,34.48109],[127.35647,34.4809],[127.35634,34.48092],[127.35677,34.48109]]],[[[127.8236,34.48148],[127.82348,34.48145],[127.82343,34.48145],[127.8236,34.48148]]],[[[125.29917,34.46224],[125.29953,34.46205],[125.29994,34.46207],[125.29917,34.46224]]],[[[127.79379,34.48163],[127.79352,34.48136],[127.79327,34.48167],[127.79379,34.48163]]],[[[127.38175,34.48129],[127.38151,34.48125],[127.3813,34.48128],[127.38175,34.48129]]],[[[127.39787,34.48217],[127.39767,34.48215],[127.39749,34.48235],[127.39787,34.48217]]],[[[127.34594,34.48263],[127.34573,34.48237],[127.34564,34.48237],[127.34594,34.48263]]],[[[127.44686,34.48327],[127.44684,34.48321],[127.44649,34.48329],[127.44686,34.48327]]],[[[127.44623,34.48345],[127.44061,34.46928],[127.43656,34.47478],[127.4462,34.48344],[127.44623,34.48345]]],[[[127.35479,34.48376],[127.35551,34.48361],[127.356,34.48351],[127.35479,34.48376]]],[[[127.39784,34.4831],[127.39717,34.48294],[127.39691,34.48323],[127.39784,34.4831]]],[[[127.23376,34.48401],[127.23355,34.48393],[127.23351,34.48397],[127.23376,34.48401]]],[[[127.79017,34.48436],[127.79019,34.48433],[127.79025,34.48435],[127.79017,34.48436]]],[[[127.1247,34.48561],[127.12429,34.4854],[127.12434,34.48528],[127.1247,34.48561]]],[[[125.3035,34.46724],[125.30366,34.46724],[125.30385,34.46725],[125.3035,34.46724]]],[[[127.77155,34.48813],[127.7716,34.48811],[127.77173,34.48813],[127.77155,34.48813]]],[[[127.12072,34.48919],[127.12071,34.48914],[127.12068,34.48914],[127.12072,34.48919]]],[[[127.77072,34.48943],[127.77063,34.48936],[127.7705,34.48938],[127.77072,34.48943]]],[[[127.12681,34.48901],[127.12678,34.48899],[127.1267,34.48899],[127.12681,34.48901]]],[[[127.76703,34.48929],[127.76685,34.48912],[127.76645,34.48913],[127.76703,34.48929]]],[[[127.76796,34.48982],[127.7679,34.4898],[127.76772,34.48982],[127.76796,34.48982]]],[[[127.12128,34.48949],[127.12119,34.48946],[127.1212,34.48948],[127.12128,34.48949]]],[[[127.1266,34.4899],[127.12658,34.48985],[127.12656,34.48979],[127.1266,34.4899]]],[[[127.39855,34.49014],[127.39824,34.49011],[127.39799,34.49069],[127.39855,34.49014]]],[[[127.76853,34.49093],[127.76834,34.4909],[127.76833,34.49102],[127.76853,34.49093]]],[[[127.2401,34.49085],[127.24001,34.49081],[127.23987,34.49083],[127.2401,34.49085]]],[[[127.39456,34.49354],[127.39496,34.49337],[127.3953,34.49343],[127.39456,34.49354]]],[[[127.23249,34.4936],[127.23242,34.49351],[127.23224,34.49358],[127.23249,34.4936]]],[[[127.1263,34.49292],[127.12615,34.49287],[127.12608,34.49288],[127.1263,34.49292]]],[[[126.45762,34.48898],[126.4572,34.48894],[126.4569,34.48909],[126.45762,34.48898]]],[[[127.23209,34.49397],[127.23196,34.49396],[127.23177,34.49398],[127.23209,34.49397]]],[[[126.45961,34.4902],[126.4594,34.49013],[126.45926,34.49016],[126.45961,34.4902]]],[[[127.82395,34.4945],[127.82351,34.49442],[127.82348,34.49446],[127.82395,34.4945]]],[[[127.2379,34.49365],[127.23753,34.49362],[127.23748,34.49396],[127.2379,34.49365]]],[[[126.07486,34.48695],[126.07468,34.48691],[126.07464,34.48695],[126.07486,34.48695]]],[[[127.2175,34.49513],[127.23511,34.47578],[127.20817,34.42954],[127.16572,34.4352],[127.16263,34.42772],[127.14487,34.42974],[127.14241,34.42054],[127.1151,34.44001],[127.11622,34.44798],[127.09912,34.44235],[127.10648,34.45475],[127.09299,34.47055],[127.11309,34.47568],[127.1146,34.48978],[127.12429,34.49017],[127.12825,34.47795],[127.14161,34.47261],[127.17692,34.49119],[127.19936,34.48761],[127.21706,34.49541],[127.2175,34.49513]]],[[[127.40348,34.49509],[127.40326,34.49508],[127.40297,34.49517],[127.40348,34.49509]]],[[[127.39741,34.49606],[127.39717,34.49603],[127.39695,34.49605],[127.39741,34.49606]]],[[[127.23614,34.49482],[127.23629,34.49463],[127.23613,34.49437],[127.23614,34.49482]]],[[[126.16832,34.48645],[126.16815,34.48632],[126.16795,34.48641],[126.16832,34.48645]]],[[[126.14754,34.4895],[126.1472,34.48943],[126.14717,34.48946],[126.14754,34.4895]]],[[[127.22826,34.49692],[127.22833,34.49678],[127.22825,34.49663],[127.22826,34.49692]]],[[[127.12897,34.49599],[127.12847,34.49593],[127.12835,34.49607],[127.12897,34.49599]]],[[[127.2724,34.49742],[127.27133,34.49704],[127.27078,34.49676],[127.2724,34.49742]]],[[[127.14687,34.49796],[127.14704,34.4977],[127.14745,34.49746],[127.14687,34.49796]]],[[[127.79739,34.48116],[127.7977,34.49079],[127.80545,34.48373],[127.80251,34.49041],[127.8118,34.49755],[127.82572,34.49795],[127.81269,34.49192],[127.8244,34.48516],[127.82113,34.47651],[127.81047,34.47472],[127.80496,34.48324],[127.80237,34.47122],[127.7974,34.48114],[127.79739,34.48116]]],[[[126.46306,34.49531],[126.46292,34.49525],[126.46268,34.49537],[126.46306,34.49531]]],[[[127.11424,34.49945],[127.11392,34.49927],[127.11366,34.49938],[127.11424,34.49945]]],[[[126.96971,34.49876],[126.96971,34.49853],[126.96852,34.49874],[126.96971,34.49876]]],[[[126.08323,34.48537],[126.07814,34.48764],[126.08531,34.49315],[126.08452,34.48584],[126.08323,34.48537]]],[[[127.79308,34.50094],[127.79287,34.50092],[127.79286,34.50099],[127.79308,34.50094]]],[[[127.40341,34.50088],[127.40342,34.50029],[127.40258,34.50038],[127.40341,34.50088]]],[[[126.10418,34.49449],[126.10953,34.48984],[126.10363,34.49458],[126.10418,34.49449]]],[[[127.27912,34.50262],[127.27889,34.50235],[127.27881,34.5024],[127.27912,34.50262]]],[[[126.77477,34.49996],[126.77468,34.49994],[126.7745,34.49996],[126.77477,34.49996]]],[[[126.04752,34.49449],[126.04715,34.49437],[126.04706,34.49447],[126.04752,34.49449]]],[[[127.80668,34.5027],[127.80677,34.5025],[127.80717,34.50268],[127.80668,34.5027]]],[[[127.50113,34.50472],[127.50128,34.50463],[127.50182,34.50467],[127.50113,34.50472]]],[[[127.14755,34.50411],[127.14751,34.50405],[127.14752,34.50403],[127.14755,34.50411]]],[[[127.38819,34.50509],[127.388,34.5049],[127.38762,34.50498],[127.38819,34.50509]]],[[[126.05701,34.49682],[126.06483,34.48971],[126.05408,34.48187],[126.07036,34.48167],[126.04304,34.45962],[126.03641,34.4619],[126.04279,34.46926],[126.03199,34.48349],[126.03974,34.47847],[126.05184,34.49219],[126.04681,34.49577],[126.05668,34.49716],[126.05701,34.49682]]],[[[127.46475,34.50959],[127.46456,34.50939],[127.46413,34.50941],[127.46475,34.50959]]],[[[127.48899,34.50985],[127.4887,34.50984],[127.48847,34.51019],[127.48899,34.50985]]],[[[127.45413,34.51129],[127.45405,34.51113],[127.45385,34.51115],[127.45413,34.51129]]],[[[127.46927,34.51174],[127.46872,34.51172],[127.46827,34.51201],[127.46927,34.51174]]],[[[127.78587,34.51177],[127.78567,34.51172],[127.78505,34.51209],[127.78587,34.51177]]],[[[127.80741,34.51134],[127.8076,34.51133],[127.8077,34.51137],[127.80741,34.51134]]],[[[127.8085,34.51327],[127.80831,34.51314],[127.8081,34.51314],[127.8085,34.51327]]],[[[127.81132,34.51675],[127.81138,34.51669],[127.81162,34.51671],[127.81132,34.51675]]],[[[127.1548,34.5177],[127.15475,34.51765],[127.1547,34.51765],[127.1548,34.5177]]],[[[126.17358,34.51017],[126.17331,34.51011],[126.17261,34.5102],[126.17358,34.51017]]],[[[126.16909,34.511],[126.16286,34.50581],[126.16907,34.51103],[126.16909,34.511]]],[[[126.1216,34.51085],[126.12151,34.51085],[126.12148,34.51087],[126.1216,34.51085]]],[[[127.15403,34.51774],[127.15211,34.51602],[127.15203,34.51608],[127.15403,34.51774]]],[[[127.24999,34.51619],[127.24997,34.51619],[127.24996,34.51619],[127.24999,34.51619]]],[[[127.15542,34.51869],[127.15522,34.51858],[127.15488,34.5187],[127.15542,34.51869]]],[[[126.12285,34.51129],[126.12264,34.51127],[126.12254,34.51128],[126.12285,34.51129]]],[[[127.16305,34.51943],[127.16277,34.51929],[127.1623,34.51857],[127.16305,34.51943]]],[[[126.12561,34.51302],[126.12534,34.51298],[126.12517,34.51299],[126.12561,34.51302]]],[[[127.12946,34.52311],[127.1401,34.52067],[127.1306,34.50616],[127.11295,34.50251],[127.09778,34.50972],[127.11215,34.52255],[127.12236,34.51238],[127.12936,34.52311],[127.12946,34.52311]]],[[[126.08832,34.5167],[126.08865,34.51657],[126.08881,34.51658],[126.08832,34.5167]]],[[[127.11333,34.52476],[127.11305,34.52472],[127.11289,34.52472],[127.11333,34.52476]]],[[[126.08488,34.51757],[126.08424,34.51733],[126.08411,34.5175],[126.08488,34.51757]]],[[[127.12271,34.52404],[127.12264,34.52402],[127.1222,34.52543],[127.12271,34.52404]]],[[[126.08496,34.51818],[126.08475,34.51813],[126.08453,34.51813],[126.08496,34.51818]]],[[[126.0975,34.52063],[126.09781,34.51985],[126.09807,34.51961],[126.0975,34.52063]]],[[[126.44093,34.52395],[126.4408,34.52383],[126.44051,34.52389],[126.44093,34.52395]]],[[[127.80854,34.52925],[127.80826,34.52925],[127.8082,34.5294],[127.80854,34.52925]]],[[[127.77259,34.53044],[127.77238,34.53042],[127.77214,34.53057],[127.77259,34.53044]]],[[[127.76997,34.53067],[127.76977,34.53061],[127.76978,34.53147],[127.76997,34.53067]]],[[[127.78311,34.53135],[127.78309,34.53131],[127.78303,34.53135],[127.78311,34.53135]]],[[[127.80879,34.53081],[127.80857,34.53081],[127.80849,34.53084],[127.80879,34.53081]]],[[[127.43216,34.53376],[127.43201,34.53375],[127.43204,34.53398],[127.43216,34.53376]]],[[[127.77043,34.53468],[127.77012,34.53453],[127.77004,34.53457],[127.77043,34.53468]]],[[[127.77623,34.5353],[127.77618,34.53525],[127.77613,34.53525],[127.77623,34.5353]]],[[[126.42702,34.53115],[126.42688,34.53114],[126.4268,34.5312],[126.42702,34.53115]]],[[[127.44717,34.5359],[127.44693,34.53587],[127.44675,34.53598],[127.44717,34.5359]]],[[[126.42666,34.5317],[126.42658,34.53158],[126.42647,34.53158],[126.42666,34.5317]]],[[[125.68752,34.52356],[125.68776,34.52315],[125.68789,34.52292],[125.68752,34.52356]]],[[[126.45151,34.53254],[126.45128,34.53244],[126.451,34.53298],[126.45151,34.53254]]],[[[127.77401,34.53595],[127.7739,34.53557],[127.77333,34.53569],[127.77401,34.53595]]],[[[126.10698,34.52896],[126.10671,34.5278],[126.10454,34.52712],[126.10698,34.52896]]],[[[126.4235,34.53445],[126.4234,34.53443],[126.42326,34.53444],[126.4235,34.53445]]],[[[126.10456,34.5319],[126.10437,34.5317],[126.10426,34.53181],[126.10456,34.5319]]],[[[126.78024,34.53631],[126.78356,34.53151],[126.78012,34.53636],[126.78024,34.53631]]],[[[126.0156,34.53066],[126.01471,34.53042],[126.01438,34.53097],[126.0156,34.53066]]],[[[126.4248,34.53671],[126.42449,34.53649],[126.42367,34.53655],[126.4248,34.53671]]],[[[126.2196,34.53406],[126.21946,34.53371],[126.21935,34.53369],[126.2196,34.53406]]],[[[127.43277,34.54317],[127.43258,34.54317],[127.4325,34.54319],[127.43277,34.54317]]],[[[127.43699,34.54355],[127.43681,34.54348],[127.43657,34.54349],[127.43699,34.54355]]],[[[127.64923,34.54328],[127.6488,34.54323],[127.64824,34.54353],[127.64923,34.54328]]],[[[126.35623,34.53842],[126.3561,34.5381],[126.35603,34.53795],[126.35623,34.53842]]],[[[127.64789,34.54452],[127.64766,34.54452],[127.64736,34.54459],[127.64789,34.54452]]],[[[126.21579,34.53779],[126.21566,34.53776],[126.21557,34.53783],[126.21579,34.53779]]],[[[127.46032,34.54497],[127.47869,34.53724],[127.45858,34.52691],[127.4752,34.51435],[127.45763,34.51371],[127.49112,34.5083],[127.5068,34.49062],[127.45117,34.47986],[127.44165,34.49334],[127.45889,34.50498],[127.45042,34.51618],[127.43433,34.51973],[127.45985,34.54505],[127.46032,34.54497]]],[[[126.17527,34.53359],[126.17508,34.53347],[126.17488,34.5335],[126.17527,34.53359]]],[[[126.22944,34.53947],[126.22944,34.53933],[126.22922,34.53921],[126.22944,34.53947]]],[[[127.76973,34.54612],[127.76963,34.54612],[127.76955,34.54616],[127.76973,34.54612]]],[[[127.76964,34.5465],[127.7696,34.54647],[127.76949,34.54648],[127.76964,34.5465]]],[[[127.44951,34.54722],[127.44607,34.53875],[127.43995,34.54191],[127.44928,34.54728],[127.44951,34.54722]]],[[[127.44658,34.54762],[127.44636,34.54748],[127.44604,34.54749],[127.44658,34.54762]]],[[[127.44295,34.54889],[127.44272,34.54876],[127.44263,34.54865],[127.44295,34.54889]]],[[[127.77651,34.54989],[127.77629,34.54988],[127.77618,34.54996],[127.77651,34.54989]]],[[[126.41845,34.5469],[126.41851,34.54691],[126.41853,34.54691],[126.41845,34.5469]]],[[[127.76725,34.51116],[127.78639,34.50746],[127.79706,34.49317],[127.77309,34.48813],[127.76417,34.49067],[127.77304,34.50006],[127.76632,34.49548],[127.75444,34.50491],[127.7347,34.50355],[127.74101,34.51046],[127.72595,34.51594],[127.736,34.52566],[127.72026,34.52338],[127.69755,34.53904],[127.75697,34.55207],[127.78193,34.51147],[127.76726,34.51111],[127.76725,34.51116]]],[[[127.43785,34.55254],[127.43791,34.55238],[127.43815,34.5524],[127.43785,34.55254]]],[[[126.35316,34.54794],[126.35309,34.54791],[126.35304,34.54792],[126.35316,34.54794]]],[[[127.43725,34.55367],[127.43702,34.55359],[127.43677,34.55369],[127.43725,34.55367]]],[[[126.38437,34.54836],[126.38422,34.54825],[126.38366,34.54851],[126.38437,34.54836]]],[[[126.04185,34.54418],[126.0425,34.54379],[126.04308,34.54385],[126.04185,34.54418]]],[[[127.44566,34.55339],[127.44506,34.55289],[127.44438,34.55311],[127.44566,34.55339]]],[[[126.38691,34.54932],[126.38685,34.54929],[126.38657,34.5494],[126.38691,34.54932]]],[[[126.04517,34.54654],[126.0451,34.5465],[126.04495,34.5465],[126.04517,34.54654]]],[[[127.43264,34.55618],[127.43242,34.5559],[127.4321,34.55592],[127.43264,34.55618]]],[[[127.64042,34.55608],[127.64034,34.55604],[127.64028,34.55607],[127.64042,34.55608]]],[[[127.45648,34.55543],[127.45601,34.55508],[127.45539,34.55518],[127.45648,34.55543]]],[[[127.45749,34.55654],[127.4574,34.55636],[127.45706,34.55636],[127.45749,34.55654]]],[[[126.35603,34.55143],[126.35597,34.5514],[126.35523,34.5515],[126.35603,34.55143]]],[[[126.02819,34.5492],[126.0279,34.54905],[126.02757,34.54911],[126.02819,34.5492]]],[[[126.36055,34.55358],[126.36037,34.55347],[126.36024,34.55355],[126.36055,34.55358]]],[[[126.22618,34.55253],[126.22644,34.55253],[126.22665,34.55253],[126.22618,34.55253]]],[[[126.03401,34.55023],[126.03357,34.54994],[126.03318,34.55004],[126.03401,34.55023]]],[[[127.68789,34.55897],[127.68743,34.5588],[127.6873,34.55908],[127.68789,34.55897]]],[[[126.36795,34.55403],[126.36779,34.554],[126.36759,34.55403],[126.36795,34.55403]]],[[[126.21935,34.55318],[126.21974,34.55318],[126.21987,34.55319],[126.21935,34.55318]]],[[[126.03461,34.55108],[126.03447,34.55107],[126.03431,34.55108],[126.03461,34.55108]]],[[[127.40374,34.55953],[127.40365,34.55951],[127.40357,34.55953],[127.40374,34.55953]]],[[[127.68846,34.56024],[127.68824,34.55972],[127.68749,34.55976],[127.68846,34.56024]]],[[[127.46216,34.56069],[127.46219,34.5606],[127.46213,34.56059],[127.46216,34.56069]]],[[[126.02809,34.5521],[126.02821,34.55145],[126.02756,34.55157],[126.02809,34.5521]]],[[[126.30982,34.55509],[126.30905,34.555],[126.30839,34.55524],[126.30982,34.55509]]],[[[127.68183,34.56209],[127.6818,34.56193],[127.68135,34.56209],[127.68183,34.56209]]],[[[127.68079,34.56305],[127.68045,34.56284],[127.68023,34.56318],[127.68079,34.56305]]],[[[126.317,34.55601],[126.317,34.55569],[126.31676,34.55567],[126.317,34.55601]]],[[[127.76847,34.56368],[127.76845,34.56368],[127.76842,34.56369],[127.76847,34.56368]]],[[[127.45966,34.56438],[127.45957,34.56436],[127.45945,34.56437],[127.45966,34.56438]]],[[[127.63937,34.56196],[127.63891,34.55586],[127.63917,34.56248],[127.63937,34.56196]]],[[[126.2102,34.55717],[126.2107,34.55714],[126.21071,34.55775],[126.2102,34.55717]]],[[[126.7824,34.56251],[126.78196,34.56239],[126.78152,34.56289],[126.7824,34.56251]]],[[[127.76951,34.56579],[127.7694,34.56571],[127.76925,34.56572],[127.76951,34.56579]]],[[[126.2155,34.55883],[126.21453,34.55852],[126.21323,34.55897],[126.2155,34.55883]]],[[[127.77016,34.56681],[127.76455,34.5628],[127.77011,34.56691],[127.77016,34.56681]]],[[[127.46087,34.56644],[127.46069,34.56644],[127.46062,34.56651],[127.46087,34.56644]]],[[[127.74711,34.56792],[127.75188,34.56594],[127.74705,34.5679],[127.74711,34.56792]]],[[[127.4576,34.56232],[127.45514,34.56838],[127.45746,34.56236],[127.4576,34.56232]]],[[[127.01148,34.5672],[127.01138,34.56719],[127.0113,34.56721],[127.01148,34.5672]]],[[[126.31893,34.56215],[126.3186,34.56204],[126.31834,34.56208],[126.31893,34.56215]]],[[[127.47133,34.56912],[127.47129,34.569],[127.47134,34.56898],[127.47133,34.56912]]],[[[126.31024,34.56347],[126.31017,34.56341],[126.30995,34.56348],[126.31024,34.56347]]],[[[127.47003,34.56955],[127.4666,34.56369],[127.4691,34.57011],[127.47003,34.56955]]],[[[127.45417,34.56999],[127.45418,34.56981],[127.45395,34.56982],[127.45417,34.56999]]],[[[127.73314,34.57037],[127.74063,34.56238],[127.72489,34.56069],[127.73294,34.57047],[127.73314,34.57037]]],[[[126.03019,34.56213],[126.03004,34.56212],[126.02977,34.56215],[126.03019,34.56213]]],[[[126.31249,34.56563],[126.31252,34.56527],[126.3122,34.56538],[126.31249,34.56563]]],[[[127.47489,34.57135],[127.47422,34.57131],[127.47352,34.57139],[127.47489,34.57135]]],[[[126.33103,34.56788],[126.31989,34.55939],[126.33066,34.56823],[126.33103,34.56788]]],[[[127.45301,34.5747],[127.45343,34.57447],[127.45388,34.57449],[127.45301,34.5747]]],[[[125.88197,34.56374],[125.88187,34.56371],[125.88173,34.56378],[125.88197,34.56374]]],[[[127.7617,34.57461],[127.7619,34.57441],[127.76183,34.57437],[127.7617,34.57461]]],[[[127.00715,34.57299],[127.00709,34.57299],[127.00697,34.57304],[127.00715,34.57299]]],[[[127.47658,34.57407],[127.47641,34.57395],[127.47615,34.57398],[127.47658,34.57407]]],[[[127.74046,34.57546],[127.74017,34.57003],[127.74037,34.57547],[127.74046,34.57546]]],[[[126.15417,34.56851],[126.15414,34.56824],[126.1541,34.56825],[126.15417,34.56851]]],[[[126.1985,34.56739],[126.19785,34.56739],[126.19764,34.56763],[126.1985,34.56739]]],[[[127.76489,34.57537],[127.76485,34.57533],[127.76475,34.57535],[127.76489,34.57537]]],[[[127.44926,34.57369],[127.45256,34.56251],[127.44133,34.57059],[127.44929,34.5737],[127.44926,34.57369]]],[[[126.15377,34.56896],[126.1538,34.56894],[126.15404,34.56863],[126.15377,34.56896]]],[[[127.44017,34.57662],[127.44022,34.57641],[127.44018,34.57624],[127.44017,34.57662]]],[[[125.88438,34.56622],[125.88444,34.56614],[125.88438,34.56614],[125.88438,34.56622]]],[[[127.7407,34.57686],[127.74063,34.57682],[127.74055,34.57683],[127.7407,34.57686]]],[[[126.14293,34.56963],[126.14279,34.56962],[126.14275,34.56967],[126.14293,34.56963]]],[[[127.58253,34.57624],[127.58234,34.57623],[127.58213,34.57624],[127.58253,34.57624]]],[[[127.55078,34.57783],[127.55086,34.57775],[127.55086,34.57764],[127.55078,34.57783]]],[[[126.01611,34.56694],[126.01588,34.56676],[126.01558,34.56692],[126.01611,34.56694]]],[[[127.55024,34.57779],[127.55001,34.57766],[127.54991,34.57772],[127.55024,34.57779]]],[[[125.88774,34.56689],[125.88278,34.56192],[125.88746,34.56709],[125.88774,34.56689]]],[[[125.91393,34.56729],[125.91425,34.56729],[125.91473,34.56739],[125.91393,34.56729]]],[[[126.14942,34.57144],[126.15639,34.56646],[126.15143,34.56192],[126.14958,34.5715],[126.14942,34.57144]]],[[[127.55121,34.57894],[127.55104,34.57876],[127.551,34.57868],[127.55121,34.57894]]],[[[127.72556,34.57927],[127.72322,34.56864],[127.7118,34.56609],[127.70993,34.57605],[127.72555,34.57934],[127.72556,34.57927]]],[[[126.19946,34.57265],[126.19983,34.57251],[126.20015,34.57208],[126.19946,34.57265]]],[[[127.6817,34.57973],[127.68153,34.57933],[127.68155,34.57879],[127.6817,34.57973]]],[[[127.58577,34.58049],[127.58587,34.58035],[127.58579,34.58022],[127.58577,34.58049]]],[[[127.72727,34.58046],[127.72734,34.58037],[127.7273,34.58025],[127.72727,34.58046]]],[[[127.7524,34.58132],[127.75238,34.5812],[127.75233,34.58123],[127.7524,34.58132]]],[[[127.76215,34.58174],[127.76381,34.57576],[127.7546,34.57709],[127.7621,34.58188],[127.76215,34.58174]]],[[[127.76262,34.5821],[127.76262,34.58201],[127.76255,34.58198],[127.76262,34.5821]]],[[[127.41734,34.58163],[127.42332,34.57554],[127.4172,34.58165],[127.41734,34.58163]]],[[[125.8869,34.57167],[125.88666,34.57166],[125.88636,34.57184],[125.8869,34.57167]]],[[[127.43161,34.58435],[127.43153,34.58429],[127.43144,34.58432],[127.43161,34.58435]]],[[[126.15704,34.57602],[126.15692,34.57599],[126.1569,34.57605],[126.15704,34.57602]]],[[[127.12812,34.58398],[127.1279,34.58393],[127.12776,34.58395],[127.12812,34.58398]]],[[[127.68935,34.57009],[127.65959,34.55406],[127.64827,34.55831],[127.64715,34.56837],[127.63773,34.56626],[127.63866,34.57492],[127.65759,34.58562],[127.67053,34.58018],[127.67083,34.57184],[127.69044,34.57675],[127.70482,34.56495],[127.68715,34.56121],[127.6892,34.56984],[127.68935,34.57009]]],[[[127.41184,34.58564],[127.41175,34.58557],[127.41162,34.58563],[127.41184,34.58564]]],[[[125.89721,34.57476],[125.89707,34.57459],[125.8968,34.57467],[125.89721,34.57476]]],[[[127.56072,34.5864],[127.56016,34.5858],[127.55969,34.58581],[127.56072,34.5864]]],[[[127.65345,34.58728],[127.65322,34.58712],[127.65313,34.58714],[127.65345,34.58728]]],[[[127.56366,34.58782],[127.56377,34.58773],[127.5639,34.58774],[127.56366,34.58782]]],[[[127.65393,34.58768],[127.65384,34.58763],[127.65375,34.58764],[127.65393,34.58768]]],[[[127.40877,34.58808],[127.40902,34.58773],[127.4092,34.58777],[127.40877,34.58808]]],[[[127.55508,34.5886],[127.55557,34.58832],[127.55554,34.58821],[127.55508,34.5886]]],[[[127.40997,34.58867],[127.40972,34.58865],[127.40968,34.58877],[127.40997,34.58867]]],[[[127.60615,34.58878],[127.606,34.58877],[127.6059,34.58885],[127.60615,34.58878]]],[[[127.56428,34.58904],[127.564,34.58903],[127.56384,34.58907],[127.56428,34.58904]]],[[[126.19599,34.58249],[126.19295,34.57351],[126.19575,34.58257],[126.19599,34.58249]]],[[[127.60011,34.58963],[127.60029,34.58948],[127.60057,34.58914],[127.60011,34.58963]]],[[[127.40876,34.58947],[127.40841,34.58932],[127.40832,34.58951],[127.40876,34.58947]]],[[[126.99992,34.58741],[126.99969,34.58714],[126.99923,34.58758],[126.99992,34.58741]]],[[[127.60277,34.59015],[127.60292,34.58982],[127.60321,34.58978],[127.60277,34.59015]]],[[[126.14706,34.58158],[126.14655,34.57542],[126.13677,34.57884],[126.14681,34.58158],[126.14706,34.58158]]],[[[127.53863,34.59095],[127.53849,34.59087],[127.53837,34.59094],[127.53863,34.59095]]],[[[126.26464,34.58504],[126.26459,34.58497],[126.2644,34.58499],[126.26464,34.58504]]],[[[127.57021,34.59142],[127.57047,34.59125],[127.57061,34.59125],[127.57021,34.59142]]],[[[127.69456,34.59135],[127.69571,34.59108],[127.6963,34.59072],[127.69456,34.59135]]],[[[126.00989,34.58243],[126.00986,34.58242],[126.00975,34.58243],[126.00989,34.58243]]],[[[127.75543,34.5918],[127.75534,34.59175],[127.75525,34.59176],[127.75543,34.5918]]],[[[127.53756,34.58964],[127.53747,34.58947],[127.53735,34.58947],[127.53756,34.58964]]],[[[127.56787,34.59358],[127.56792,34.59352],[127.56784,34.59352],[127.56787,34.59358]]],[[[127.55546,34.59365],[127.55908,34.58819],[127.55531,34.59391],[127.55546,34.59365]]],[[[127.56833,34.59354],[127.56821,34.59348],[127.56816,34.59349],[127.56833,34.59354]]],[[[127.55882,34.59439],[127.55858,34.59434],[127.55842,34.59441],[127.55882,34.59439]]],[[[126.30669,34.58594],[126.29768,34.58162],[126.30677,34.5861],[126.30669,34.58594]]],[[[127.7367,34.58658],[127.74373,34.57993],[127.73405,34.57426],[127.7123,34.59248],[127.73125,34.59484],[127.73664,34.58658],[127.7367,34.58658]]],[[[126.2503,34.5878],[126.30358,34.57092],[126.3096,34.56299],[126.30061,34.55637],[126.31418,34.54371],[126.32528,34.54031],[126.33906,34.55126],[126.33684,34.54344],[126.34521,34.54214],[126.35117,34.5275],[126.37688,34.51293],[126.38319,34.50369],[126.37299,34.49607],[126.38301,34.49274],[126.37883,34.48607],[126.3853,34.48078],[126.35765,34.48048],[126.37277,34.47093],[126.35793,34.45624],[126.36717,34.44434],[126.33543,34.4144],[126.33658,34.40056],[126.32832,34.39749],[126.32018,34.40509],[126.32773,34.40588],[126.31857,34.42434],[126.31088,34.41593],[126.31511,34.40044],[126.30201,34.41447],[126.30624,34.40221],[126.29242,34.40891],[126.29686,34.3977],[126.28995,34.39351],[126.26289,34.3955],[126.25957,34.38682],[126.26817,34.38512],[126.26673,34.37831],[126.24401,34.37946],[126.23422,34.36881],[126.23113,34.37496],[126.22163,34.3677],[126.20237,34.37114],[126.19856,34.36769],[126.21021,34.36903],[126.21356,34.36073],[126.18029,34.35112],[126.18202,34.35946],[126.16202,34.3531],[126.15557,34.35977],[126.16377,34.36409],[126.15278,34.36673],[126.14371,34.36433],[126.14626,34.35828],[126.13004,34.35987],[126.14441,34.38302],[126.11379,34.38211],[126.11174,34.39475],[126.08947,34.41867],[126.0974,34.41862],[126.09164,34.42165],[126.09803,34.4218],[126.09622,34.43559],[126.11837,34.44965],[126.13006,34.44252],[126.11701,34.45967],[126.17272,34.48455],[126.19067,34.51432],[126.18824,34.49616],[126.20538,34.49596],[126.19818,34.5095],[126.22335,34.51639],[126.21202,34.52684],[126.22492,34.53007],[126.22578,34.54119],[126.23546,34.53564],[126.25101,34.56306],[126.23962,34.56514],[126.24471,34.58074],[126.2381,34.58263],[126.25022,34.58783],[126.2503,34.5878]]],[[[127.68316,34.5954],[127.69037,34.59108],[127.68425,34.58838],[127.68291,34.59543],[127.68316,34.5954]]],[[[125.83947,34.58397],[125.83915,34.58274],[125.8378,34.58284],[125.83947,34.58397]]],[[[125.90704,34.58564],[125.90712,34.58555],[125.90718,34.58556],[125.90704,34.58564]]],[[[127.50848,34.59553],[127.5084,34.59551],[127.50824,34.59556],[127.50848,34.59553]]],[[[127.62341,34.59634],[127.626,34.58915],[127.60668,34.58886],[127.62275,34.5963],[127.62341,34.59634]]],[[[125.90685,34.58579],[125.90679,34.58578],[125.90669,34.58582],[125.90685,34.58579]]],[[[127.51275,34.59692],[127.51259,34.59655],[127.51223,34.59667],[127.51275,34.59692]]],[[[127.59427,34.59745],[127.59413,34.59737],[127.5939,34.59747],[127.59427,34.59745]]],[[[125.96987,34.587],[125.96949,34.58666],[125.96785,34.58683],[125.96987,34.587]]],[[[126.00084,34.58813],[126.00067,34.58796],[126.00042,34.58804],[126.00084,34.58813]]],[[[127.51333,34.59783],[127.51345,34.59783],[127.51365,34.5979],[127.51333,34.59783]]],[[[126.01219,34.5887],[126.01215,34.58865],[126.0121,34.58869],[126.01219,34.5887]]],[[[126.24872,34.59291],[126.24886,34.5929],[126.2489,34.59291],[126.24872,34.59291]]],[[[126.18819,34.59127],[126.18695,34.59114],[126.18605,34.59145],[126.18819,34.59127]]],[[[127.57998,34.59868],[127.57985,34.59711],[127.579,34.59688],[127.57998,34.59868]]],[[[125.99758,34.59096],[125.99781,34.59092],[125.99783,34.59092],[125.99758,34.59096]]],[[[126.00529,34.58811],[126.00516,34.58804],[126.00496,34.58808],[126.00529,34.58811]]],[[[126.06266,34.59243],[126.0623,34.59236],[126.06155,34.59258],[126.06266,34.59243]]],[[[127.5294,34.6015],[127.52916,34.60147],[127.5289,34.60151],[127.5294,34.6015]]],[[[126.02404,34.59381],[126.0243,34.59351],[126.02444,34.5932],[126.02404,34.59381]]],[[[125.98926,34.59166],[125.98884,34.59127],[125.98853,34.59136],[125.98926,34.59166]]],[[[126.27656,34.59661],[126.27616,34.59651],[126.27591,34.59657],[126.27656,34.59661]]],[[[126.10409,34.59512],[126.10402,34.5951],[126.10397,34.59516],[126.10409,34.59512]]],[[[127.53423,34.60143],[127.53421,34.60143],[127.5342,34.60143],[127.53423,34.60143]]],[[[127.65194,34.60399],[127.66168,34.60251],[127.65194,34.58735],[127.64597,34.59126],[127.65189,34.60401],[127.65194,34.60399]]],[[[127.60435,34.60466],[127.60423,34.59618],[127.59411,34.59783],[127.60427,34.60465],[127.60435,34.60466]]],[[[127.71386,34.60556],[127.71441,34.60527],[127.71479,34.60536],[127.71386,34.60556]]],[[[126.02015,34.59509],[126.01973,34.59506],[126.01927,34.59521],[126.02015,34.59509]]],[[[127.0046,34.60427],[127.00456,34.60419],[127.00448,34.60422],[127.0046,34.60427]]],[[[126.27957,34.6006],[126.27953,34.60059],[126.27946,34.6006],[126.27957,34.6006]]],[[[126.27884,34.60075],[126.27885,34.60069],[126.27875,34.60069],[126.27884,34.60075]]],[[[125.891,34.59639],[125.891,34.59629],[125.89085,34.59631],[125.891,34.59639]]],[[[126.06469,34.59858],[126.06465,34.59855],[126.06457,34.59864],[126.06469,34.59858]]],[[[126.01284,34.59936],[126.01263,34.59935],[126.01249,34.59947],[126.01284,34.59936]]],[[[127.79877,34.60818],[127.79774,34.60795],[127.79733,34.60881],[127.79877,34.60818]]],[[[125.87143,34.60012],[125.87242,34.59962],[125.87322,34.59985],[125.87143,34.60012]]],[[[127.02718,34.61004],[127.02716,34.60997],[127.0271,34.60997],[127.02718,34.61004]]],[[[127.73334,34.6111],[127.73339,34.61111],[127.73342,34.61099],[127.73334,34.6111]]],[[[127.58319,34.61128],[127.58312,34.61115],[127.58291,34.61116],[127.58319,34.61128]]],[[[127.71484,34.61105],[127.72573,34.60832],[127.70445,34.60428],[127.71396,34.61128],[127.71484,34.61105]]],[[[127.09856,34.60985],[127.1103,34.5962],[127.09051,34.59733],[127.09849,34.60991],[127.09856,34.60985]]],[[[127.7221,34.61242],[127.7221,34.61251],[127.72395,34.6125],[127.7221,34.61242]]],[[[125.98564,34.60142],[125.97474,34.59483],[125.9756,34.57865],[125.96742,34.58016],[125.97277,34.59584],[125.95752,34.59622],[125.98563,34.60172],[125.98564,34.60142]]],[[[125.86913,34.60149],[125.86894,34.60145],[125.86866,34.60151],[125.86913,34.60149]]],[[[125.97438,34.60369],[125.97495,34.60356],[125.97605,34.60376],[125.97438,34.60369]]],[[[127.56661,34.61338],[127.56628,34.61319],[127.56595,34.61337],[127.56661,34.61338]]],[[[125.99248,34.60395],[125.99236,34.60392],[125.99227,34.60399],[125.99248,34.60395]]],[[[127.71286,34.61344],[127.71254,34.61344],[127.71226,34.61354],[127.71286,34.61344]]],[[[125.97299,34.60465],[125.97296,34.60449],[125.9729,34.60454],[125.97299,34.60465]]],[[[125.86827,34.60307],[125.86785,34.60244],[125.86713,34.60295],[125.86827,34.60307]]],[[[127.58704,34.61429],[127.58701,34.61385],[127.58677,34.6137],[127.58704,34.61429]]],[[[125.99213,34.60632],[125.99204,34.60616],[125.99199,34.60607],[125.99213,34.60632]]],[[[127.70927,34.61526],[127.70892,34.61517],[127.70814,34.61517],[127.70927,34.61526]]],[[[126.00032,34.60616],[126.00012,34.60613],[126.00006,34.60627],[126.00032,34.60616]]],[[[126.00715,34.60656],[125.99779,34.59735],[126.00709,34.60663],[126.00715,34.60656]]],[[[126.27301,34.61035],[126.2729,34.61031],[126.27276,34.61035],[126.27301,34.61035]]],[[[125.86192,34.60577],[125.862,34.60573],[125.8621,34.60577],[125.86192,34.60577]]],[[[125.9893,34.60733],[125.9892,34.60727],[125.98902,34.60729],[125.9893,34.60733]]],[[[126.25948,34.61005],[126.25935,34.61003],[126.25901,34.61008],[126.25948,34.61005]]],[[[127.5387,34.61764],[127.53894,34.6176],[127.53913,34.6176],[127.5387,34.61764]]],[[[126.08792,34.61056],[126.08798,34.61054],[126.08809,34.61054],[126.08792,34.61056]]],[[[127.533,34.59965],[127.54004,34.59869],[127.54041,34.60829],[127.52563,34.60308],[127.52251,34.61507],[127.54078,34.6116],[127.55309,34.6185],[127.56467,34.61269],[127.56615,34.60517],[127.55121,34.60225],[127.54953,34.59475],[127.53215,34.59959],[127.533,34.59965]]],[[[125.98743,34.60909],[125.98729,34.60908],[125.98695,34.60928],[125.98743,34.60909]]],[[[125.98574,34.6104],[125.98572,34.61034],[125.98569,34.61034],[125.98574,34.6104]]],[[[127.5151,34.61981],[127.5151,34.61959],[127.51486,34.6196],[127.5151,34.61981]]],[[[125.98508,34.61042],[125.98521,34.6104],[125.98522,34.6103],[125.98508,34.61042]]],[[[126.12383,34.61136],[126.12376,34.61132],[126.12339,34.61147],[126.12383,34.61136]]],[[[127.51372,34.62047],[127.51385,34.6204],[127.51397,34.62015],[127.51372,34.62047]]],[[[127.52666,34.62042],[127.52653,34.62042],[127.52644,34.62047],[127.52666,34.62042]]],[[[126.17727,34.61278],[126.17721,34.61276],[126.17689,34.6128],[126.17727,34.61278]]],[[[126.27049,34.61483],[126.27786,34.6114],[126.259,34.61215],[126.27007,34.61506],[126.27049,34.61483]]],[[[126.16916,34.61382],[126.16887,34.61362],[126.16875,34.61376],[126.16916,34.61382]]],[[[126.00902,34.61238],[126.00899,34.61222],[126.00892,34.61224],[126.00902,34.61238]]],[[[127.0127,34.62091],[127.01235,34.61055],[127.0127,34.62104],[127.0127,34.62091]]],[[[126.0857,34.61412],[126.08562,34.61406],[126.08558,34.61411],[126.0857,34.61412]]],[[[126.11386,34.61495],[126.10876,34.61193],[126.1137,34.61498],[126.11386,34.61495]]],[[[126.17591,34.61499],[126.1759,34.61486],[126.17582,34.61491],[126.17591,34.61499]]],[[[125.81212,34.61117],[125.81207,34.61103],[125.81189,34.61103],[125.81212,34.61117]]],[[[126.16735,34.61622],[126.16707,34.61598],[126.16679,34.61601],[126.16735,34.61622]]],[[[126.17371,34.61587],[126.1737,34.61585],[126.17356,34.61587],[126.17371,34.61587]]],[[[125.87153,34.61141],[125.87051,34.60296],[125.87146,34.61155],[125.87153,34.61141]]],[[[127.53308,34.62414],[127.53305,34.62405],[127.53296,34.62406],[127.53308,34.62414]]],[[[127.63516,34.62454],[127.6548,34.60861],[127.63216,34.60796],[127.62495,34.61585],[127.635,34.62453],[127.63516,34.62454]]],[[[126.18529,34.61626],[126.18278,34.61109],[126.1854,34.61678],[126.18529,34.61626]]],[[[127.65161,34.62499],[127.65173,34.62482],[127.65142,34.62488],[127.65161,34.62499]]],[[[126.17885,34.61802],[126.17959,34.61741],[126.17959,34.61738],[126.17885,34.61802]]],[[[125.87614,34.61229],[125.889,34.6034],[125.87592,34.61246],[125.87614,34.61229]]],[[[126.17397,34.61836],[126.1739,34.61835],[126.17385,34.61839],[126.17397,34.61836]]],[[[126.17371,34.61899],[126.17359,34.61899],[126.1735,34.61904],[126.17371,34.61899]]],[[[125.86891,34.61398],[125.86876,34.61376],[125.86845,34.61386],[125.86891,34.61398]]],[[[127.52529,34.62683],[127.52542,34.62662],[127.52522,34.62663],[127.52529,34.62683]]],[[[127.52811,34.6241],[127.52801,34.62406],[127.5279,34.62408],[127.52811,34.6241]]],[[[126.16529,34.61975],[126.16639,34.61937],[126.1674,34.61928],[126.16529,34.61975]]],[[[127.53444,34.62486],[127.53447,34.62486],[127.53453,34.6249],[127.53444,34.62486]]],[[[127.52988,34.62716],[127.52948,34.62706],[127.52938,34.62709],[127.52988,34.62716]]],[[[126.19883,34.62094],[126.19862,34.62089],[126.19855,34.62094],[126.19883,34.62094]]],[[[126.17762,34.62078],[126.17764,34.6207],[126.17765,34.62064],[126.17762,34.62078]]],[[[125.79685,34.61597],[125.79681,34.61595],[125.79663,34.61603],[125.79685,34.61597]]],[[[127.53037,34.62823],[127.5302,34.62805],[127.52997,34.62783],[127.53037,34.62823]]],[[[126.04154,34.61975],[126.0413,34.61963],[126.04113,34.61994],[126.04154,34.61975]]],[[[126.19346,34.62229],[126.19335,34.62223],[126.19324,34.62226],[126.19346,34.62229]]],[[[127.5553,34.62934],[127.55507,34.62918],[127.55456,34.62933],[127.5553,34.62934]]],[[[126.01461,34.62097],[126.01462,34.62089],[126.01457,34.62091],[126.01461,34.62097]]],[[[125.88092,34.61887],[125.88087,34.61877],[125.88076,34.61881],[125.88092,34.61887]]],[[[126.22145,34.6228],[126.22144,34.62246],[126.22135,34.62247],[126.22145,34.6228]]],[[[127.54886,34.63179],[127.54872,34.63172],[127.54863,34.63181],[127.54886,34.63179]]],[[[127.5373,34.62665],[127.53581,34.63212],[127.55175,34.62746],[127.53733,34.62665],[127.5373,34.62665]]],[[[126.12226,34.62358],[126.12582,34.61917],[126.11776,34.61746],[126.1084,34.62257],[126.12203,34.62378],[126.12226,34.62358]]],[[[127.64631,34.6325],[127.6461,34.63215],[127.64565,34.63231],[127.64631,34.6325]]],[[[125.87874,34.62096],[125.87796,34.62088],[125.87702,34.62096],[125.87874,34.62096]]],[[[126.19422,34.62616],[126.19404,34.62615],[126.19393,34.62617],[126.19422,34.62616]]],[[[127.53591,34.63317],[127.53609,34.63283],[127.53568,34.63283],[127.53591,34.63317]]],[[[125.81319,34.61769],[125.82149,34.61076],[125.80604,34.62006],[125.81249,34.61815],[125.81319,34.61769]]],[[[125.86582,34.62002],[125.86539,34.61977],[125.86418,34.62036],[125.86582,34.62002]]],[[[126.20534,34.62612],[126.20504,34.6261],[126.20498,34.62626],[126.20534,34.62612]]],[[[126.19972,34.62615],[126.21857,34.62476],[126.21298,34.61768],[126.19959,34.62655],[126.19972,34.62615]]],[[[126.11486,34.62609],[126.11474,34.62609],[126.11468,34.62621],[126.11486,34.62609]]],[[[127.64715,34.63373],[127.64687,34.63367],[127.64659,34.63369],[127.64715,34.63373]]],[[[126.11756,34.6272],[126.11743,34.62718],[126.11728,34.62729],[126.11756,34.6272]]],[[[127.6484,34.63602],[127.64832,34.6359],[127.64823,34.63598],[127.6484,34.63602]]],[[[127.7076,34.63607],[127.70763,34.63596],[127.70769,34.63595],[127.7076,34.63607]]],[[[127.70904,34.63613],[127.70913,34.63603],[127.7093,34.63604],[127.70904,34.63613]]],[[[127.65008,34.63598],[127.64982,34.63592],[127.6486,34.63629],[127.65008,34.63598]]],[[[127.1854,34.63677],[127.1854,34.63672],[127.18535,34.63673],[127.1854,34.63677]]],[[[127.54054,34.63694],[127.5401,34.63685],[127.53932,34.63697],[127.54054,34.63694]]],[[[127.71308,34.63718],[127.71325,34.63684],[127.71327,34.63674],[127.71308,34.63718]]],[[[127.18546,34.63748],[127.1854,34.63739],[127.1854,34.63738],[127.18546,34.63748]]],[[[126.07151,34.62976],[126.07111,34.62947],[126.07052,34.62949],[126.07151,34.62976]]],[[[126.05688,34.63045],[126.07413,34.62639],[126.08893,34.60764],[126.09915,34.60958],[126.09841,34.59671],[126.11132,34.58814],[126.09178,34.56878],[126.10037,34.55235],[126.08329,34.55626],[126.08649,34.54765],[126.06262,34.54044],[126.06456,34.53383],[126.03138,34.53087],[126.02782,34.54235],[126.04498,34.53754],[126.04597,34.54595],[126.06121,34.54874],[126.05444,34.55709],[126.02658,34.55336],[126.03291,34.56353],[126.06343,34.55872],[126.08733,34.5846],[126.07447,34.58435],[126.07903,34.59013],[126.07176,34.58868],[126.0667,34.60918],[126.04616,34.61032],[126.05,34.62906],[126.05651,34.63057],[126.05688,34.63045]]],[[[127.51355,34.62611],[127.50935,34.6334],[127.51602,34.63939],[127.51585,34.62516],[127.52425,34.62089],[127.51399,34.62623],[127.51355,34.62611]]],[[[125.99399,34.62978],[125.99389,34.62976],[125.99382,34.62995],[125.99399,34.62978]]],[[[125.85431,34.62928],[125.86162,34.60409],[125.84331,34.59416],[125.82655,34.60028],[125.81742,34.59192],[125.80888,34.59438],[125.80936,34.60194],[125.82709,34.60094],[125.82269,34.61229],[125.85392,34.62911],[125.85431,34.62928]]],[[[127.51835,34.64042],[127.51811,34.64021],[127.51785,34.64019],[127.51835,34.64042]]],[[[126.00389,34.6284],[126.00917,34.61098],[125.98854,34.60817],[125.98793,34.61641],[125.99899,34.61809],[125.9912,34.62161],[125.99393,34.62856],[126.0033,34.6294],[126.00389,34.6284]]],[[[126.20256,34.63297],[126.2025,34.63293],[126.20242,34.63295],[126.20256,34.63297]]],[[[126.20637,34.63387],[126.20625,34.63355],[126.20593,34.63361],[126.20637,34.63387]]],[[[125.99519,34.63026],[125.99503,34.63023],[125.99479,34.63033],[125.99519,34.63026]]],[[[127.56942,34.64045],[127.56925,34.64043],[127.56926,34.64047],[127.56942,34.64045]]],[[[125.4073,34.62413],[125.40732,34.62409],[125.40736,34.62403],[125.4073,34.62413]]],[[[127.56029,34.63196],[127.54767,34.64084],[127.5678,34.63479],[127.56866,34.62712],[127.55992,34.63191],[127.56029,34.63196]]],[[[126.06767,34.63248],[126.0675,34.63232],[126.06733,34.63265],[126.06767,34.63248]]],[[[127.7153,34.64345],[127.71533,34.64339],[127.7154,34.64333],[127.7153,34.64345]]],[[[127.56301,34.64346],[127.56291,34.64346],[127.56282,34.64351],[127.56301,34.64346]]],[[[127.56325,34.64392],[127.56318,34.64385],[127.5631,34.64386],[127.56325,34.64392]]],[[[126.0172,34.63482],[126.03923,34.63017],[126.03319,34.61109],[126.05601,34.60245],[126.06492,34.58308],[126.0563,34.56843],[126.0413,34.56779],[126.03645,34.57692],[126.02926,34.56545],[126.01906,34.56482],[126.02278,34.57453],[126.01472,34.58519],[126.02695,34.59331],[126.01964,34.60069],[126.01108,34.5969],[126.01696,34.61814],[126.0101,34.63114],[126.01706,34.63487],[126.0172,34.63482]]],[[[126.20538,34.63583],[126.2053,34.63535],[126.20462,34.63541],[126.20538,34.63583]]],[[[126.00586,34.63648],[126.00565,34.63631],[126.00553,34.63646],[126.00586,34.63648]]],[[[125.94187,34.63008],[125.94128,34.63597],[125.94118,34.63095],[125.94187,34.63008]]],[[[126.01345,34.63659],[126.01313,34.6364],[126.01292,34.6367],[126.01345,34.63659]]],[[[125.39975,34.6281],[125.39976,34.6281],[125.39976,34.6281],[125.39975,34.6281]]],[[[125.39909,34.62853],[125.39911,34.62853],[125.39911,34.62853],[125.39909,34.62853]]],[[[126.04214,34.63718],[126.04189,34.63695],[126.04177,34.637],[126.04214,34.63718]]],[[[125.94106,34.63675],[125.94103,34.63665],[125.9409,34.63676],[125.94106,34.63675]]],[[[126.09515,34.63586],[126.09472,34.63537],[126.09415,34.63537],[126.09515,34.63586]]],[[[126.08037,34.63445],[126.07647,34.63887],[126.08033,34.63446],[126.08037,34.63445]]],[[[125.39258,34.62909],[125.39258,34.62909],[125.39259,34.6291],[125.39258,34.62909]]],[[[125.39256,34.62941],[125.39259,34.62938],[125.39259,34.62938],[125.39256,34.62941]]],[[[125.39555,34.62968],[125.39556,34.62967],[125.39557,34.62967],[125.39555,34.62968]]],[[[125.39806,34.62979],[125.39824,34.62962],[125.39833,34.62962],[125.39806,34.62979]]],[[[126.08221,34.63891],[126.08868,34.62975],[126.08211,34.63899],[126.08221,34.63891]]],[[[127.79937,34.6468],[127.79933,34.64691],[127.79934,34.64728],[127.79937,34.6468]]],[[[126.01948,34.64035],[126.01942,34.64013],[126.01895,34.64015],[126.01948,34.64035]]],[[[126.09011,34.6424],[126.0903,34.64237],[126.09035,34.64238],[126.09011,34.6424]]],[[[125.39101,34.63461],[125.39101,34.63461],[125.39103,34.63461],[125.39101,34.63461]]],[[[127.70816,34.65299],[127.70834,34.65284],[127.70839,34.65284],[127.70816,34.65299]]],[[[126.0122,34.64452],[126.01863,34.6394],[126.0073,34.63481],[126.00281,34.64162],[126.01177,34.64484],[126.0122,34.64452]]],[[[126.02984,34.64532],[126.0293,34.64523],[126.02885,34.6454],[126.02984,34.64532]]],[[[125.96207,34.64274],[125.97489,34.63435],[125.97664,34.61961],[125.96458,34.63],[125.95591,34.62446],[125.94684,34.63547],[125.96189,34.64296],[125.96207,34.64274]]],[[[127.64005,34.65483],[127.63988,34.65479],[127.63972,34.65494],[127.64005,34.65483]]],[[[126.02797,34.64561],[126.0274,34.64552],[126.02694,34.64575],[126.02797,34.64561]]],[[[126.1113,34.64827],[126.11147,34.64823],[126.1115,34.64824],[126.1113,34.64827]]],[[[127.55543,34.65629],[127.55574,34.6562],[127.55614,34.6562],[127.55543,34.65629]]],[[[127.52323,34.65683],[127.52324,34.65616],[127.52318,34.6561],[127.52323,34.65683]]],[[[126.11215,34.64561],[126.11152,34.64506],[126.11078,34.64506],[126.11215,34.64561]]],[[[126.0107,34.64913],[126.01058,34.64871],[126.01055,34.64821],[126.0107,34.64913]]],[[[126.00702,34.64856],[126.00697,34.64846],[126.00649,34.6488],[126.00702,34.64856]]],[[[125.41543,34.6409],[125.41543,34.64088],[125.41544,34.64085],[125.41543,34.6409]]],[[[125.41449,34.64144],[125.41461,34.64134],[125.41479,34.64134],[125.41449,34.64144]]],[[[127.55052,34.65761],[127.55036,34.65752],[127.55011,34.65758],[127.55052,34.65761]]],[[[125.41316,34.64086],[125.41313,34.64084],[125.41282,34.64103],[125.41316,34.64086]]],[[[127.63671,34.65974],[127.63891,34.65518],[127.63626,34.65953],[127.63671,34.65974]]],[[[125.41749,34.6418],[125.41754,34.64125],[125.41744,34.64125],[125.41749,34.6418]]],[[[127.4798,34.65979],[127.47979,34.6596],[127.47945,34.65964],[127.4798,34.65979]]],[[[126.25199,34.65254],[126.25179,34.65249],[126.25161,34.65254],[126.25199,34.65254]]],[[[125.41284,34.64296],[125.41296,34.6428],[125.41303,34.64273],[125.41284,34.64296]]],[[[126.00548,34.65226],[126.00599,34.65214],[126.00648,34.65215],[126.00548,34.65226]]],[[[125.4201,34.64351],[125.41994,34.64344],[125.41983,34.64349],[125.4201,34.64351]]],[[[125.95227,34.65391],[125.95935,34.65211],[125.95207,34.6538],[125.95227,34.65391]]],[[[127.73402,34.66147],[127.73387,34.66142],[127.73378,34.66158],[127.73402,34.66147]]],[[[125.89195,34.65339],[125.8854,34.65218],[125.89194,34.65349],[125.89195,34.65339]]],[[[126.18268,34.65847],[126.18247,34.65835],[126.18184,34.65857],[126.18268,34.65847]]],[[[127.73191,34.66598],[127.73178,34.66591],[127.7317,34.666],[127.73191,34.66598]]],[[[126.08392,34.65827],[126.08364,34.65825],[126.08358,34.65834],[126.08392,34.65827]]],[[[126.00961,34.65806],[126.00969,34.65795],[126.00989,34.65796],[126.00961,34.65806]]],[[[125.85255,34.65596],[125.85252,34.65529],[125.85178,34.65552],[125.85255,34.65596]]],[[[126.18433,34.6606],[126.18422,34.66052],[126.18402,34.66045],[126.18433,34.6606]]],[[[125.39458,34.65001],[125.39452,34.65],[125.39449,34.65014],[125.39458,34.65001]]],[[[125.95107,34.6583],[125.9512,34.6581],[125.95123,34.658],[125.95107,34.6583]]],[[[125.4661,34.65137],[125.46605,34.65133],[125.46602,34.65136],[125.4661,34.65137]]],[[[126.18374,34.66162],[126.18371,34.66155],[126.18368,34.66153],[126.18374,34.66162]]],[[[126.01499,34.65865],[126.01397,34.65844],[126.01295,34.65856],[126.01499,34.65865]]],[[[126.18762,34.66127],[126.18726,34.66117],[126.18707,34.66127],[126.18762,34.66127]]],[[[125.47878,34.65307],[125.47872,34.65284],[125.47849,34.65284],[125.47878,34.65307]]],[[[127.70958,34.671],[127.71074,34.67061],[127.71142,34.6707],[127.70958,34.671]]],[[[127.45317,34.67123],[127.45278,34.67076],[127.45199,34.67104],[127.45317,34.67123]]],[[[125.947,34.66198],[125.94697,34.66182],[125.94684,34.66184],[125.947,34.66198]]],[[[125.47917,34.65528],[125.47898,34.65521],[125.47877,34.65525],[125.47917,34.65528]]],[[[127.47454,34.67242],[127.47716,34.66459],[127.4624,34.67025],[127.47381,34.6727],[127.47454,34.67242]]],[[[125.46792,34.65556],[125.47695,34.64822],[125.4568,34.64483],[125.4673,34.65608],[125.46792,34.65556]]],[[[125.85048,34.66191],[125.85018,34.66165],[125.84952,34.66169],[125.85048,34.66191]]],[[[127.46985,34.67385],[127.46956,34.67382],[127.46942,34.67409],[127.46985,34.67385]]],[[[126.25311,34.6685],[126.25292,34.66849],[126.25276,34.66855],[126.25311,34.6685]]],[[[126.13605,34.66807],[126.13607,34.66751],[126.13634,34.66724],[126.13605,34.66807]]],[[[127.68353,34.67547],[127.68169,34.67527],[127.68131,34.67539],[127.68353,34.67547]]],[[[125.42218,34.65897],[125.4223,34.65871],[125.42221,34.65868],[125.42218,34.65897]]],[[[126.01558,34.66715],[126.01549,34.66712],[126.0152,34.66729],[126.01558,34.66715]]],[[[125.43276,34.65869],[125.43266,34.65859],[125.43253,34.65861],[125.43276,34.65869]]],[[[126.01406,34.66721],[126.01376,34.6672],[126.01362,34.66728],[126.01406,34.66721]]],[[[125.4254,34.65985],[125.42541,34.65984],[125.42541,34.65984],[125.4254,34.65985]]],[[[125.42569,34.65991],[125.42576,34.65991],[125.42576,34.6599],[125.42569,34.65991]]],[[[126.04753,34.66701],[126.05281,34.65339],[126.04745,34.64251],[126.04733,34.66721],[126.04753,34.66701]]],[[[126.21036,34.66909],[126.21018,34.66904],[126.21001,34.66919],[126.21036,34.66909]]],[[[125.4223,34.66022],[125.42209,34.66018],[125.42192,34.66026],[125.4223,34.66022]]],[[[127.47223,34.67807],[127.47201,34.67799],[127.47149,34.67815],[127.47223,34.67807]]],[[[126.02031,34.66949],[126.02037,34.66948],[126.02052,34.66958],[126.02031,34.66949]]],[[[127.70206,34.67935],[127.70259,34.67915],[127.70265,34.67912],[127.70206,34.67935]]],[[[127.43869,34.67892],[127.43823,34.67866],[127.4381,34.67883],[127.43869,34.67892]]],[[[126.0257,34.67076],[126.02478,34.67048],[126.02466,34.67058],[126.0257,34.67076]]],[[[126.15401,34.67203],[126.18691,34.65233],[126.18531,34.63771],[126.19976,34.64181],[126.2019,34.63535],[126.18077,34.63057],[126.17425,34.62148],[126.16319,34.62856],[126.1514,34.61747],[126.12219,34.61552],[126.1298,34.62106],[126.12166,34.62897],[126.13232,34.64172],[126.11703,34.64301],[126.11457,34.65103],[126.12755,34.65203],[126.15383,34.6722],[126.15401,34.67203]]],[[[126.02894,34.67099],[126.028,34.67077],[126.02778,34.67106],[126.02894,34.67099]]],[[[125.93283,34.66864],[125.93275,34.6683],[125.93259,34.66847],[125.93283,34.66864]]],[[[127.45109,34.67878],[127.45114,34.67858],[127.45097,34.67823],[127.45109,34.67878]]],[[[126.03632,34.67184],[126.03643,34.67151],[126.03685,34.6716],[126.03632,34.67184]]],[[[126.17634,34.6734],[126.17586,34.67324],[126.1751,34.67355],[126.17634,34.6734]]],[[[126.25112,34.67577],[126.25069,34.67483],[126.25024,34.6749],[126.25112,34.67577]]],[[[127.74329,34.67678],[127.74151,34.68245],[127.74377,34.67691],[127.74329,34.67678]]],[[[125.44266,34.66388],[125.44264,34.66381],[125.44265,34.66372],[125.44266,34.66388]]],[[[127.44788,34.68243],[127.44786,34.68227],[127.44769,34.68228],[127.44788,34.68243]]],[[[126.15437,34.67589],[126.15454,34.67589],[126.1548,34.67592],[126.15437,34.67589]]],[[[125.44344,34.66645],[125.44311,34.66636],[125.44288,34.66656],[125.44344,34.66645]]],[[[126.14967,34.67852],[126.14958,34.67848],[126.14946,34.67851],[126.14967,34.67852]]],[[[127.45348,34.68577],[127.45359,34.68534],[127.45362,34.68516],[127.45348,34.68577]]],[[[127.79269,34.68553],[127.79217,34.68539],[127.79164,34.68551],[127.79269,34.68553]]],[[[125.43491,34.66855],[125.43484,34.66849],[125.43481,34.66852],[125.43491,34.66855]]],[[[126.15063,34.67871],[126.15046,34.67863],[126.15029,34.67868],[126.15063,34.67871]]],[[[125.85051,34.67424],[125.85039,34.67417],[125.8497,34.67442],[125.85051,34.67424]]],[[[127.70433,34.68749],[127.70458,34.68732],[127.70504,34.68739],[127.70433,34.68749]]],[[[127.79143,34.68694],[127.79137,34.68684],[127.79159,34.68685],[127.79143,34.68694]]],[[[127.71103,34.68619],[127.71082,34.68607],[127.71044,34.68627],[127.71103,34.68619]]],[[[125.18619,34.66608],[125.18618,34.66606],[125.18618,34.66606],[125.18619,34.66608]]],[[[127.69908,34.68798],[127.69899,34.68786],[127.69885,34.68786],[127.69908,34.68798]]],[[[125.17972,34.66599],[125.17958,34.66598],[125.17949,34.66601],[125.17972,34.66599]]],[[[125.18739,34.6652],[125.18727,34.66509],[125.18701,34.66518],[125.18739,34.6652]]],[[[125.18199,34.66699],[125.18195,34.66693],[125.18186,34.66696],[125.18199,34.66699]]],[[[125.18736,34.66702],[125.18722,34.66698],[125.18713,34.66706],[125.18736,34.66702]]],[[[126.16315,34.68185],[126.16362,34.68174],[126.16393,34.68177],[126.16315,34.68185]]],[[[125.18292,34.66727],[125.18294,34.66726],[125.183,34.66724],[125.18292,34.66727]]],[[[127.71043,34.68876],[127.71023,34.68866],[127.71002,34.68873],[127.71043,34.68876]]],[[[126.06677,34.68246],[126.06671,34.68236],[126.06655,34.68243],[126.06677,34.68246]]],[[[127.32283,34.69057],[127.32299,34.69029],[127.32284,34.6894],[127.32283,34.69057]]],[[[127.45754,34.68325],[127.46294,34.69156],[127.45799,34.68356],[127.45754,34.68325]]],[[[126.01087,34.68266],[126.01083,34.68265],[126.01079,34.68267],[126.01087,34.68266]]],[[[127.63233,34.69243],[127.63206,34.69222],[127.63197,34.69222],[127.63233,34.69243]]],[[[127.63379,34.69249],[127.63372,34.69244],[127.63365,34.69247],[127.63379,34.69249]]],[[[126.15685,34.6846],[126.15669,34.68419],[126.15637,34.68437],[126.15685,34.6846]]],[[[127.79435,34.69242],[127.79452,34.69217],[127.79367,34.69228],[127.79435,34.69242]]],[[[127.71265,34.69339],[127.71298,34.69318],[127.71334,34.69319],[127.71265,34.69339]]],[[[125.1936,34.67172],[125.19346,34.67162],[125.19327,34.67164],[125.1936,34.67172]]],[[[126.15541,34.68668],[126.15528,34.68668],[126.15521,34.68672],[126.15541,34.68668]]],[[[125.44613,34.67659],[125.446,34.67653],[125.44555,34.67665],[125.44613,34.67659]]],[[[125.19443,34.67266],[125.19432,34.6726],[125.19425,34.67271],[125.19443,34.67266]]],[[[126.15465,34.68784],[126.15481,34.68779],[126.15488,34.68781],[126.15465,34.68784]]],[[[125.19586,34.67337],[125.19569,34.67322],[125.19558,34.67322],[125.19586,34.67337]]],[[[125.19525,34.67336],[125.19512,34.67323],[125.195,34.67339],[125.19525,34.67336]]],[[[125.19437,34.67349],[125.19416,34.6734],[125.19405,34.67341],[125.19437,34.67349]]],[[[126.01493,34.68504],[126.01481,34.68499],[126.01465,34.68467],[126.01493,34.68504]]],[[[127.78848,34.69427],[127.78785,34.69422],[127.78741,34.69441],[127.78848,34.69427]]],[[[125.19418,34.6738],[125.19397,34.67373],[125.19395,34.67385],[125.19418,34.6738]]],[[[125.1952,34.67429],[125.19512,34.67422],[125.19504,34.67437],[125.1952,34.67429]]],[[[125.17711,34.6741],[125.17736,34.67409],[125.17752,34.6741],[125.17711,34.6741]]],[[[125.19695,34.67425],[125.19686,34.67425],[125.19677,34.67433],[125.19695,34.67425]]],[[[125.19544,34.67401],[125.19532,34.67396],[125.19531,34.67408],[125.19544,34.67401]]],[[[127.69596,34.69543],[127.6959,34.6954],[127.69586,34.6954],[127.69596,34.69543]]],[[[125.19654,34.6738],[125.19639,34.67377],[125.19603,34.67388],[125.19654,34.6738]]],[[[125.17479,34.67406],[125.17463,34.67391],[125.17458,34.67394],[125.17479,34.67406]]],[[[125.1935,34.67404],[125.19331,34.67402],[125.19326,34.67426],[125.1935,34.67404]]],[[[126.20008,34.69039],[126.1991,34.68951],[126.19899,34.68973],[126.20008,34.69039]]],[[[125.40578,34.68026],[125.4058,34.68042],[125.40586,34.68039],[125.40578,34.68026]]],[[[125.3751,34.67986],[125.38011,34.67873],[125.36959,34.66679],[125.36298,34.67513],[125.37338,34.67991],[125.3751,34.67986]]],[[[126.07975,34.68716],[126.06547,34.67201],[126.06434,34.68392],[126.07974,34.68724],[126.07975,34.68716]]],[[[126.17611,34.69138],[126.17522,34.69052],[126.17346,34.69065],[126.17611,34.69138]]],[[[125.406,34.6816],[125.40602,34.68162],[125.40604,34.68157],[125.406,34.6816]]],[[[125.406,34.6816],[125.40594,34.68155],[125.40592,34.68157],[125.406,34.6816]]],[[[125.45029,34.68307],[125.45032,34.68307],[125.45033,34.68307],[125.45029,34.68307]]],[[[126.21326,34.69323],[126.21279,34.69318],[126.2128,34.6934],[126.21326,34.69323]]],[[[126.0132,34.6932],[126.01229,34.69303],[126.01204,34.6934],[126.0132,34.6932]]],[[[125.19992,34.68102],[125.1998,34.68099],[125.19975,34.68103],[125.19992,34.68102]]],[[[125.2025,34.68045],[125.20246,34.68031],[125.20231,34.68027],[125.2025,34.68045]]],[[[127.42837,34.70171],[127.44457,34.68995],[127.45106,34.69659],[127.45273,34.69004],[127.44342,34.68289],[127.42139,34.70047],[127.4282,34.70179],[127.42837,34.70171]]],[[[126.1712,34.69721],[126.17146,34.69695],[126.17209,34.69668],[126.1712,34.69721]]],[[[127.43095,34.7047],[127.43126,34.70459],[127.43166,34.70465],[127.43095,34.7047]]],[[[127.62929,34.70334],[127.62904,34.70325],[127.62875,34.70376],[127.62929,34.70334]]],[[[125.41024,34.68675],[125.41004,34.68673],[125.41002,34.6868],[125.41024,34.68675]]],[[[125.20436,34.68317],[125.20436,34.68316],[125.20443,34.68317],[125.20436,34.68317]]],[[[125.19608,34.6834],[125.19608,34.6834],[125.19609,34.6834],[125.19608,34.6834]]],[[[125.18061,34.68321],[125.18061,34.6832],[125.18061,34.68318],[125.18061,34.68321]]],[[[125.18074,34.68318],[125.18074,34.68318],[125.18073,34.68318],[125.18074,34.68318]]],[[[125.41039,34.68742],[125.4104,34.68732],[125.41028,34.68731],[125.41039,34.68742]]],[[[127.42981,34.7047],[127.42953,34.70447],[127.42932,34.70451],[127.42981,34.7047]]],[[[125.18151,34.68351],[125.18149,34.6835],[125.18148,34.6835],[125.18151,34.68351]]],[[[127.24659,34.70513],[127.24639,34.70511],[127.24637,34.70516],[127.24659,34.70513]]],[[[125.18253,34.68367],[125.18254,34.68367],[125.18254,34.68367],[125.18253,34.68367]]],[[[125.18183,34.68376],[125.18182,34.68376],[125.18182,34.68376],[125.18183,34.68376]]],[[[127.4078,34.70546],[127.40788,34.70531],[127.40715,34.70539],[127.4078,34.70546]]],[[[126.14211,34.69865],[126.14471,34.68746],[126.13735,34.69095],[126.14209,34.69867],[126.14211,34.69865]]],[[[127.64781,34.70611],[127.64784,34.70602],[127.64791,34.70596],[127.64781,34.70611]]],[[[127.41727,34.7046],[127.42151,34.70131],[127.41007,34.70415],[127.41726,34.70463],[127.41727,34.7046]]],[[[126.1734,34.6987],[126.17332,34.6987],[126.17292,34.69891],[126.1734,34.6987]]],[[[127.41821,34.70625],[127.41826,34.70611],[127.41827,34.70601],[127.41821,34.70625]]],[[[125.18615,34.68476],[125.18615,34.68475],[125.18615,34.68475],[125.18615,34.68476]]],[[[125.18619,34.68488],[125.1862,34.68487],[125.1862,34.68487],[125.18619,34.68488]]],[[[127.42438,34.70606],[127.42509,34.70603],[127.4256,34.70633],[127.42438,34.70606]]],[[[126.17788,34.69916],[126.17782,34.69904],[126.17732,34.69939],[126.17788,34.69916]]],[[[127.42602,34.70665],[127.42584,34.70665],[127.42565,34.70666],[127.42602,34.70665]]],[[[125.18617,34.6851],[125.18616,34.6851],[125.18616,34.6851],[125.18617,34.6851]]],[[[125.18622,34.68532],[125.18623,34.68531],[125.18623,34.68531],[125.18622,34.68532]]],[[[127.28855,34.70655],[127.28845,34.70592],[127.28791,34.70634],[127.28855,34.70655]]],[[[126.24202,34.70039],[126.24274,34.70034],[126.24292,34.70041],[126.24202,34.70039]]],[[[126.11099,34.6999],[126.11021,34.69953],[126.10978,34.69954],[126.11099,34.6999]]],[[[125.18458,34.68628],[125.18458,34.68628],[125.18459,34.68628],[125.18458,34.68628]]],[[[126.24593,34.70158],[126.24584,34.70157],[126.24578,34.7016],[126.24593,34.70158]]],[[[125.18525,34.68661],[125.18525,34.68661],[125.18526,34.68662],[125.18525,34.68661]]],[[[127.42976,34.70757],[127.42971,34.70745],[127.42867,34.70755],[127.42976,34.70757]]],[[[126.36562,34.70253],[126.36556,34.70253],[126.36541,34.70261],[126.36562,34.70253]]],[[[125.18516,34.68696],[125.18516,34.68696],[125.18515,34.68695],[125.18516,34.68696]]],[[[125.17739,34.68659],[125.17726,34.68657],[125.17718,34.68683],[125.17739,34.68659]]],[[[127.40601,34.70826],[127.4057,34.70826],[127.40558,34.70839],[127.40601,34.70826]]],[[[125.44922,34.6921],[125.44931,34.69208],[125.44931,34.69208],[125.44922,34.6921]]],[[[125.18313,34.68732],[125.18313,34.68732],[125.18314,34.68732],[125.18313,34.68732]]],[[[125.18315,34.68739],[125.18315,34.68738],[125.18315,34.68737],[125.18315,34.68739]]],[[[127.69713,34.7087],[127.69678,34.7086],[127.69659,34.7089],[127.69713,34.7087]]],[[[126.36418,34.70452],[126.36404,34.70451],[126.36392,34.70451],[126.36418,34.70452]]],[[[127.74249,34.70969],[127.7425,34.70959],[127.74258,34.70946],[127.74249,34.70969]]],[[[125.43209,34.69286],[125.43223,34.69278],[125.43237,34.69277],[125.43209,34.69286]]],[[[125.18304,34.6881],[125.18287,34.68771],[125.18277,34.68779],[125.18304,34.6881]]],[[[126.12071,34.70227],[126.12057,34.70218],[126.11999,34.70248],[126.12071,34.70227]]],[[[125.39464,34.69232],[125.38037,34.68176],[125.39414,34.6924],[125.39464,34.69232]]],[[[125.1791,34.68791],[125.17928,34.68784],[125.1795,34.68785],[125.1791,34.68791]]],[[[125.1773,34.68855],[125.17731,34.68854],[125.17731,34.68854],[125.1773,34.68855]]],[[[125.39592,34.69291],[125.39654,34.69263],[125.39715,34.69273],[125.39592,34.69291]]],[[[126.11543,34.70172],[126.11508,34.70169],[126.11476,34.70186],[126.11543,34.70172]]],[[[127.7022,34.71094],[127.712,34.70227],[127.70213,34.71105],[127.7022,34.71094]]],[[[127.19976,34.71126],[127.19984,34.7112],[127.19988,34.71117],[127.19976,34.71126]]],[[[127.70988,34.71145],[127.70992,34.71145],[127.71004,34.71145],[127.70988,34.71145]]],[[[127.68988,34.71166],[127.69005,34.71156],[127.69018,34.71156],[127.68988,34.71166]]],[[[127.39484,34.7121],[127.39474,34.71085],[127.39447,34.71099],[127.39484,34.7121]]],[[[127.77849,34.71201],[127.77851,34.71201],[127.77872,34.712],[127.77849,34.71201]]],[[[127.70805,34.71242],[127.70791,34.71214],[127.70763,34.71215],[127.70805,34.71242]]],[[[126.36863,34.70767],[126.36854,34.70755],[126.36852,34.70749],[126.36863,34.70767]]],[[[125.20907,34.69168],[125.20895,34.69165],[125.20889,34.69169],[125.20907,34.69168]]],[[[125.4318,34.69604],[125.43152,34.69587],[125.43149,34.69591],[125.4318,34.69604]]],[[[125.4306,34.69631],[125.43061,34.69631],[125.43061,34.69631],[125.4306,34.69631]]],[[[127.41836,34.71391],[127.41288,34.70932],[127.4178,34.71378],[127.41836,34.71391]]],[[[125.43046,34.69666],[125.43046,34.69666],[125.43051,34.69664],[125.43046,34.69666]]],[[[126.00831,34.70462],[126.00822,34.70437],[126.0081,34.70438],[126.00831,34.70462]]],[[[125.38823,34.69605],[125.38824,34.69605],[125.38824,34.69605],[125.38823,34.69605]]],[[[127.40766,34.71426],[127.4075,34.71418],[127.40731,34.71423],[127.40766,34.71426]]],[[[125.39217,34.6926],[125.39162,34.69249],[125.39146,34.69255],[125.39217,34.6926]]],[[[125.42616,34.69746],[125.42617,34.69745],[125.42617,34.69745],[125.42616,34.69746]]],[[[125.42854,34.69768],[125.42857,34.69766],[125.42859,34.69765],[125.42854,34.69768]]],[[[125.39401,34.69613],[125.39362,34.6961],[125.3933,34.69645],[125.39401,34.69613]]],[[[127.73641,34.7143],[127.73596,34.71408],[127.73547,34.71416],[127.73641,34.7143]]],[[[125.43547,34.69697],[125.43542,34.69693],[125.43486,34.69677],[125.43547,34.69697]]],[[[125.20976,34.69412],[125.20976,34.69412],[125.20977,34.69412],[125.20976,34.69412]]],[[[125.21024,34.69399],[125.21,34.69397],[125.2099,34.69399],[125.21024,34.69399]]],[[[126.19365,34.70487],[126.20215,34.70057],[126.18764,34.69596],[126.19761,34.6886],[126.18917,34.68027],[126.1705,34.67958],[126.16023,34.68852],[126.17758,34.68789],[126.19386,34.70552],[126.19365,34.70487]]],[[[125.38731,34.69758],[125.38733,34.69757],[125.38736,34.69755],[125.38731,34.69758]]],[[[125.21059,34.69429],[125.21051,34.69428],[125.2104,34.69432],[125.21059,34.69429]]],[[[125.38715,34.69779],[125.38715,34.69779],[125.38716,34.69777],[125.38715,34.69779]]],[[[125.40578,34.68026],[125.4164,34.6984],[125.43031,34.69633],[125.42696,34.68825],[125.43384,34.6835],[125.44497,34.68531],[125.43809,34.68868],[125.44443,34.69449],[125.46349,34.69013],[125.45773,34.68099],[125.45432,34.68657],[125.44323,34.68192],[125.43579,34.66193],[125.4212,34.66204],[125.42446,34.646],[125.41164,34.64311],[125.40057,34.62541],[125.38756,34.6421],[125.39962,34.64767],[125.38727,34.65702],[125.39716,34.66091],[125.39697,34.67338],[125.40565,34.68057],[125.40578,34.68026]]],[[[125.42561,34.69866],[125.42563,34.69866],[125.42563,34.69866],[125.42561,34.69866]]],[[[125.44013,34.69819],[125.44028,34.69803],[125.44029,34.69773],[125.44013,34.69819]]],[[[125.21055,34.69474],[125.21039,34.69473],[125.21031,34.69478],[125.21055,34.69474]]],[[[126.08816,34.7073],[126.08793,34.70718],[126.08757,34.7075],[126.08816,34.7073]]],[[[127.71036,34.71634],[127.71044,34.71632],[127.71054,34.71638],[127.71036,34.71634]]],[[[126.08564,34.70856],[126.08541,34.70846],[126.08527,34.70857],[126.08564,34.70856]]],[[[125.21257,34.6954],[125.21237,34.69532],[125.21211,34.69541],[125.21257,34.6954]]],[[[125.39557,34.69925],[125.39572,34.69902],[125.39591,34.69891],[125.39557,34.69925]]],[[[125.21192,34.69632],[125.2117,34.69624],[125.21172,34.69638],[125.21192,34.69632]]],[[[126.14406,34.71031],[126.14442,34.7101],[126.1445,34.71012],[126.14406,34.71031]]],[[[127.7097,34.71761],[127.70956,34.71761],[127.70924,34.71765],[127.7097,34.71761]]],[[[125.90311,34.70809],[125.90289,34.70787],[125.90274,34.70775],[125.90311,34.70809]]],[[[125.44042,34.70144],[125.44044,34.70143],[125.44044,34.70143],[125.44042,34.70144]]],[[[125.44071,34.70152],[125.44073,34.70151],[125.44076,34.7015],[125.44071,34.70152]]],[[[125.44154,34.70189],[125.44155,34.70189],[125.44157,34.70189],[125.44154,34.70189]]],[[[125.44036,34.70201],[125.44039,34.702],[125.4404,34.70201],[125.44036,34.70201]]],[[[127.69695,34.71895],[127.69679,34.71893],[127.69668,34.71896],[127.69695,34.71895]]],[[[125.46458,34.7022],[125.46492,34.70116],[125.4654,34.70019],[125.46458,34.7022]]],[[[127.69593,34.71931],[127.69608,34.71886],[127.69571,34.71877],[127.69593,34.71931]]],[[[125.91435,34.70912],[125.9142,34.70909],[125.91389,34.70921],[125.91435,34.70912]]],[[[127.42238,34.71933],[127.42214,34.7192],[127.42179,34.71924],[127.42238,34.71933]]],[[[126.11025,34.71265],[126.11146,34.70353],[126.09587,34.70079],[126.095,34.70687],[126.11021,34.71275],[126.11025,34.71265]]],[[[126.06699,34.7112],[126.06703,34.7112],[126.06725,34.71121],[126.06699,34.7112]]],[[[126.12301,34.71309],[126.13679,34.70632],[126.12534,34.70406],[126.12286,34.71313],[126.12301,34.71309]]],[[[127.44756,34.71951],[127.43857,34.70607],[127.44212,34.72061],[127.44807,34.7205],[127.44756,34.71951]]],[[[127.7118,34.72136],[127.71187,34.72128],[127.71187,34.72122],[127.7118,34.72136]]],[[[126.11655,34.71387],[126.11639,34.71374],[126.11619,34.71377],[126.11655,34.71387]]],[[[127.41153,34.72209],[127.41153,34.72198],[127.41143,34.72192],[127.41153,34.72209]]],[[[127.72541,34.72177],[127.73205,34.71537],[127.72573,34.7112],[127.74206,34.70516],[127.73725,34.69905],[127.71998,34.70544],[127.71855,34.71867],[127.72542,34.72179],[127.72541,34.72177]]],[[[125.9018,34.71232],[125.9017,34.7123],[125.90169,34.71236],[125.9018,34.71232]]],[[[126.00181,34.71167],[126.00237,34.71153],[126.00243,34.71156],[126.00181,34.71167]]],[[[127.39954,34.7218],[127.39932,34.72132],[127.39898,34.72115],[127.39954,34.7218]]],[[[125.89491,34.71348],[125.89493,34.71325],[125.89503,34.71306],[125.89491,34.71348]]],[[[126.11431,34.71546],[126.11415,34.71538],[126.11411,34.7154],[126.11431,34.71546]]],[[[127.71325,34.72354],[127.71582,34.72433],[127.71585,34.72426],[127.71325,34.72354]]],[[[125.19918,34.70309],[125.19912,34.70306],[125.19911,34.70306],[125.19918,34.70309]]],[[[125.19926,34.7033],[125.19927,34.70329],[125.19928,34.70329],[125.19926,34.7033]]],[[[125.89135,34.71426],[125.89117,34.71419],[125.8911,34.71421],[125.89135,34.71426]]],[[[125.89309,34.71471],[125.89309,34.71467],[125.89297,34.71477],[125.89309,34.71471]]],[[[125.90313,34.71592],[125.90558,34.70921],[125.90288,34.71603],[125.90313,34.71592]]],[[[126.19385,34.71946],[126.19366,34.7194],[126.19348,34.71941],[126.19385,34.71946]]],[[[125.89087,34.715],[125.8908,34.71496],[125.89065,34.71507],[125.89087,34.715]]],[[[126.07442,34.71823],[126.07509,34.71761],[126.07534,34.71761],[126.07442,34.71823]]],[[[125.88943,34.71655],[125.88946,34.71648],[125.88939,34.71648],[125.88943,34.71655]]],[[[127.3114,34.7275],[127.31279,34.71904],[127.30534,34.72106],[127.31125,34.72755],[127.3114,34.7275]]],[[[125.97713,34.7179],[125.97676,34.71777],[125.97644,34.71792],[125.97713,34.7179]]],[[[125.88837,34.71697],[125.88821,34.71696],[125.88808,34.71696],[125.88837,34.71697]]],[[[127.30751,34.7272],[127.30721,34.72706],[127.3069,34.72716],[127.30751,34.7272]]],[[[125.90928,34.71749],[125.90922,34.71749],[125.90915,34.71772],[125.90928,34.71749]]],[[[127.72474,34.7284],[127.72508,34.72813],[127.7251,34.72813],[127.72474,34.7284]]],[[[127.72501,34.72862],[127.72505,34.72859],[127.72504,34.72858],[127.72501,34.72862]]],[[[125.89484,34.71855],[125.8946,34.71826],[125.89495,34.71813],[125.89484,34.71855]]],[[[125.1994,34.70875],[125.19942,34.70874],[125.19942,34.70874],[125.1994,34.70875]]],[[[126.07341,34.72148],[126.07331,34.72144],[126.07314,34.72159],[126.07341,34.72148]]],[[[126.34011,34.72405],[126.33963,34.72377],[126.33945,34.72379],[126.34011,34.72405]]],[[[125.19986,34.70941],[125.19984,34.7092],[125.19962,34.70934],[125.19986,34.70941]]],[[[125.89365,34.72067],[125.89345,34.72063],[125.8933,34.72053],[125.89365,34.72067]]],[[[125.89738,34.72146],[125.89732,34.72141],[125.89707,34.72142],[125.89738,34.72146]]],[[[125.90224,34.72168],[125.90188,34.72163],[125.90174,34.72177],[125.90224,34.72168]]],[[[126.00906,34.72081],[126.00856,34.72079],[126.00845,34.72114],[126.00906,34.72081]]],[[[127.4152,34.73312],[127.41528,34.73309],[127.41533,34.73306],[127.4152,34.73312]]],[[[127.74363,34.66528],[127.76311,34.6877],[127.73985,34.73398],[127.78683,34.71626],[127.78891,34.7],[127.77633,34.70227],[127.77844,34.71225],[127.77363,34.70444],[127.76379,34.70969],[127.76994,34.70238],[127.75898,34.70386],[127.76583,34.69427],[127.77899,34.69687],[127.77593,34.68153],[127.78261,34.67133],[127.80594,34.66113],[127.79383,34.64484],[127.79958,34.63056],[127.79129,34.62884],[127.7877,34.60653],[127.80745,34.59651],[127.80102,34.58737],[127.74955,34.59292],[127.73726,34.61127],[127.71052,34.62178],[127.72449,34.63333],[127.7166,34.64224],[127.72225,34.65404],[127.7436,34.66521],[127.74363,34.66528]]],[[[127.30913,34.73318],[127.30825,34.73229],[127.30742,34.73268],[127.30913,34.73318]]],[[[125.40779,34.7156],[125.40691,34.71511],[125.40648,34.71548],[125.40779,34.7156]]],[[[127.31077,34.73586],[127.31083,34.73579],[127.31083,34.73574],[127.31077,34.73586]]],[[[126.03085,34.72738],[126.03067,34.72715],[126.03058,34.7272],[126.03085,34.72738]]],[[[127.30973,34.73495],[127.30955,34.73487],[127.30924,34.73527],[127.30973,34.73495]]],[[[127.56487,34.73306],[127.56431,34.73284],[127.56368,34.73346],[127.56487,34.73306]]],[[[125.21039,34.71517],[125.21033,34.71514],[125.21018,34.71514],[125.21039,34.71517]]],[[[125.19143,34.71566],[125.19138,34.71564],[125.19135,34.71565],[125.19143,34.71566]]],[[[125.20152,34.71185],[125.21468,34.7124],[125.2139,34.69724],[125.18091,34.66738],[125.17692,34.6819],[125.19138,34.68633],[125.20154,34.71201],[125.20152,34.71185]]],[[[125.19182,34.71583],[125.19178,34.71581],[125.19166,34.71592],[125.19182,34.71583]]],[[[126.19034,34.72621],[126.18643,34.73103],[126.19073,34.72661],[126.19034,34.72621]]],[[[127.31379,34.73716],[127.31254,34.73659],[127.31201,34.73704],[127.31379,34.73716]]],[[[125.87726,34.72717],[125.87713,34.72717],[125.877,34.72718],[125.87726,34.72717]]],[[[125.18917,34.71557],[125.18881,34.71554],[125.18856,34.71561],[125.18917,34.71557]]],[[[127.67247,34.73884],[127.67271,34.73844],[127.67273,34.738],[127.67247,34.73884]]],[[[126.19258,34.73151],[126.19245,34.7315],[126.1923,34.73168],[126.19258,34.73151]]],[[[126.03914,34.7288],[126.03922,34.72773],[126.03948,34.72752],[126.03914,34.7288]]],[[[127.56097,34.73775],[127.56058,34.73762],[127.56011,34.73762],[127.56097,34.73775]]],[[[125.18983,34.71666],[125.18958,34.71663],[125.18941,34.71667],[125.18983,34.71666]]],[[[126.00079,34.72606],[125.99784,34.73053],[126.00103,34.72648],[126.00079,34.72606]]],[[[125.46438,34.72294],[125.46495,34.72279],[125.46525,34.7228],[125.46438,34.72294]]],[[[125.18816,34.71688],[125.18801,34.71682],[125.18783,34.71688],[125.18816,34.71688]]],[[[125.20313,34.71756],[125.20299,34.7175],[125.2028,34.71754],[125.20313,34.71756]]],[[[127.3104,34.73999],[127.31058,34.73959],[127.31038,34.73961],[127.3104,34.73999]]],[[[125.99578,34.72856],[125.99594,34.72808],[125.99568,34.72814],[125.99578,34.72856]]],[[[125.20355,34.71864],[125.20347,34.71862],[125.20345,34.71865],[125.20355,34.71864]]],[[[125.20363,34.71916],[125.20358,34.71913],[125.20345,34.71914],[125.20363,34.71916]]],[[[127.57455,34.74043],[127.57386,34.74026],[127.57304,34.74084],[127.57455,34.74043]]],[[[125.18856,34.71859],[125.18846,34.71842],[125.1883,34.71835],[125.18856,34.71859]]],[[[126.04801,34.73226],[126.04764,34.73223],[126.04688,34.73279],[126.04801,34.73226]]],[[[125.19663,34.71973],[125.19654,34.71966],[125.19642,34.71973],[125.19663,34.71973]]],[[[127.65788,34.74033],[127.65726,34.7402],[127.65677,34.74026],[127.65788,34.74033]]],[[[127.58203,34.74157],[127.58202,34.74139],[127.58186,34.74133],[127.58203,34.74157]]],[[[125.98821,34.73232],[125.98789,34.73226],[125.98768,34.73253],[125.98821,34.73232]]],[[[127.75663,34.74178],[127.7567,34.7421],[127.75672,34.7421],[127.75663,34.74178]]],[[[126.04454,34.73262],[126.04445,34.73239],[126.04362,34.73256],[126.04454,34.73262]]],[[[125.18843,34.7208],[125.18861,34.72074],[125.18898,34.72075],[125.18843,34.7208]]],[[[125.19756,34.72104],[125.19768,34.721],[125.19797,34.72106],[125.19756,34.72104]]],[[[125.89045,34.73292],[125.89016,34.7329],[125.88967,34.73304],[125.89045,34.73292]]],[[[125.45107,34.72676],[125.45064,34.72648],[125.44991,34.72677],[125.45107,34.72676]]],[[[125.88419,34.73408],[125.88411,34.73406],[125.88405,34.7341],[125.88419,34.73408]]],[[[127.66496,34.74553],[127.66324,34.74078],[127.66498,34.74557],[127.66496,34.74553]]],[[[126.04242,34.73695],[126.04238,34.73606],[126.04213,34.73493],[126.04242,34.73695]]],[[[126.33349,34.73879],[126.33354,34.73874],[126.33365,34.73872],[126.33349,34.73879]]],[[[125.96274,34.73692],[125.97541,34.71816],[125.9905,34.71924],[125.99977,34.70271],[126.01455,34.70097],[126.00787,34.68557],[126.0028,34.68948],[125.9793,34.67339],[125.97439,34.65922],[125.95903,34.65633],[125.95518,34.67232],[125.94061,34.66427],[125.93208,34.6805],[125.92067,34.67169],[125.91471,34.70402],[125.91601,34.71158],[125.9467,34.71461],[125.96214,34.737],[125.96274,34.73692]]],[[[126.03608,34.73648],[126.03693,34.73644],[126.03743,34.73696],[126.03608,34.73648]]],[[[125.88302,34.73545],[125.88302,34.73505],[125.88277,34.73506],[125.88302,34.73545]]],[[[127.46909,34.74552],[127.4692,34.74465],[127.46829,34.74505],[127.46909,34.74552]]],[[[125.20058,34.72372],[125.20056,34.72359],[125.20048,34.72352],[125.20058,34.72372]]],[[[126.32786,34.74156],[126.3277,34.74145],[126.32766,34.74163],[126.32786,34.74156]]],[[[125.20102,34.72552],[125.20129,34.72552],[125.20139,34.72554],[125.20102,34.72552]]],[[[125.44831,34.72893],[125.44598,34.72801],[125.44513,34.72841],[125.44831,34.72893]]],[[[125.2014,34.72464],[125.20103,34.72456],[125.19939,34.72516],[125.2014,34.72464]]],[[[125.98857,34.73756],[125.98812,34.73719],[125.98757,34.73719],[125.98857,34.73756]]],[[[127.5634,34.74778],[127.56534,34.73935],[127.55829,34.74142],[127.56291,34.74856],[127.5634,34.74778]]],[[[127.51617,34.74969],[127.51597,34.74954],[127.51575,34.74977],[127.51617,34.74969]]],[[[127.75132,34.74687],[127.75131,34.74687],[127.75118,34.74696],[127.75132,34.74687]]],[[[126.3236,34.7423],[126.32332,34.74218],[126.32323,34.7422],[126.3236,34.7423]]],[[[125.47931,34.7332],[125.47923,34.73304],[125.47908,34.73312],[125.47931,34.7332]]],[[[126.03513,34.74138],[126.03472,34.74131],[126.03452,34.74154],[126.03513,34.74138]]],[[[125.9502,34.74186],[125.95042,34.74168],[125.95068,34.74172],[125.9502,34.74186]]],[[[126.17668,34.74425],[126.17615,34.74409],[126.17594,34.74412],[126.17668,34.74425]]],[[[125.44653,34.73517],[125.44671,34.735],[125.44647,34.73506],[125.44653,34.73517]]],[[[125.4694,34.73579],[125.46961,34.73568],[125.4697,34.73575],[125.4694,34.73579]]],[[[126.05377,34.74346],[126.05382,34.74313],[126.05365,34.74303],[126.05377,34.74346]]],[[[125.44386,34.73577],[125.44422,34.73569],[125.44385,34.7357],[125.44386,34.73577]]],[[[127.49573,34.75305],[127.49561,34.75303],[127.49498,34.75342],[127.49573,34.75305]]],[[[125.97851,34.74457],[125.97798,34.74444],[125.97763,34.74456],[125.97851,34.74457]]],[[[127.24384,34.75355],[127.24388,34.75346],[127.24382,34.75339],[127.24384,34.75355]]],[[[127.50806,34.75499],[127.50795,34.75484],[127.50763,34.75485],[127.50806,34.75499]]],[[[125.94384,34.74397],[125.94477,34.74205],[125.94479,34.74197],[125.94384,34.74397]]],[[[126.06413,34.74524],[126.06371,34.74509],[126.0638,34.74554],[126.06413,34.74524]]],[[[126.0233,34.74636],[126.02299,34.74629],[126.02254,34.74634],[126.0233,34.74636]]],[[[127.51118,34.75617],[127.51125,34.75611],[127.5113,34.75612],[127.51118,34.75617]]],[[[127.51303,34.75656],[127.51282,34.75612],[127.51277,34.75615],[127.51303,34.75656]]],[[[126.17439,34.74843],[126.17415,34.74823],[126.17406,34.74857],[126.17439,34.74843]]],[[[126.01561,34.74845],[126.02483,34.74543],[126.02821,34.72295],[126.01388,34.73273],[126.01528,34.74859],[126.01561,34.74845]]],[[[126.06125,34.74987],[126.06114,34.74979],[126.06093,34.7498],[126.06125,34.74987]]],[[[126.17361,34.7516],[126.17312,34.75122],[126.17302,34.75129],[126.17361,34.7516]]],[[[125.45843,34.74195],[125.47764,34.72937],[125.462,34.72729],[125.46375,34.71513],[125.45001,34.72508],[125.46418,34.73131],[125.45796,34.74213],[125.45843,34.74195]]],[[[125.93964,34.74619],[125.93989,34.74564],[125.93991,34.74542],[125.93964,34.74619]]],[[[125.44493,34.74122],[125.44796,34.73263],[125.43942,34.73455],[125.44483,34.74167],[125.44493,34.74122]]],[[[126.1738,34.7524],[126.17353,34.75219],[126.17335,34.7523],[126.1738,34.7524]]],[[[126.01287,34.75096],[126.01251,34.75093],[126.01229,34.75111],[126.01287,34.75096]]],[[[127.5113,34.76081],[127.51614,34.75472],[127.51119,34.76106],[127.5113,34.76081]]],[[[126.02864,34.7512],[126.02854,34.75109],[126.02838,34.75109],[126.02864,34.7512]]],[[[125.96283,34.75165],[125.95898,34.74731],[125.96295,34.75251],[125.96283,34.75165]]],[[[125.43061,34.74448],[125.43044,34.7444],[125.43025,34.74444],[125.43061,34.74448]]],[[[125.43217,34.74507],[125.43232,34.74482],[125.43229,34.74457],[125.43217,34.74507]]],[[[126.36945,34.75728],[126.3692,34.75723],[126.36916,34.75749],[126.36945,34.75728]]],[[[127.49054,34.76385],[127.49052,34.76381],[127.48997,34.76408],[127.49054,34.76385]]],[[[125.95267,34.75244],[125.95238,34.75205],[125.95201,34.75218],[125.95267,34.75244]]],[[[126.05202,34.75684],[126.06128,34.75549],[126.05913,34.74043],[126.05195,34.75687],[126.05202,34.75684]]],[[[127.5048,34.76399],[127.50465,34.76398],[127.50434,34.76427],[127.5048,34.76399]]],[[[126.22553,34.75774],[126.22531,34.75773],[126.22513,34.75773],[126.22553,34.75774]]],[[[127.49189,34.76691],[127.50423,34.75533],[127.49935,34.75208],[127.49191,34.76696],[127.49189,34.76691]]],[[[127.50274,34.76737],[127.50252,34.767],[127.50228,34.7674],[127.50274,34.76737]]],[[[126.3759,34.7618],[126.37584,34.76188],[126.37577,34.76204],[126.3759,34.7618]]],[[[126.0149,34.75802],[126.01481,34.75786],[126.01455,34.75806],[126.0149,34.75802]]],[[[127.45512,34.76824],[127.45525,34.76819],[127.45547,34.76822],[127.45512,34.76824]]],[[[127.5686,34.76542],[127.56343,34.76133],[127.55877,34.77073],[127.56848,34.76563],[127.5686,34.76542]]],[[[127.55988,34.77249],[127.55982,34.77244],[127.55967,34.77248],[127.55988,34.77249]]],[[[125.43047,34.75666],[125.43795,34.74889],[125.43043,34.75672],[125.43047,34.75666]]],[[[125.43727,34.75708],[125.43765,34.75693],[125.43778,34.75694],[125.43727,34.75708]]],[[[126.37741,34.76863],[126.37746,34.76879],[126.37781,34.76916],[126.37741,34.76863]]],[[[127.43809,34.77477],[127.43823,34.77474],[127.43838,34.77475],[127.43809,34.77477]]],[[[126.0254,34.76576],[126.02536,34.76571],[126.02527,34.76574],[126.0254,34.76576]]],[[[127.39747,34.77462],[127.39727,34.77447],[127.39707,34.77453],[127.39747,34.77462]]],[[[126.01877,34.76572],[126.02669,34.76417],[126.02825,34.75427],[126.01683,34.75776],[126.01901,34.76609],[126.01877,34.76572]]],[[[127.44811,34.77559],[127.44804,34.77548],[127.44791,34.77548],[127.44811,34.77559]]],[[[126.07355,34.76878],[126.07343,34.76875],[126.0733,34.76881],[126.07355,34.76878]]],[[[127.43409,34.7759],[127.43317,34.77567],[127.43194,34.77589],[127.43409,34.7759]]],[[[126.06779,34.77057],[126.06765,34.77026],[126.06732,34.77016],[126.06779,34.77057]]],[[[126.17265,34.77233],[126.17309,34.77188],[126.17358,34.77188],[126.17265,34.77233]]],[[[126.1887,34.77172],[126.18842,34.77154],[126.18819,34.7716],[126.1887,34.77172]]],[[[126.05792,34.76866],[126.03898,34.75591],[126.05791,34.76892],[126.05792,34.76866]]],[[[126.29898,34.77401],[126.29848,34.77352],[126.29835,34.77353],[126.29898,34.77401]]],[[[126.05053,34.77116],[126.05049,34.77113],[126.05036,34.77113],[126.05053,34.77116]]],[[[125.8927,34.76948],[125.89281,34.76941],[125.89288,34.76946],[125.8927,34.76948]]],[[[125.43871,34.76172],[125.43852,34.76172],[125.43838,34.76181],[125.43871,34.76172]]],[[[125.8902,34.76934],[125.88853,34.76901],[125.88822,34.76929],[125.8902,34.76934]]],[[[126.05008,34.77206],[126.05005,34.77201],[126.04988,34.77203],[126.05008,34.77206]]],[[[126.10259,34.77312],[126.10226,34.77301],[126.1019,34.77336],[126.10259,34.77312]]],[[[125.8935,34.77068],[125.89334,34.77044],[125.89332,34.77023],[125.8935,34.77068]]],[[[125.89439,34.77068],[125.89448,34.77035],[125.89432,34.77037],[125.89439,34.77068]]],[[[127.40336,34.78126],[127.40326,34.78119],[127.40315,34.7812],[127.40336,34.78126]]],[[[127.41625,34.7812],[127.41603,34.78119],[127.41597,34.78128],[127.41625,34.7812]]],[[[125.43686,34.76176],[125.43628,34.7617],[125.43561,34.76188],[125.43686,34.76176]]],[[[126.0743,34.77359],[126.07425,34.77354],[126.07393,34.77362],[126.0743,34.77359]]],[[[126.04943,34.77308],[126.04931,34.77307],[126.0493,34.77327],[126.04943,34.77308]]],[[[125.8964,34.77135],[125.89629,34.77133],[125.89619,34.77136],[125.8964,34.77135]]],[[[126.08975,34.77411],[126.10571,34.76606],[126.1255,34.77059],[126.14392,34.75164],[126.15665,34.75799],[126.17089,34.75249],[126.16739,34.74719],[126.1827,34.72376],[126.175,34.70085],[126.14789,34.7004],[126.14984,34.71419],[126.13702,34.72868],[126.11812,34.71436],[126.1105,34.7221],[126.09791,34.72083],[126.08517,34.71685],[126.08096,34.70575],[126.07537,34.70857],[126.08174,34.71963],[126.07033,34.73734],[126.08204,34.75052],[126.06424,34.76839],[126.08362,34.76344],[126.08974,34.77417],[126.08975,34.77411]]],[[[125.898,34.77214],[125.89804,34.7721],[125.89808,34.77193],[125.898,34.77214]]],[[[127.55831,34.78238],[127.55819,34.78178],[127.55807,34.78168],[127.55831,34.78238]]],[[[125.44229,34.76383],[125.44191,34.76323],[125.44116,34.76322],[125.44229,34.76383]]],[[[126.12862,34.77531],[126.12857,34.77529],[126.12848,34.77532],[126.12862,34.77531]]],[[[127.47556,34.78319],[127.47586,34.7828],[127.47595,34.78239],[127.47556,34.78319]]],[[[126.16857,34.77347],[126.16828,34.77334],[126.16803,34.77351],[126.16857,34.77347]]],[[[126.07852,34.77492],[126.08519,34.77167],[126.07815,34.77533],[126.07852,34.77492]]],[[[126.11875,34.77674],[126.12372,34.77283],[126.11833,34.77697],[126.11875,34.77674]]],[[[127.47096,34.78472],[127.47124,34.78392],[127.4709,34.78392],[127.47096,34.78472]]],[[[126.19098,34.77643],[126.18987,34.77591],[126.18949,34.77592],[126.19098,34.77643]]],[[[126.0405,34.77638],[126.03988,34.77637],[126.03961,34.77653],[126.0405,34.77638]]],[[[126.07936,34.77797],[126.0795,34.77791],[126.07955,34.77797],[126.07936,34.77797]]],[[[127.41764,34.7851],[127.43015,34.77943],[127.41723,34.78541],[127.41764,34.7851]]],[[[127.40942,34.78628],[127.40931,34.78621],[127.40912,34.78625],[127.40942,34.78628]]],[[[127.55923,34.78721],[127.55903,34.78713],[127.55894,34.7873],[127.55923,34.78721]]],[[[126.04784,34.77845],[126.04772,34.77839],[126.04756,34.77841],[126.04784,34.77845]]],[[[127.461,34.78421],[127.4608,34.78416],[127.46058,34.78425],[127.461,34.78421]]],[[[125.90615,34.77919],[125.90526,34.77887],[125.90523,34.77892],[125.90615,34.77919]]],[[[126.35561,34.77999],[126.3754,34.77062],[126.3599,34.74526],[126.35046,34.75058],[126.35037,34.76222],[126.35876,34.75968],[126.35561,34.77999]],[[126.35808,34.7748],[126.36295,34.75954],[126.35799,34.77496],[126.35808,34.7748]]],[[[127.48036,34.78916],[127.48006,34.78875],[127.47987,34.78879],[127.48036,34.78916]]],[[[126.29642,34.78406],[126.30151,34.77622],[126.28978,34.77743],[126.29636,34.78406],[126.29642,34.78406]]],[[[126.0516,34.78162],[126.05203,34.78136],[126.05279,34.78143],[126.0516,34.78162]]],[[[126.44795,34.78596],[126.44795,34.78598],[126.44794,34.786],[126.44795,34.78596]]],[[[127.42106,34.79021],[127.42078,34.79],[127.42022,34.79005],[127.42106,34.79021]]],[[[126.03588,34.78169],[126.03917,34.77348],[126.02835,34.7792],[126.0354,34.78229],[126.03588,34.78169]]],[[[125.91671,34.78122],[125.91687,34.78106],[125.91712,34.78108],[125.91671,34.78122]]],[[[125.91543,34.78134],[125.91637,34.78115],[125.91633,34.7811],[125.91543,34.78134]]],[[[127.5601,34.79163],[127.56018,34.79162],[127.56027,34.79166],[127.5601,34.79163]]],[[[126.09023,34.78316],[126.09015,34.78314],[126.09007,34.78321],[126.09023,34.78316]]],[[[125.91064,34.78126],[125.91062,34.78126],[125.91061,34.78126],[125.91064,34.78126]]],[[[125.91186,34.7816],[125.9134,34.78104],[125.91434,34.78069],[125.91186,34.7816]]],[[[125.89931,34.78189],[125.89982,34.78115],[125.9005,34.78137],[125.89931,34.78189]]],[[[125.92126,34.78172],[125.92092,34.7816],[125.92101,34.78219],[125.92126,34.78172]]],[[[126.33421,34.78707],[126.33387,34.78686],[126.33355,34.7869],[126.33421,34.78707]]],[[[126.02897,34.78339],[126.02934,34.78285],[126.02842,34.78292],[126.02897,34.78339]]],[[[126.32403,34.78747],[126.32371,34.78688],[126.3234,34.7873],[126.32403,34.78747]]],[[[126.32105,34.78822],[126.3311,34.78352],[126.31857,34.75923],[126.30465,34.76891],[126.30899,34.78238],[126.32076,34.78824],[126.32105,34.78822]]],[[[127.47459,34.79125],[127.47423,34.79119],[127.47324,34.79166],[127.47459,34.79125]]],[[[126.04215,34.7855],[126.04174,34.78538],[126.04152,34.78549],[126.04215,34.7855]]],[[[125.92158,34.78456],[125.9213,34.78439],[125.92105,34.78453],[125.92158,34.78456]]],[[[126.17398,34.78769],[126.17199,34.77767],[126.17352,34.78805],[126.17398,34.78769]]],[[[125.90568,34.78493],[125.90532,34.78473],[125.90388,34.78552],[125.90568,34.78493]]],[[[125.92153,34.78578],[125.92115,34.78564],[125.92084,34.78599],[125.92153,34.78578]]],[[[126.31708,34.78877],[126.31629,34.78847],[126.31583,34.78879],[126.31708,34.78877]]],[[[126.20114,34.78807],[126.20086,34.78785],[126.2001,34.78832],[126.20114,34.78807]]],[[[127.42332,34.79706],[127.42323,34.79703],[127.42296,34.79706],[127.42332,34.79706]]],[[[127.4484,34.79788],[127.44821,34.79782],[127.448,34.79784],[127.4484,34.79788]]],[[[125.90328,34.78616],[125.90329,34.786],[125.90236,34.78632],[125.90328,34.78616]]],[[[127.4219,34.79856],[127.42155,34.79848],[127.42122,34.79862],[127.4219,34.79856]]],[[[125.96433,34.7896],[125.96402,34.78946],[125.96383,34.78948],[125.96433,34.7896]]],[[[126.33997,34.78977],[126.33888,34.78207],[126.33411,34.78814],[126.34006,34.79084],[126.33997,34.78977]]],[[[125.90485,34.79012],[125.90469,34.78975],[125.90439,34.79008],[125.90485,34.79012]]],[[[126.3325,34.78978],[126.33139,34.7951],[126.33269,34.79003],[126.3325,34.78978]]],[[[125.79042,34.78811],[125.79017,34.78809],[125.79013,34.78813],[125.79042,34.78811]]],[[[125.78891,34.7874],[125.78832,34.78684],[125.78754,34.7869],[125.78891,34.7874]]],[[[126.06742,34.79337],[126.0674,34.79328],[126.06737,34.79322],[126.06742,34.79337]]],[[[126.06995,34.79392],[126.07002,34.79384],[126.07003,34.79374],[126.06995,34.79392]]],[[[127.42797,34.80276],[127.42787,34.80272],[127.42781,34.80272],[127.42797,34.80276]]],[[[125.90337,34.7936],[125.90311,34.79358],[125.90308,34.79377],[125.90337,34.7936]]],[[[126.09013,34.79611],[126.09001,34.79609],[126.08979,34.79626],[126.09013,34.79611]]],[[[127.46333,34.80521],[127.47006,34.78715],[127.45468,34.79041],[127.4532,34.77924],[127.43934,34.77963],[127.44913,34.78759],[127.4489,34.79822],[127.4612,34.79262],[127.46312,34.80515],[127.46333,34.80521]]],[[[125.91043,34.79385],[125.91572,34.79239],[125.91039,34.78762],[125.91003,34.79489],[125.91043,34.79385]]],[[[127.5324,34.80541],[127.53217,34.80535],[127.53204,34.80551],[127.5324,34.80541]]],[[[126.13098,34.79833],[126.13071,34.79826],[126.13059,34.7984],[126.13098,34.79833]]],[[[125.96914,34.79635],[125.96865,34.79632],[125.9683,34.79651],[125.96914,34.79635]]],[[[126.20436,34.79814],[126.20414,34.79798],[126.20352,34.79824],[126.20436,34.79814]]],[[[126.06248,34.79831],[126.06258,34.79831],[126.06311,34.79832],[126.06248,34.79831]]],[[[127.52455,34.80729],[127.52514,34.80698],[127.52558,34.80705],[127.52455,34.80729]]],[[[125.9572,34.79861],[125.95766,34.79801],[125.95757,34.79788],[125.9572,34.79861]]],[[[126.088,34.80017],[126.08786,34.80006],[126.08762,34.80014],[126.088,34.80017]]],[[[127.44106,34.8106],[127.44566,34.8081],[127.44029,34.81042],[127.44106,34.8106]]],[[[125.95008,34.80092],[125.95006,34.80089],[125.94989,34.80094],[125.95008,34.80092]]],[[[127.45121,34.81053],[127.45112,34.81033],[127.45066,34.81037],[127.45121,34.81053]]],[[[126.01767,34.80201],[126.0173,34.80159],[126.01714,34.8016],[126.01767,34.80201]]],[[[126.01493,34.80471],[126.01505,34.80458],[126.01506,34.80451],[126.01493,34.80471]]],[[[126.21297,34.80678],[126.21268,34.80639],[126.21243,34.80645],[126.21297,34.80678]]],[[[126.1863,34.80785],[126.18617,34.80782],[126.18598,34.80799],[126.1863,34.80785]]],[[[126.01075,34.80625],[126.01064,34.80624],[126.0105,34.80637],[126.01075,34.80625]]],[[[126.08593,34.8054],[126.08514,34.80527],[126.08485,34.80541],[126.08593,34.8054]]],[[[125.99425,34.80528],[126.00034,34.78958],[125.985,34.77444],[125.99936,34.77352],[125.99911,34.761],[125.95799,34.75258],[125.96652,34.76301],[125.95433,34.76719],[125.95599,34.7536],[125.94938,34.75761],[125.93679,34.7484],[125.9306,34.75434],[125.94951,34.73364],[125.93994,34.73539],[125.93631,34.72029],[125.91709,34.71614],[125.89386,34.72813],[125.8875,34.74006],[125.89609,34.74773],[125.89179,34.75897],[125.90037,34.75966],[125.89055,34.76587],[125.90353,34.77138],[125.89937,34.77985],[125.93947,34.7767],[125.96557,34.78793],[125.97332,34.80161],[125.99421,34.80549],[125.99425,34.80528]],[[125.97142,34.76472],[125.96892,34.7592],[125.97156,34.76477],[125.97142,34.76472]]],[[[126.34839,34.80978],[126.34899,34.8095],[126.34946,34.80955],[126.34839,34.80978]]],[[[126.01703,34.80469],[126.01652,34.80421],[126.01604,34.80429],[126.01703,34.80469]]],[[[126.01018,34.80588],[126.01017,34.80559],[126.00974,34.80565],[126.01018,34.80588]]],[[[126.33534,34.80939],[126.33501,34.80922],[126.33467,34.8093],[126.33534,34.80939]]],[[[126.0033,34.80645],[126.00314,34.80614],[126.00287,34.80625],[126.0033,34.80645]]],[[[125.95724,34.80689],[125.95723,34.80649],[125.95678,34.80673],[125.95724,34.80689]]],[[[126.16493,34.80699],[126.16438,34.80666],[126.1639,34.80686],[126.16493,34.80699]]],[[[126.35955,34.8137],[126.35939,34.81335],[126.3591,34.81336],[126.35955,34.8137]]],[[[126.14876,34.81168],[126.15693,34.79753],[126.17256,34.79397],[126.15846,34.78658],[126.16404,34.76469],[126.1416,34.76096],[126.12766,34.78048],[126.10611,34.77802],[126.08225,34.78883],[126.14769,34.79737],[126.14213,34.80588],[126.14854,34.81179],[126.14876,34.81168]]],[[[126.33626,34.81503],[126.3413,34.81082],[126.33587,34.81475],[126.33626,34.81503]]],[[[126.32677,34.81566],[126.33269,34.79641],[126.31417,34.79267],[126.31601,34.80843],[126.32626,34.81534],[126.32677,34.81566]]],[[[126.08144,34.81202],[126.0812,34.81181],[126.08094,34.8119],[126.08144,34.81202]]],[[[126.36181,34.81763],[126.36167,34.81751],[126.36144,34.81754],[126.36181,34.81763]]],[[[126.1454,34.81661],[126.14525,34.81661],[126.14506,34.81684],[126.1454,34.81661]]],[[[127.43842,34.82713],[127.43864,34.82706],[127.43904,34.82706],[127.43842,34.82713]]],[[[126.04313,34.81864],[126.04339,34.81863],[126.04345,34.81864],[126.04313,34.81864]]],[[[126.16423,34.81838],[126.16387,34.81812],[126.1636,34.81813],[126.16423,34.81838]]],[[[125.97037,34.81957],[125.97023,34.81201],[125.97036,34.81974],[125.97037,34.81957]]],[[[126.15919,34.82187],[126.15422,34.81369],[126.15961,34.82244],[126.15919,34.82187]]],[[[126.17352,34.82359],[126.17357,34.82296],[126.17322,34.82287],[126.17352,34.82359]]],[[[125.93997,34.82103],[125.93997,34.82089],[125.93992,34.8209],[125.93997,34.82103]]],[[[125.93977,34.82185],[125.93969,34.82182],[125.93961,34.82189],[125.93977,34.82185]]],[[[125.95932,34.82146],[125.95469,34.81337],[125.95995,34.82196],[125.95932,34.82146]]],[[[126.06965,34.82344],[126.0694,34.82336],[126.06883,34.8238],[126.06965,34.82344]]],[[[126.15891,34.82728],[126.15875,34.82725],[126.15854,34.82732],[126.15891,34.82728]]],[[[126.06874,34.82581],[126.06842,34.82539],[126.06819,34.82542],[126.06874,34.82581]]],[[[126.04892,34.82499],[126.06435,34.81903],[126.06564,34.80968],[126.07359,34.81249],[126.07533,34.79386],[126.06784,34.80781],[126.04759,34.81502],[126.04296,34.82522],[126.04901,34.82528],[126.04892,34.82499]]],[[[126.31554,34.83566],[126.31568,34.83561],[126.31575,34.83564],[126.31554,34.83566]]],[[[126.06188,34.83062],[126.05822,34.8347],[126.06166,34.83081],[126.06188,34.83062]]],[[[127.64647,34.84357],[127.64656,34.84346],[127.64659,34.84347],[127.64647,34.84357]]],[[[125.95238,34.83447],[125.95196,34.83436],[125.95158,34.83461],[125.95238,34.83447]]],[[[126.17296,34.83763],[126.17263,34.83753],[126.17235,34.83767],[126.17296,34.83763]]],[[[127.64466,34.84871],[127.64472,34.84868],[127.64487,34.84869],[127.64466,34.84871]]],[[[126.30872,34.8428],[126.30422,34.83869],[126.30859,34.84321],[126.30872,34.8428]]],[[[126.31148,34.84388],[126.31167,34.84375],[126.31187,34.84377],[126.31148,34.84388]]],[[[127.51783,34.85106],[127.51761,34.85098],[127.51741,34.85107],[127.51783,34.85106]]],[[[126.04746,34.84193],[126.04743,34.84186],[126.04729,34.84187],[126.04746,34.84193]]],[[[127.64477,34.85061],[127.64467,34.8505],[127.64447,34.8505],[127.64477,34.85061]]],[[[126.03862,34.8427],[126.03853,34.84268],[126.03846,34.84272],[126.03862,34.8427]]],[[[126.03721,34.84364],[126.03715,34.8436],[126.03708,34.8436],[126.03721,34.84364]]],[[[126.29257,34.84554],[126.29238,34.84529],[126.29181,34.84552],[126.29257,34.84554]]],[[[126.30484,34.84735],[126.30549,34.84718],[126.30571,34.84737],[126.30484,34.84735]]],[[[126.00185,34.84514],[126.00179,34.8451],[126.00172,34.8451],[126.00185,34.84514]]],[[[126.05675,34.8463],[126.05737,34.84605],[126.05757,34.84585],[126.05675,34.8463]]],[[[125.99911,34.84574],[125.9989,34.84567],[125.9988,34.8457],[125.99911,34.84574]]],[[[126.0524,34.84928],[126.05209,34.84907],[126.05136,34.84923],[126.0524,34.84928]]],[[[126.22102,34.84789],[126.21373,34.84995],[126.22179,34.84831],[126.22102,34.84789]]],[[[126.40351,34.8547],[126.40341,34.8546],[126.40331,34.85462],[126.40351,34.8547]]],[[[127.63698,34.86059],[127.63691,34.86058],[127.63687,34.86061],[127.63698,34.86059]]],[[[127.72108,34.86076],[127.7209,34.86076],[127.72077,34.86074],[127.72108,34.86076]]],[[[127.61394,34.85807],[127.62056,34.86209],[127.63436,34.84768],[127.62239,34.84796],[127.61402,34.85776],[127.61394,34.85807]]],[[[126.05337,34.85363],[126.05336,34.85354],[126.05324,34.85354],[126.05337,34.85363]]],[[[127.72255,34.86257],[127.72232,34.86271],[127.72224,34.86277],[127.72255,34.86257]]],[[[126.39827,34.85664],[126.39776,34.85635],[126.39753,34.85657],[126.39827,34.85664]]],[[[127.71882,34.8637],[127.71873,34.86371],[127.71772,34.86398],[127.71882,34.8637]]],[[[126.01788,34.85525],[126.0177,34.85488],[126.01737,34.85494],[126.01788,34.85525]]],[[[126.15751,34.85605],[126.15742,34.85579],[126.15714,34.85555],[126.15751,34.85605]]],[[[127.71341,34.86697],[127.71333,34.86693],[127.7131,34.86694],[127.71341,34.86697]]],[[[126.39249,34.85965],[126.39179,34.85945],[126.39102,34.85955],[126.39249,34.85965]]],[[[126.36716,34.8617],[126.36666,34.86123],[126.36616,34.8614],[126.36716,34.8617]]],[[[127.73096,34.86845],[127.73077,34.86785],[127.72969,34.86758],[127.73096,34.86845]]],[[[126.38163,34.85778],[126.38074,34.864],[126.38207,34.85812],[126.38163,34.85778]]],[[[127.68603,34.86701],[127.68558,34.86677],[127.68564,34.86747],[127.68603,34.86701]]],[[[127.62224,34.86846],[127.62226,34.86844],[127.62271,34.86847],[127.62224,34.86846]]],[[[126.00428,34.85985],[126.00399,34.85974],[126.00344,34.8602],[126.00428,34.85985]]],[[[127.61487,34.86955],[127.61456,34.86945],[127.61448,34.8696],[127.61487,34.86955]]],[[[126.01934,34.86052],[126.01906,34.8602],[126.01855,34.8602],[126.01934,34.86052]]],[[[127.60996,34.86771],[127.60985,34.86771],[127.60869,34.86887],[127.60996,34.86771]]],[[[127.60998,34.87099],[127.60985,34.87093],[127.60975,34.871],[127.60998,34.87099]]],[[[127.61443,34.87089],[127.61429,34.87086],[127.61419,34.87098],[127.61443,34.87089]]],[[[127.70237,34.87116],[127.70187,34.87095],[127.70171,34.87095],[127.70237,34.87116]]],[[[126.07837,34.86296],[126.07798,34.86253],[126.07747,34.86254],[126.07837,34.86296]]],[[[126.09981,34.86301],[126.09971,34.86277],[126.09922,34.86296],[126.09981,34.86301]]],[[[125.9682,34.86301],[125.96816,34.86296],[125.96807,34.86296],[125.9682,34.86301]]],[[[125.96899,34.86295],[125.9689,34.86293],[125.96862,34.86297],[125.96899,34.86295]]],[[[126.37046,34.86799],[126.36985,34.86247],[126.37033,34.868],[126.37046,34.86799]]],[[[125.97162,34.86267],[125.97125,34.86229],[125.97074,34.8623],[125.97162,34.86267]]],[[[126.28321,34.86784],[126.28336,34.8676],[126.28343,34.86761],[126.28321,34.86784]]],[[[126.10272,34.86649],[126.10317,34.86624],[126.10353,34.86566],[126.10272,34.86649]]],[[[125.9755,34.86546],[125.97529,34.86545],[125.97521,34.86551],[125.9755,34.86546]]],[[[126.27955,34.86857],[126.27911,34.8685],[126.27885,34.86854],[126.27955,34.86857]]],[[[127.63172,34.87551],[127.63159,34.87547],[127.6312,34.8756],[127.63172,34.87551]]],[[[127.63972,34.87734],[127.63965,34.87729],[127.63958,34.8773],[127.63972,34.87734]]],[[[126.0984,34.86903],[126.09796,34.86891],[126.09773,34.86903],[126.0984,34.86903]]],[[[126.1814,34.87515],[126.1812,34.87514],[126.18108,34.87543],[126.1814,34.87515]]],[[[127.60905,34.88114],[127.60849,34.8804],[127.60793,34.88171],[127.60905,34.88114]]],[[[126.18348,34.87447],[126.18315,34.87432],[126.18289,34.8749],[126.18348,34.87447]]],[[[127.61992,34.88281],[127.62889,34.87526],[127.61159,34.87859],[127.6195,34.88306],[127.61992,34.88281]]],[[[126.37851,34.878],[126.35757,34.86596],[126.36646,34.87733],[126.3789,34.87855],[126.37851,34.878]]],[[[125.98533,34.8742],[125.98509,34.87418],[125.98492,34.8742],[125.98533,34.8742]]],[[[126.37426,34.87983],[126.37357,34.87963],[126.37351,34.87968],[126.37426,34.87983]]],[[[126.18104,34.87807],[126.18086,34.87804],[126.1803,34.87808],[126.18104,34.87807]]],[[[126.34945,34.8801],[126.34928,34.88006],[126.34927,34.88007],[126.34945,34.8801]]],[[[126.1073,34.88116],[126.10713,34.88101],[126.10706,34.88123],[126.1073,34.88116]]],[[[126.37627,34.88406],[126.37605,34.88398],[126.37589,34.88405],[126.37627,34.88406]]],[[[126.11558,34.88195],[126.13806,34.87507],[126.14462,34.88045],[126.15779,34.8624],[126.13482,34.86266],[126.13445,34.85158],[126.15115,34.8425],[126.13952,34.8358],[126.14157,34.82722],[126.12031,34.83414],[126.11408,34.82588],[126.12284,34.81274],[126.12004,34.80212],[126.09446,34.79616],[126.09007,34.8158],[126.07101,34.81325],[126.08008,34.81908],[126.05854,34.84959],[126.0869,34.86082],[126.11524,34.85063],[126.12033,34.85778],[126.10816,34.87698],[126.11492,34.8822],[126.11558,34.88195]]],[[[126.1661,34.88451],[126.16712,34.87479],[126.16591,34.88435],[126.1661,34.88451]]],[[[126.3876,34.88641],[126.38729,34.88623],[126.38707,34.88623],[126.3876,34.88641]]],[[[126.16448,34.88731],[126.16445,34.8873],[126.16441,34.88735],[126.16448,34.88731]]],[[[126.11283,34.88699],[126.11277,34.88696],[126.11266,34.88697],[126.11283,34.88699]]],[[[126.12447,34.88794],[126.12442,34.88777],[126.12401,34.88787],[126.12447,34.88794]]],[[[126.17526,34.88916],[126.1752,34.88897],[126.17502,34.88903],[126.17526,34.88916]]],[[[125.99409,34.8875],[125.994,34.88749],[125.99393,34.88752],[125.99409,34.8875]]],[[[126.10903,34.88695],[126.10933,34.8869],[126.10984,34.88726],[126.10903,34.88695]]],[[[125.99365,34.88814],[125.99369,34.88804],[125.99356,34.88807],[125.99365,34.88814]]],[[[126.12295,34.88843],[126.11642,34.88658],[126.12302,34.88856],[126.12295,34.88843]]],[[[126.34854,34.89144],[126.34844,34.89143],[126.34838,34.89188],[126.34854,34.89144]]],[[[126.16983,34.89072],[126.16927,34.88984],[126.1689,34.8894],[126.16983,34.89072]]],[[[126.16414,34.89024],[126.16411,34.89002],[126.16391,34.88981],[126.16414,34.89024]]],[[[127.72753,34.8919],[127.74369,34.89235],[127.75068,34.87804],[127.71719,34.86819],[127.69795,34.87309],[127.69209,34.88362],[127.71058,34.8985],[127.72716,34.89224],[127.72753,34.8919]]],[[[126.22041,34.89152],[126.22032,34.89144],[126.22,34.89169],[126.22041,34.89152]]],[[[126.00292,34.89282],[126.00303,34.89276],[126.00309,34.89268],[126.00292,34.89282]]],[[[126.15145,34.89489],[126.15136,34.89485],[126.15127,34.89486],[126.15145,34.89489]]],[[[126.36811,34.89769],[126.36762,34.89758],[126.3674,34.89781],[126.36811,34.89769]]],[[[126.14478,34.89786],[126.14531,34.8973],[126.14529,34.89707],[126.14478,34.89786]]],[[[126.36357,34.90026],[126.36337,34.90022],[126.36281,34.90051],[126.36357,34.90026]]],[[[126.16987,34.89886],[126.17008,34.89882],[126.17046,34.89887],[126.16987,34.89886]]],[[[126.09951,34.89719],[126.09889,34.89713],[126.09867,34.89726],[126.09951,34.89719]]],[[[126.09493,34.89912],[126.08959,34.89771],[126.09491,34.89928],[126.09493,34.89912]]],[[[126.20168,34.90035],[126.2018,34.89972],[126.20175,34.89892],[126.20168,34.90035]]],[[[126.20223,34.90137],[126.20224,34.90129],[126.20219,34.90119],[126.20223,34.90137]]],[[[127.73828,34.90812],[127.73849,34.90808],[127.73814,34.90676],[127.73828,34.90812]]],[[[126.20808,34.90149],[126.20797,34.90148],[126.20788,34.90156],[126.20808,34.90149]]],[[[126.26203,34.90368],[126.26312,34.90343],[126.26331,34.90332],[126.26203,34.90368]]],[[[126.18027,34.90233],[126.18843,34.88916],[126.17579,34.88068],[126.17935,34.9027],[126.18027,34.90233]]],[[[126.10169,34.90152],[126.10271,34.90062],[126.10342,34.90038],[126.10169,34.90152]]],[[[126.20454,34.90317],[126.20446,34.90317],[126.20445,34.90319],[126.20454,34.90317]]],[[[126.08984,34.90321],[126.08987,34.90321],[126.08997,34.9031],[126.08984,34.90321]]],[[[126.00839,34.90179],[126.00824,34.90139],[126.00736,34.90146],[126.00839,34.90179]]],[[[126.22795,34.90685],[126.22789,34.9067],[126.2277,34.90671],[126.22795,34.90685]]],[[[126.32784,34.91182],[126.32762,34.91135],[126.32718,34.91148],[126.32784,34.91182]]],[[[126.35192,34.91073],[126.35666,34.90665],[126.35116,34.90085],[126.34338,34.9067],[126.35188,34.91106],[126.35192,34.91073]]],[[[126.20011,34.91112],[126.19953,34.911],[126.19885,34.91109],[126.20011,34.91112]]],[[[126.27606,34.91217],[126.27578,34.91215],[126.27575,34.91246],[126.27606,34.91217]]],[[[126.20622,34.91201],[126.20618,34.91196],[126.20611,34.91196],[126.20622,34.91201]]],[[[126.3726,34.91388],[126.37244,34.91387],[126.3723,34.91396],[126.3726,34.91388]]],[[[126.31512,34.91381],[126.31499,34.91379],[126.3146,34.91405],[126.31512,34.91381]]],[[[126.27583,34.91326],[126.27543,34.9131],[126.27527,34.9135],[126.27583,34.91326]]],[[[126.18351,34.9127],[126.18311,34.91252],[126.18266,34.91332],[126.18351,34.9127]]],[[[126.28053,34.91419],[126.28035,34.91409],[126.28016,34.91424],[126.28053,34.91419]]],[[[126.25533,34.91356],[126.25529,34.91348],[126.25523,34.91341],[126.25533,34.91356]]],[[[126.25837,34.91555],[126.2581,34.91539],[126.2577,34.91553],[126.25837,34.91555]]],[[[126.0059,34.91154],[126.00642,34.91133],[126.0082,34.91172],[126.0059,34.91154]]],[[[126.20813,34.9165],[126.20804,34.91645],[126.20786,34.91646],[126.20813,34.9165]]],[[[126.25759,34.91793],[126.25735,34.91787],[126.25724,34.91803],[126.25759,34.91793]]],[[[126.37145,34.91996],[126.37142,34.91995],[126.37121,34.92008],[126.37145,34.91996]]],[[[126.18716,34.91872],[126.18708,34.91866],[126.187,34.91883],[126.18716,34.91872]]],[[[126.19112,34.9171],[126.19059,34.917],[126.19038,34.91821],[126.19112,34.9171]]],[[[126.20961,34.91887],[126.20951,34.91884],[126.20936,34.91894],[126.20961,34.91887]]],[[[126.19943,34.9194],[126.192,34.91732],[126.19937,34.91946],[126.19943,34.9194]]],[[[126.38386,34.92171],[126.38411,34.92117],[126.38286,34.92126],[126.38386,34.92171]]],[[[126.30025,34.92117],[126.31218,34.90696],[126.32132,34.90762],[126.31926,34.91311],[126.35149,34.89856],[126.35001,34.88815],[126.34622,34.89432],[126.3357,34.88698],[126.32638,34.89172],[126.3293,34.87943],[126.31282,34.87891],[126.32515,34.87331],[126.31411,34.86875],[126.32077,34.86203],[126.35388,34.86453],[126.36825,34.85761],[126.36517,34.83629],[126.37293,34.83299],[126.35682,34.81427],[126.32757,34.82219],[126.3475,34.83485],[126.32896,34.85116],[126.31655,34.8462],[126.31249,34.85327],[126.2766,34.85583],[126.26242,34.83965],[126.22666,34.84751],[126.23284,34.86467],[126.26094,34.85656],[126.26989,34.87281],[126.27376,34.86416],[126.28441,34.86335],[126.28046,34.88712],[126.29266,34.88123],[126.30431,34.88738],[126.28079,34.91054],[126.30021,34.92121],[126.30025,34.92117]]],[[[126.18941,34.92105],[126.1887,34.92104],[126.18868,34.92104],[126.18941,34.92105]]],[[[126.21226,34.9219],[126.21237,34.92181],[126.21254,34.92167],[126.21226,34.9219]]],[[[126.28852,34.9207],[126.28794,34.9206],[126.2879,34.92065],[126.28852,34.9207]]],[[[126.16437,34.92148],[126.16439,34.92131],[126.16438,34.92113],[126.16437,34.92148]]],[[[126.21531,34.92225],[126.21586,34.92191],[126.21645,34.92195],[126.21531,34.92225]]],[[[126.32552,34.92285],[126.32529,34.92271],[126.32463,34.92271],[126.32552,34.92285]]],[[[126.21017,34.92247],[126.21015,34.92246],[126.21013,34.92246],[126.21017,34.92247]]],[[[126.25931,34.9233],[126.25904,34.92315],[126.25883,34.9235],[126.25931,34.9233]]],[[[127.67748,34.92932],[127.69318,34.91703],[127.67317,34.90444],[127.66382,34.91305],[127.67636,34.9296],[127.67748,34.92932]]],[[[126.32277,34.92289],[126.3227,34.92288],[126.3224,34.92356],[126.32277,34.92289]]],[[[126.05557,34.92149],[126.0555,34.92149],[126.05545,34.9216],[126.05557,34.92149]]],[[[126.21082,34.92384],[126.21056,34.92352],[126.2102,34.92362],[126.21082,34.92384]]],[[[126.26263,34.92446],[126.26238,34.9242],[126.26203,34.92426],[126.26263,34.92446]]],[[[126.05759,34.92236],[126.0575,34.92229],[126.05745,34.9223],[126.05759,34.92236]]],[[[126.05194,34.92265],[126.05227,34.92261],[126.05263,34.92264],[126.05194,34.92265]]],[[[126.25933,34.92516],[126.25885,34.92507],[126.2588,34.92539],[126.25933,34.92516]]],[[[126.16819,34.92485],[126.16812,34.92484],[126.16803,34.92489],[126.16819,34.92485]]],[[[126.163,34.92516],[126.16302,34.92506],[126.16294,34.92504],[126.163,34.92516]]],[[[126.16401,34.92548],[126.16407,34.92542],[126.16396,34.92542],[126.16401,34.92548]]],[[[126.2003,34.92368],[126.19992,34.92366],[126.19935,34.92419],[126.2003,34.92368]]],[[[126.01972,34.9204],[126.01629,34.92413],[126.01986,34.9206],[126.01972,34.9204]]],[[[126.16217,34.92584],[126.16219,34.92578],[126.16213,34.92579],[126.16217,34.92584]]],[[[126.08369,34.92523],[126.08359,34.92516],[126.08313,34.92521],[126.08369,34.92523]]],[[[126.17135,34.9273],[126.17103,34.92715],[126.17098,34.92715],[126.17135,34.9273]]],[[[126.16945,34.92774],[126.1694,34.92769],[126.16924,34.92769],[126.16945,34.92774]]],[[[126.1731,34.92762],[126.17303,34.92762],[126.17301,34.92762],[126.1731,34.92762]]],[[[126.29615,34.92952],[126.296,34.92948],[126.29588,34.9295],[126.29615,34.92952]]],[[[126.27769,34.92947],[126.27723,34.92914],[126.27626,34.92927],[126.27769,34.92947]]],[[[126.19425,34.928],[126.19793,34.92173],[126.19422,34.92803],[126.19425,34.928]]],[[[126.14828,34.93019],[126.14821,34.93018],[126.14818,34.93018],[126.14828,34.93019]]],[[[126.28198,34.93304],[126.28192,34.93295],[126.28183,34.93295],[126.28198,34.93304]]],[[[126.25591,34.93095],[126.25572,34.93083],[126.25545,34.93102],[126.25591,34.93095]]],[[[126.28016,34.93307],[126.28006,34.93303],[126.28,34.9331],[126.28016,34.93307]]],[[[126.16776,34.93181],[126.1678,34.93162],[126.1677,34.93161],[126.16776,34.93181]]],[[[126.27685,34.934],[126.2773,34.93343],[126.27746,34.93289],[126.27685,34.934]]],[[[126.15567,34.93142],[126.15538,34.93113],[126.15494,34.93119],[126.15567,34.93142]]],[[[126.01957,34.9308],[126.01967,34.93057],[126.02011,34.93082],[126.01957,34.9308]]],[[[126.16727,34.93324],[126.16711,34.93323],[126.16701,34.93328],[126.16727,34.93324]]],[[[126.17303,34.93422],[126.17291,34.93417],[126.17283,34.93425],[126.17303,34.93422]]],[[[126.21382,34.93452],[126.21346,34.93384],[126.2133,34.93397],[126.21382,34.93452]]],[[[126.17213,34.9353],[126.17165,34.93515],[126.17126,34.93542],[126.17213,34.9353]]],[[[126.24572,34.93658],[126.24561,34.93654],[126.24547,34.93672],[126.24572,34.93658]]],[[[126.20125,34.93691],[126.20699,34.92688],[126.19561,34.93386],[126.2001,34.93652],[126.20125,34.93691]]],[[[126.23004,34.93756],[126.25361,34.93342],[126.25126,34.91507],[126.23532,34.90989],[126.22067,34.91795],[126.22986,34.93762],[126.23004,34.93756]]],[[[126.2827,34.93865],[126.28247,34.93852],[126.28227,34.93856],[126.2827,34.93865]]],[[[126.17925,34.93755],[126.17884,34.93677],[126.17855,34.93715],[126.17925,34.93755]]],[[[126.19509,34.93809],[126.19452,34.9377],[126.19435,34.93796],[126.19509,34.93809]]],[[[126.20337,34.93888],[126.20322,34.93876],[126.2031,34.93894],[126.20337,34.93888]]],[[[126.15804,34.9389],[126.15792,34.9388],[126.15784,34.93876],[126.15804,34.9389]]],[[[126.08984,34.90321],[126.08377,34.89418],[126.0991,34.88906],[126.09538,34.87606],[126.08457,34.87421],[126.07889,34.88154],[126.08454,34.86467],[126.05014,34.85548],[126.04343,34.84378],[126.03262,34.85939],[126.02238,34.85665],[126.02515,34.87231],[126.00871,34.85952],[125.9775,34.86458],[125.98071,34.87329],[125.96798,34.8734],[125.99311,34.87847],[126.01416,34.91186],[126.03099,34.90905],[126.03632,34.9194],[126.04171,34.91012],[126.057,34.91038],[126.05767,34.93804],[126.07893,34.93131],[126.07673,34.92082],[126.09043,34.92216],[126.08244,34.91315],[126.09879,34.90934],[126.08992,34.90326],[126.08984,34.90321]]],[[[126.19489,34.93918],[126.19413,34.93889],[126.19384,34.93938],[126.19489,34.93918]]],[[[126.27995,34.93956],[126.27966,34.93928],[126.27942,34.93929],[126.27995,34.93956]]],[[[126.27044,34.93935],[126.27017,34.93893],[126.26995,34.93895],[126.27044,34.93935]]],[[[126.18137,34.93996],[126.18104,34.93959],[126.18096,34.93996],[126.18137,34.93996]]],[[[126.15936,34.94029],[126.1593,34.94007],[126.15914,34.94032],[126.15936,34.94029]]],[[[126.16029,34.94207],[126.16004,34.94201],[126.15989,34.94223],[126.16029,34.94207]]],[[[126.27644,34.94351],[126.27618,34.94345],[126.27581,34.94357],[126.27644,34.94351]]],[[[126.12051,34.94256],[126.12041,34.94254],[126.12033,34.94262],[126.12051,34.94256]]],[[[127.76485,34.89204],[127.76116,34.90864],[127.70444,34.91267],[127.70426,34.92956],[127.73127,34.95191],[127.73974,34.94582],[127.73742,34.93226],[127.76515,34.93164],[127.78443,34.91551],[127.78416,34.88658],[127.7649,34.89204],[127.76485,34.89204]],[[127.77423,34.89624],[127.78398,34.89105],[127.78308,34.91131],[127.76838,34.91461],[127.76641,34.89596],[127.77423,34.89638],[127.77423,34.89624]],[[127.78285,34.88772],[127.78395,34.88729],[127.78398,34.89076],[127.78285,34.88772]]],[[[127.72674,34.95221],[127.72678,34.95213],[127.72681,34.95209],[127.72674,34.95221]]],[[[126.27553,34.94441],[126.27513,34.94413],[126.27377,34.9445],[126.27553,34.94441]]],[[[126.27906,34.94562],[126.27898,34.94541],[126.27838,34.94595],[126.27906,34.94562]]],[[[126.12635,34.9461],[126.12631,34.94575],[126.12643,34.9457],[126.12635,34.9461]]],[[[126.13487,34.94639],[126.13465,34.94621],[126.13442,34.94627],[126.13487,34.94639]]],[[[126.27682,34.9487],[126.27702,34.94833],[126.27723,34.94838],[126.27682,34.9487]]],[[[126.19801,34.94833],[126.19791,34.9483],[126.19778,34.9483],[126.19801,34.94833]]],[[[126.27039,34.94844],[126.27017,34.94833],[126.26939,34.94862],[126.27039,34.94844]]],[[[126.19955,34.95001],[126.2116,34.94068],[126.18993,34.94338],[126.19953,34.95004],[126.19955,34.95001]]],[[[126.25333,34.94961],[126.2525,34.94269],[126.25268,34.95048],[126.25333,34.94961]]],[[[126.14174,34.94975],[126.1419,34.94959],[126.14165,34.9494],[126.14174,34.94975]]],[[[126.11682,34.94861],[126.11631,34.94853],[126.11604,34.9488],[126.11682,34.94861]]],[[[127.76335,34.95806],[127.76852,34.9338],[127.74548,34.93389],[127.74081,34.9512],[127.76328,34.95816],[127.76335,34.95806]]],[[[126.22938,34.95411],[126.2292,34.95387],[126.2289,34.95396],[126.22938,34.95411]]],[[[126.2455,34.95698],[126.24542,34.95684],[126.24529,34.95698],[126.2455,34.95698]]],[[[126.24189,34.95412],[126.24937,34.95259],[126.24385,34.94447],[126.23039,34.95157],[126.2418,34.95413],[126.24189,34.95412]]],[[[127.7594,34.96406],[127.75986,34.96385],[127.75994,34.96377],[127.7594,34.96406]]],[[[126.37867,34.95903],[126.37776,34.95867],[126.37765,34.95867],[126.37867,34.95903]]],[[[126.23595,34.95809],[126.23575,34.95801],[126.23557,34.95823],[126.23595,34.95809]]],[[[126.20143,34.95895],[126.20087,34.95868],[126.20074,34.95924],[126.20143,34.95895]]],[[[126.15984,34.95961],[126.1663,34.94395],[126.16031,34.94337],[126.15989,34.9599],[126.15984,34.95961]]],[[[126.25477,34.96099],[126.25437,34.96076],[126.25413,34.96095],[126.25477,34.96099]]],[[[126.25592,34.96209],[126.25546,34.96185],[126.25534,34.96198],[126.25592,34.96209]]],[[[126.25876,34.96247],[126.2656,34.96052],[126.26385,34.95258],[126.25836,34.96235],[126.25876,34.96247]]],[[[126.23978,34.96178],[126.23991,34.96126],[126.23922,34.9615],[126.23978,34.96178]]],[[[126.25219,34.96203],[126.25202,34.96156],[126.25186,34.96164],[126.25219,34.96203]]],[[[126.19932,34.9626],[126.199,34.96221],[126.19825,34.96258],[126.19932,34.9626]]],[[[126.23795,34.96382],[126.23788,34.96368],[126.23753,34.96371],[126.23795,34.96382]]],[[[126.22136,34.96313],[126.22087,34.96288],[126.22068,34.96371],[126.22136,34.96313]]],[[[126.12431,34.96174],[126.1241,34.96142],[126.12364,34.96143],[126.12431,34.96174]]],[[[126.14816,34.96404],[126.14831,34.96399],[126.1484,34.96402],[126.14816,34.96404]]],[[[126.23737,34.96472],[126.23734,34.96469],[126.23724,34.96474],[126.23737,34.96472]]],[[[126.19669,34.96372],[126.1965,34.96335],[126.19672,34.96338],[126.19669,34.96372]]],[[[126.15017,34.96436],[126.15004,34.96434],[126.14986,34.96439],[126.15017,34.96436]]],[[[126.2255,34.96582],[126.22533,34.96578],[126.22515,34.96625],[126.2255,34.96582]]],[[[126.24514,34.96732],[126.24512,34.96716],[126.24452,34.96723],[126.24514,34.96732]]],[[[126.22908,34.96703],[126.22882,34.96698],[126.2285,34.96709],[126.22908,34.96703]]],[[[126.27325,34.96985],[126.29019,34.96032],[126.29868,34.93191],[126.28178,34.93473],[126.28812,34.94217],[126.26324,34.96627],[126.27316,34.9699],[126.27325,34.96985]]],[[[126.18048,34.96992],[126.18094,34.96903],[126.18059,34.9688],[126.18048,34.96992]]],[[[126.27355,34.97135],[126.27367,34.97114],[126.2734,34.97117],[126.27355,34.97135]]],[[[126.22186,34.97093],[126.22174,34.97028],[126.22158,34.9704],[126.22186,34.97093]]],[[[126.21688,34.97126],[126.21642,34.9711],[126.21619,34.97144],[126.21688,34.97126]]],[[[126.21944,34.9749],[126.21909,34.97444],[126.2189,34.97456],[126.21944,34.9749]]],[[[126.1866,34.97752],[126.18658,34.97703],[126.18601,34.97714],[126.1866,34.97752]]],[[[126.22937,34.98121],[126.22916,34.98111],[126.22894,34.98172],[126.22937,34.98121]]],[[[126.18104,34.98415],[126.18087,34.98404],[126.18055,34.98419],[126.18104,34.98415]]],[[[126.21011,34.98233],[126.2051,34.98107],[126.20991,34.98288],[126.21011,34.98233]]],[[[126.2269,34.98474],[126.22678,34.9845],[126.22652,34.98453],[126.2269,34.98474]]],[[[126.21449,34.98478],[126.21738,34.95506],[126.21192,34.95311],[126.19822,34.96909],[126.21445,34.98494],[126.21449,34.98478]]],[[[126.18663,34.98549],[126.1865,34.98546],[126.18648,34.98556],[126.18663,34.98549]]],[[[126.18175,34.98594],[126.18167,34.98592],[126.18158,34.98607],[126.18175,34.98594]]],[[[126.18109,34.98917],[126.1811,34.98908],[126.18102,34.98904],[126.18109,34.98917]]],[[[126.1852,34.98967],[126.18499,34.98957],[126.18463,34.98976],[126.1852,34.98967]]],[[[126.23516,34.99314],[126.23486,34.99313],[126.23457,34.99321],[126.23516,34.99314]]],[[[126.11354,34.99507],[126.11426,34.99493],[126.11464,34.99494],[126.11354,34.99507]]],[[[126.1934,34.99445],[126.19286,34.99424],[126.19264,34.99393],[126.1934,34.99445]]],[[[126.10521,34.99509],[126.10469,34.99484],[126.10439,34.99531],[126.10521,34.99509]]],[[[126.23706,34.9969],[126.23705,34.99652],[126.23693,34.99654],[126.23706,34.9969]]],[[[126.0876,34.99654],[126.08744,34.99654],[126.08719,34.99684],[126.0876,34.99654]]],[[[126.23625,34.99831],[126.22953,34.99352],[126.23621,34.99835],[126.23625,34.99831]]],[[[126.09283,34.99739],[126.09267,34.99738],[126.09221,34.99773],[126.09283,34.99739]]],[[[126.09899,34.99815],[126.09897,34.99769],[126.09882,34.99701],[126.09899,34.99815]]],[[[126.09857,35.00083],[126.0982,35.00032],[126.09807,35.00037],[126.09857,35.00083]]],[[[126.24864,35.00626],[126.26421,35.00262],[126.27049,34.9762],[126.24467,34.97633],[126.25359,35.00004],[126.24844,35.00634],[126.24864,35.00626]]],[[[126.18767,35.00866],[126.18714,35.00836],[126.18695,35.00839],[126.18767,35.00866]]],[[[126.19153,35.00785],[126.19122,35.00765],[126.19109,35.00767],[126.19153,35.00785]]],[[[126.21296,35.00946],[126.21291,35.00924],[126.21247,35.00925],[126.21296,35.00946]]],[[[126.20007,35.00909],[126.19559,35.00685],[126.20009,35.0091],[126.20007,35.00909]]],[[[126.31167,35.00736],[126.31103,35.01445],[126.31912,35.01381],[126.31399,35.00013],[126.3118,35.00703],[126.31167,35.00736]]],[[[126.19905,35.01253],[126.19881,35.01252],[126.19887,35.01292],[126.19905,35.01253]]],[[[126.26299,35.01575],[126.2626,35.01547],[126.26252,35.01577],[126.26299,35.01575]]],[[[126.19589,35.01495],[126.19116,35.00985],[126.19553,35.01546],[126.19589,35.01495]]],[[[126.10135,35.0146],[126.10161,35.01434],[126.10226,35.01447],[126.10135,35.0146]]],[[[126.31464,35.01777],[126.31454,35.01775],[126.31451,35.01786],[126.31464,35.01777]]],[[[126.26071,35.01758],[126.26045,35.01738],[126.26044,35.01759],[126.26071,35.01758]]],[[[126.19963,35.0188],[126.19993,35.0187],[126.20017,35.01871],[126.19963,35.0188]]],[[[126.26416,35.01973],[126.26402,35.01889],[126.26381,35.01889],[126.26416,35.01973]]],[[[126.10514,35.01714],[126.10495,35.01694],[126.10473,35.01704],[126.10514,35.01714]]],[[[126.37165,35.02163],[126.37133,35.02131],[126.37111,35.02138],[126.37165,35.02163]]],[[[126.11131,35.02066],[126.11141,35.02063],[126.11176,35.02066],[126.11131,35.02066]]],[[[126.10232,35.02254],[126.10179,35.02238],[126.10158,35.02244],[126.10232,35.02254]]],[[[126.3736,35.02461],[126.37314,35.02436],[126.37282,35.02454],[126.3736,35.02461]]],[[[126.13629,35.02526],[126.16624,35.02091],[126.16483,35.00302],[126.18185,34.99682],[126.18045,34.97428],[126.14402,34.96879],[126.14594,34.95319],[126.12444,34.94721],[126.13668,34.96573],[126.13482,34.99139],[126.14533,34.98857],[126.13293,35.00181],[126.10616,34.99411],[126.09832,35.00261],[126.12725,35.02624],[126.13585,35.02558],[126.13629,35.02526]]],[[[126.3868,35.02894],[126.38651,35.02893],[126.38633,35.02926],[126.3868,35.02894]]],[[[126.21537,35.02848],[126.21498,35.02798],[126.21459,35.02814],[126.21537,35.02848]]],[[[126.11143,35.02652],[126.10587,35.02591],[126.11175,35.02694],[126.11143,35.02652]]],[[[126.214,35.02949],[126.21402,35.02905],[126.21318,35.02909],[126.214,35.02949]]],[[[126.21195,35.03099],[126.2117,35.03094],[126.21139,35.03129],[126.21195,35.03099]]],[[[126.21376,35.032],[126.21365,35.03126],[126.21279,35.03133],[126.21376,35.032]]],[[[125.9697,35.03074],[125.97064,35.03027],[125.97192,35.03038],[125.9697,35.03074]]],[[[126.2114,35.03418],[126.21109,35.03396],[126.21097,35.03413],[126.2114,35.03418]]],[[[126.2149,35.03455],[126.21434,35.03452],[126.21418,35.03508],[126.2149,35.03455]]],[[[126.22062,35.03722],[126.22064,35.03694],[126.22067,35.03623],[126.22062,35.03722]]],[[[126.22632,35.04041],[126.22587,35.03975],[126.22567,35.04015],[126.22632,35.04041]]],[[[126.12906,35.0411],[126.1303,35.04078],[126.13059,35.0409],[126.12906,35.0411]]],[[[126.13284,35.0404],[126.1325,35.04025],[126.13175,35.04075],[126.13284,35.0404]]],[[[126.3136,35.04423],[126.3132,35.04373],[126.3127,35.04376],[126.3136,35.04423]]],[[[125.97339,35.03951],[125.9733,35.0391],[125.97289,35.03947],[125.97339,35.03951]]],[[[126.12706,35.04748],[126.12694,35.04694],[126.12647,35.04699],[126.12706,35.04748]]],[[[126.19424,35.04895],[126.19417,35.04887],[126.19399,35.04886],[126.19424,35.04895]]],[[[126.19226,35.04867],[126.19207,35.0486],[126.19182,35.04868],[126.19226,35.04867]]],[[[126.27278,35.04972],[126.27263,35.04951],[126.27234,35.04969],[126.27278,35.04972]]],[[[126.19575,35.04901],[126.19551,35.04895],[126.19532,35.04905],[126.19575,35.04901]]],[[[126.21187,35.05251],[126.21172,35.05236],[126.2116,35.05239],[126.21187,35.05251]]],[[[126.07802,35.05381],[126.0776,35.05339],[126.07732,35.05341],[126.07802,35.05381]]],[[[126.11254,35.05459],[126.11287,35.05414],[126.11358,35.05416],[126.11254,35.05459]]],[[[126.06484,35.05691],[126.06456,35.05681],[126.06453,35.05685],[126.06484,35.05691]]],[[[126.14728,35.05801],[126.16915,35.05618],[126.19979,35.04022],[126.19743,35.01832],[126.18226,35.02755],[126.16971,35.02461],[126.15863,35.03705],[126.14846,35.03112],[126.1338,35.04216],[126.14124,35.04555],[126.12862,35.04806],[126.14694,35.05815],[126.14728,35.05801]]],[[[125.9317,35.05859],[125.9321,35.05824],[125.93244,35.05775],[125.9317,35.05859]]],[[[125.94137,35.05831],[125.9412,35.05806],[125.94092,35.05802],[125.94137,35.05831]]],[[[126.12325,35.06412],[126.12324,35.06401],[126.12314,35.064],[126.12325,35.06412]]],[[[126.15364,35.06058],[126.14938,35.06449],[126.15392,35.06094],[126.15364,35.06058]]],[[[125.94594,35.06347],[125.94828,35.05772],[125.94187,35.05759],[125.94525,35.06413],[125.94594,35.06347]]],[[[125.92888,35.06437],[125.92888,35.06368],[125.92805,35.06369],[125.92888,35.06437]]],[[[126.1348,35.06805],[126.13494,35.06791],[126.13454,35.06773],[126.1348,35.06805]]],[[[125.94588,35.06615],[125.94587,35.06595],[125.94563,35.06594],[125.94588,35.06615]]],[[[126.12251,35.06825],[126.1224,35.06823],[126.12238,35.06831],[126.12251,35.06825]]],[[[125.92611,35.06534],[125.92606,35.06522],[125.92599,35.06518],[125.92611,35.06534]]],[[[126.13228,35.07177],[126.1333,35.07121],[126.13311,35.07055],[126.13228,35.07177]]],[[[126.15648,35.07261],[126.15653,35.07186],[126.15657,35.07137],[126.15648,35.07261]]],[[[125.91698,35.07126],[125.91682,35.07124],[125.91653,35.07152],[125.91698,35.07126]]],[[[125.92511,35.07364],[125.92526,35.0735],[125.92541,35.0735],[125.92511,35.07364]]],[[[126.40225,35.07921],[126.40187,35.07907],[126.40154,35.07943],[126.40225,35.07921]]],[[[126.14771,35.07808],[126.14966,35.0733],[126.14774,35.07816],[126.14771,35.07808]]],[[[125.91431,35.07618],[125.91445,35.07606],[125.91462,35.07587],[125.91431,35.07618]]],[[[125.92128,35.07495],[125.92105,35.07494],[125.92082,35.07495],[125.92128,35.07495]]],[[[125.93892,35.07739],[125.93878,35.07737],[125.93867,35.0774],[125.93892,35.07739]]],[[[126.15761,35.07784],[126.15746,35.07768],[126.15697,35.07767],[126.15761,35.07784]]],[[[125.94101,35.07747],[125.94085,35.07747],[125.94082,35.0775],[125.94101,35.07747]]],[[[126.04337,35.07874],[126.04287,35.07844],[126.04242,35.07844],[126.04337,35.07874]]],[[[126.39781,35.08253],[126.39757,35.08233],[126.39717,35.08246],[126.39781,35.08253]]],[[[126.12333,35.08168],[126.12315,35.08166],[126.12305,35.08191],[126.12333,35.08168]]],[[[126.15586,35.08439],[126.15589,35.08433],[126.1558,35.08429],[126.15586,35.08439]]],[[[125.91829,35.08423],[125.9239,35.07753],[125.91718,35.08385],[125.91829,35.08423]]],[[[126.38265,35.08991],[126.38228,35.08964],[126.38122,35.0901],[126.38265,35.08991]]],[[[126.13371,35.09329],[126.1438,35.09328],[126.14731,35.08453],[126.13043,35.08371],[126.13354,35.09322],[126.13371,35.09329]]],[[[126.37657,35.09652],[126.37673,35.09628],[126.37697,35.0964],[126.37657,35.09652]]],[[[126.03468,35.09203],[126.03459,35.09177],[126.03484,35.09158],[126.03468,35.09203]]],[[[126.05154,35.09583],[126.05137,35.09568],[126.05112,35.09594],[126.05154,35.09583]]],[[[125.98028,35.09545],[125.98034,35.09512],[125.98038,35.09481],[125.98028,35.09545]]],[[[126.04672,35.09651],[126.04644,35.09649],[126.0461,35.0969],[126.04672,35.09651]]],[[[126.46021,35.10222],[126.46031,35.10201],[126.46018,35.10203],[126.46021,35.10222]]],[[[125.98175,35.0976],[125.98237,35.09719],[125.98301,35.09675],[125.98175,35.0976]]],[[[126.03936,35.09996],[126.03935,35.09971],[126.03914,35.09958],[126.03936,35.09996]]],[[[126.35147,35.10505],[126.35125,35.10493],[126.35138,35.10519],[126.35147,35.10505]]],[[[126.02163,35.09924],[126.03217,35.08619],[126.02773,35.07676],[126.01181,35.08801],[126.01311,35.09945],[126.02157,35.09931],[126.02163,35.09924]]],[[[126.20662,35.10638],[126.2065,35.10636],[126.2064,35.10648],[126.20662,35.10638]]],[[[126.20721,35.10684],[126.20737,35.10658],[126.20749,35.10651],[126.20721,35.10684]]],[[[126.12418,35.10804],[126.12443,35.10798],[126.12461,35.10802],[126.12418,35.10804]]],[[[125.98739,35.10545],[125.97875,35.1029],[125.9871,35.10593],[125.98739,35.10545]]],[[[126.06046,35.10785],[126.06031,35.10785],[126.06024,35.10789],[126.06046,35.10785]]],[[[126.12324,35.10859],[126.12187,35.10796],[126.12157,35.1082],[126.12324,35.10859]]],[[[126.12145,35.1094],[126.12138,35.10934],[126.12133,35.1093],[126.12145,35.1094]]],[[[125.9908,35.10867],[125.99053,35.10867],[125.99053,35.10885],[125.9908,35.10867]]],[[[126.2188,35.11463],[126.21867,35.11453],[126.21848,35.11464],[126.2188,35.11463]]],[[[126.05841,35.1133],[126.06552,35.10831],[126.05797,35.11361],[126.05841,35.1133]]],[[[126.15881,35.11553],[126.15852,35.1155],[126.15817,35.1156],[126.15881,35.11553]]],[[[126.04755,35.11549],[126.04943,35.10657],[126.04288,35.11324],[126.04766,35.11511],[126.04755,35.11549]]],[[[126.18743,35.11718],[126.18714,35.11645],[126.18639,35.11651],[126.18743,35.11718]]],[[[126.19353,35.11816],[126.19325,35.11792],[126.19304,35.11797],[126.19353,35.11816]]],[[[126.20556,35.12123],[126.21006,35.11406],[126.20312,35.11107],[126.20554,35.1213],[126.20556,35.12123]]],[[[126.06701,35.11971],[126.06675,35.1195],[126.06645,35.11952],[126.06701,35.11971]]],[[[126.20549,35.12259],[126.20532,35.12245],[126.2051,35.12246],[126.20549,35.12259]]],[[[126.06594,35.1226],[126.06638,35.12253],[126.06679,35.12254],[126.06594,35.1226]]],[[[126.21903,35.128],[126.21926,35.12792],[126.21985,35.12794],[126.21903,35.128]]],[[[126.20163,35.12901],[126.208,35.12254],[126.20161,35.12899],[126.20163,35.12901]]],[[[126.19829,35.12945],[126.19808,35.12935],[126.198,35.12935],[126.19829,35.12945]]],[[[126.10169,35.12903],[126.10106,35.12897],[126.1011,35.12921],[126.10169,35.12903]]],[[[126.15112,35.13014],[126.15121,35.12992],[126.15099,35.12969],[126.15112,35.13014]]],[[[126.07243,35.12893],[126.07235,35.12887],[126.0722,35.12892],[126.07243,35.12893]]],[[[126.19356,35.13116],[126.19289,35.13104],[126.19281,35.13122],[126.19356,35.13116]]],[[[126.17242,35.12982],[126.16631,35.12958],[126.17259,35.13012],[126.17242,35.12982]]],[[[126.19787,35.13174],[126.19779,35.13173],[126.19774,35.13177],[126.19787,35.13174]]],[[[126.0723,35.13048],[126.07222,35.13043],[126.0721,35.13048],[126.0723,35.13048]]],[[[126.10153,35.13009],[126.10124,35.12999],[126.10086,35.1303],[126.10153,35.13009]]],[[[126.07352,35.13125],[126.07326,35.13119],[126.073,35.13119],[126.07352,35.13125]]],[[[126.21965,35.13205],[126.21949,35.13204],[126.21929,35.13228],[126.21965,35.13205]]],[[[125.90263,35.13025],[125.90272,35.13011],[125.90278,35.12988],[125.90263,35.13025]]],[[[126.07257,35.13521],[126.07236,35.13518],[126.07221,35.13522],[126.07257,35.13521]]],[[[126.07375,35.13631],[126.07369,35.13628],[126.07363,35.1363],[126.07375,35.13631]]],[[[125.91486,35.13427],[125.91474,35.13419],[125.91473,35.13432],[125.91486,35.13427]]],[[[126.2543,35.13899],[126.254,35.13892],[126.25399,35.13908],[126.2543,35.13899]]],[[[126.0761,35.13686],[126.07591,35.13675],[126.07578,35.13677],[126.0761,35.13686]]],[[[126.07944,35.13835],[126.07949,35.13826],[126.07952,35.138],[126.07944,35.13835]]],[[[126.16868,35.14096],[126.16863,35.14085],[126.1685,35.14076],[126.16868,35.14096]]],[[[126.15838,35.14241],[126.15837,35.14235],[126.15826,35.14235],[126.15838,35.14241]]],[[[125.88251,35.13762],[125.8905,35.13549],[125.88553,35.13166],[125.88206,35.13821],[125.88251,35.13762]]],[[[126.14365,35.14303],[126.14346,35.14292],[126.14336,35.14296],[126.14365,35.14303]]],[[[125.90911,35.14113],[125.90929,35.14113],[125.90938,35.14115],[125.90911,35.14113]]],[[[126.10747,35.14437],[126.10844,35.14358],[126.10827,35.14342],[126.10747,35.14437]]],[[[125.90757,35.13832],[125.91302,35.13552],[125.90829,35.13119],[125.90302,35.14208],[125.90694,35.13855],[125.90757,35.13832]]],[[[125.90869,35.14191],[125.90847,35.14155],[125.90835,35.14156],[125.90869,35.14191]]],[[[126.1512,35.14633],[126.16191,35.14518],[126.12198,35.13129],[126.11621,35.09643],[126.12279,35.08174],[126.11042,35.08272],[126.12235,35.07746],[126.10866,35.06975],[126.11749,35.06134],[126.10225,35.05681],[126.10754,35.05023],[126.07734,35.05617],[126.07723,35.06975],[126.05944,35.06758],[126.06237,35.05561],[126.05775,35.06424],[126.03774,35.06591],[126.05723,35.07137],[126.04254,35.085],[126.05692,35.09507],[126.04963,35.10271],[126.08458,35.10948],[126.11288,35.13336],[126.11449,35.14292],[126.14243,35.14007],[126.15086,35.14661],[126.1512,35.14633]],[[126.09763,35.09019],[126.11033,35.08273],[126.09746,35.09027],[126.09763,35.09019]]],[[[126.20085,35.1475],[126.20175,35.13549],[126.18197,35.13023],[126.18349,35.14236],[126.20081,35.14752],[126.20085,35.1475]]],[[[126.37299,35.15904],[126.37268,35.15891],[126.37266,35.15894],[126.37299,35.15904]]],[[[126.33678,35.1627],[126.33656,35.16269],[126.33615,35.16296],[126.33678,35.1627]]],[[[126.35856,35.16982],[126.35849,35.16966],[126.35815,35.16975],[126.35856,35.16982]]],[[[126.35682,35.17048],[126.3565,35.17047],[126.35614,35.17064],[126.35682,35.17048]]],[[[126.34009,35.17223],[126.33994,35.17222],[126.33983,35.17236],[126.34009,35.17223]]],[[[126.18507,35.17326],[126.18493,35.17326],[126.18483,35.17331],[126.18507,35.17326]]],[[[126.34112,35.17353],[126.34095,35.17347],[126.34074,35.17348],[126.34112,35.17353]]],[[[126.20886,35.18725],[126.21396,35.18423],[126.20804,35.18682],[126.20886,35.18725]]],[[[126.36257,35.18889],[126.3623,35.18863],[126.36186,35.18885],[126.36257,35.18889]]],[[[126.22121,35.19454],[126.22138,35.19451],[126.22183,35.19462],[126.22121,35.19454]]],[[[126.27788,35.19479],[126.27764,35.19474],[126.27739,35.1948],[126.27788,35.19479]]],[[[126.24377,35.20282],[126.24398,35.20228],[126.24388,35.20223],[126.24377,35.20282]]],[[[126.12813,35.20193],[126.13268,35.19214],[126.12195,35.19049],[126.12815,35.20204],[126.12813,35.20193]]],[[[126.15608,35.2112],[126.14424,35.20003],[126.1324,35.20332],[126.15606,35.21124],[126.15608,35.2112]]],[[[125.91033,35.2096],[125.90523,35.20941],[125.91092,35.21024],[125.91033,35.2096]]],[[[125.90431,35.21152],[125.90398,35.21117],[125.90377,35.21049],[125.90431,35.21152]]],[[[126.30013,35.247],[126.29998,35.24697],[126.2998,35.24698],[126.30013,35.247]]],[[[126.09058,35.24865],[126.09054,35.2486],[126.09033,35.2486],[126.09058,35.24865]]],[[[126.0993,35.25148],[126.09197,35.2436],[126.09923,35.25153],[126.0993,35.25148]]],[[[126.09338,35.25198],[126.09315,35.25195],[126.09309,35.25213],[126.09338,35.25198]]],[[[126.1,35.25253],[126.09995,35.25252],[126.09987,35.25253],[126.1,35.25253]]],[[[126.10034,35.25312],[126.10026,35.25311],[126.10017,35.25311],[126.10034,35.25312]]],[[[126.10162,35.25563],[126.10191,35.2553],[126.10221,35.25505],[126.10162,35.25563]]],[[[126.09052,35.25735],[126.08569,35.2559],[126.0918,35.25787],[126.09052,35.25735]]],[[[126.08268,35.25819],[126.08261,35.25818],[126.08261,35.25823],[126.08268,35.25819]]],[[[126.11554,35.2588],[126.10906,35.25694],[126.11575,35.25921],[126.11554,35.2588]]],[[[126.09157,35.25994],[126.09187,35.25993],[126.09214,35.25995],[126.09157,35.25994]]],[[[126.10166,35.26142],[126.10157,35.26135],[126.10151,35.26138],[126.10166,35.26142]]],[[[126.22211,35.26437],[126.22195,35.26436],[126.22185,35.2644],[126.22211,35.26437]]],[[[126.2118,35.28205],[126.21176,35.28204],[126.21163,35.2821],[126.2118,35.28205]]],[[[126.20779,35.28767],[126.2077,35.28756],[126.2075,35.28765],[126.20779,35.28767]]],[[[126.23259,35.29116],[126.23237,35.29114],[126.23223,35.29114],[126.23259,35.29116]]],[[[126.13518,35.29261],[126.13518,35.29242],[126.13497,35.29243],[126.13518,35.29261]]],[[[126.20636,35.29485],[126.20624,35.29481],[126.20609,35.29482],[126.20636,35.29485]]],[[[126.2033,35.29624],[126.2034,35.29605],[126.20373,35.29623],[126.2033,35.29624]]],[[[126.14689,35.29274],[126.15424,35.2783],[126.14708,35.27071],[126.13157,35.28381],[126.14137,35.29947],[126.14673,35.29283],[126.14689,35.29274]]],[[[126.27124,35.31041],[126.27131,35.31041],[126.27139,35.31041],[126.27124,35.31041]]],[[[126.2631,35.31439],[126.26313,35.31438],[126.26322,35.31439],[126.2631,35.31439]]],[[[126.26777,35.32082],[126.26786,35.32078],[126.26791,35.32074],[126.26777,35.32082]]],[[[126.27258,35.32232],[126.27266,35.32216],[126.27266,35.32203],[126.27258,35.32232]]],[[[126.27878,35.32369],[126.27411,35.32188],[126.27888,35.32376],[126.27878,35.32369]]],[[[125.9956,35.32186],[125.99533,35.32176],[125.99475,35.32192],[125.9956,35.32186]]],[[[126.00224,35.32627],[126.00202,35.32626],[126.00202,35.32644],[126.00224,35.32627]]],[[[126.00973,35.32611],[126.00962,35.3261],[126.00948,35.3261],[126.00973,35.32611]]],[[[126.37711,35.33],[126.37708,35.32992],[126.377,35.32989],[126.37711,35.33]]],[[[126.00774,35.33181],[125.997,35.32524],[125.99825,35.33233],[126.00767,35.33185],[126.00774,35.33181]]],[[[125.99122,35.33719],[125.99701,35.33522],[125.98619,35.33544],[125.99069,35.33779],[125.99122,35.33719]]],[[[126.0449,35.34801],[126.04468,35.348],[126.04468,35.34818],[126.0449,35.34801]]],[[[126.05434,35.35208],[126.05413,35.35208],[126.05411,35.35212],[126.05434,35.35208]]],[[[126.00464,35.35599],[126.00676,35.34812],[125.99798,35.35417],[126.00374,35.35623],[126.00464,35.35599]]],[[[126.00804,35.35998],[126.00795,35.35993],[126.0078,35.35994],[126.00804,35.35998]]],[[[126.06008,35.36246],[126.05979,35.36217],[126.05951,35.36223],[126.06008,35.36246]]],[[[126.02635,35.359],[126.03992,35.34377],[126.01492,35.33299],[126.02076,35.33976],[126.00834,35.3479],[126.02352,35.34789],[126.00794,35.35869],[126.02601,35.35903],[126.02635,35.359]]],[[[126.01991,35.36652],[126.01982,35.36651],[126.01968,35.36654],[126.01991,35.36652]]],[[[126.02728,35.36833],[126.02736,35.36832],[126.0274,35.36828],[126.02728,35.36833]]],[[[126.02646,35.36817],[126.02645,35.36813],[126.02642,35.36815],[126.02646,35.36817]]],[[[126.05909,35.36902],[126.0592,35.36885],[126.05922,35.36871],[126.05909,35.36902]]],[[[126.13067,35.37058],[126.13049,35.37053],[126.13031,35.37054],[126.13067,35.37058]]],[[[126.39816,35.37481],[126.39344,35.37286],[126.39843,35.37578],[126.39816,35.37481]]],[[[126.05405,35.37458],[126.04202,35.37021],[126.05401,35.37458],[126.05405,35.37458]]],[[[126.13146,35.37629],[126.13135,35.37629],[126.13131,35.3763],[126.13146,35.37629]]],[[[126.39913,35.38167],[126.39859,35.38137],[126.39835,35.38198],[126.39913,35.38167]]],[[[126.40047,35.39334],[126.40035,35.39333],[126.40027,35.3934],[126.40047,35.39334]]],[[[127.60501,34.90306],[127.61363,34.89245],[127.5895,34.87475],[127.61099,34.84819],[127.61308,34.85431],[127.62345,34.84446],[127.63854,34.8444],[127.62678,34.84089],[127.63109,34.82777],[127.66164,34.84455],[127.67011,34.83693],[127.69501,34.86469],[127.69835,34.8592],[127.72799,34.86215],[127.72574,34.85594],[127.74298,34.85078],[127.73978,34.86147],[127.77407,34.86066],[127.76826,34.80051],[127.75881,34.80092],[127.75584,34.78524],[127.74461,34.77704],[127.76165,34.75863],[127.76232,34.75362],[127.75355,34.76207],[127.75166,34.75456],[127.76105,34.75112],[127.75279,34.75383],[127.74918,34.74652],[127.75598,34.74138],[127.76657,34.75275],[127.76921,34.74493],[127.75069,34.73597],[127.73295,34.73897],[127.73102,34.72846],[127.70526,34.72003],[127.65742,34.75551],[127.65841,34.74632],[127.63489,34.71889],[127.64247,34.70673],[127.62592,34.71168],[127.62503,34.7184],[127.61345,34.70609],[127.62761,34.69575],[127.62313,34.68719],[127.63911,34.68318],[127.61719,34.68305],[127.63291,34.66989],[127.62985,34.64939],[127.64228,34.6505],[127.6287,34.63826],[127.64577,34.62879],[127.62568,34.62972],[127.61514,34.64341],[127.58922,34.65207],[127.57461,34.64787],[127.58113,34.63076],[127.56471,34.65478],[127.55375,34.65846],[127.55264,34.66939],[127.56367,34.67525],[127.55047,34.6822],[127.559,34.70051],[127.58247,34.69197],[127.57889,34.70328],[127.56592,34.70063],[127.56302,34.70901],[127.5533,34.7009],[127.55668,34.71382],[127.54898,34.71317],[127.56393,34.7239],[127.56134,34.73179],[127.57688,34.73173],[127.58272,34.74537],[127.59414,34.74841],[127.58422,34.75053],[127.59058,34.75342],[127.58525,34.76737],[127.57242,34.76021],[127.57206,34.77456],[127.55895,34.77747],[127.57302,34.78221],[127.55788,34.79613],[127.55779,34.80696],[127.52286,34.80997],[127.54352,34.84202],[127.52185,34.84397],[127.51591,34.86604],[127.5208,34.8818],[127.51438,34.88349],[127.52754,34.89],[127.51309,34.88677],[127.51457,34.87852],[127.50394,34.87455],[127.48155,34.88308],[127.49493,34.86091],[127.49341,34.84629],[127.48401,34.83982],[127.46692,34.84487],[127.45043,34.83954],[127.45009,34.83318],[127.43995,34.83641],[127.44049,34.85526],[127.43332,34.83444],[127.41162,34.83851],[127.41659,34.83029],[127.40104,34.82483],[127.34815,34.84395],[127.3451,34.83984],[127.38294,34.82668],[127.39191,34.81452],[127.42777,34.81377],[127.38773,34.7881],[127.39322,34.78367],[127.38523,34.77467],[127.4024,34.76726],[127.37305,34.74084],[127.39099,34.71056],[127.42344,34.69195],[127.43282,34.67955],[127.42807,34.67398],[127.44803,34.67257],[127.44193,34.66288],[127.47008,34.66477],[127.47374,34.65423],[127.4898,34.64928],[127.4903,34.64243],[127.4584,34.64716],[127.45994,34.64089],[127.49669,34.63141],[127.49471,34.61596],[127.50787,34.59359],[127.48746,34.58223],[127.48698,34.57403],[127.46108,34.58129],[127.46664,34.58329],[127.45757,34.59748],[127.45714,34.58457],[127.44583,34.57683],[127.43373,34.58851],[127.41985,34.58285],[127.41209,34.59059],[127.39533,34.58687],[127.39923,34.5758],[127.40927,34.57907],[127.40415,34.56887],[127.41783,34.57409],[127.42932,34.56542],[127.40623,34.56071],[127.40405,34.56882],[127.39622,34.55931],[127.43768,34.55037],[127.42629,34.54096],[127.43528,34.53543],[127.42205,34.5302],[127.43127,34.52023],[127.4217,34.51829],[127.43086,34.51308],[127.41348,34.52162],[127.40251,34.51513],[127.40381,34.50507],[127.38833,34.51034],[127.37789,34.50443],[127.39138,34.4883],[127.38704,34.48332],[127.37846,34.48822],[127.3708,34.4801],[127.35812,34.49234],[127.34785,34.47753],[127.34003,34.48958],[127.34382,34.48105],[127.32503,34.47665],[127.33669,34.46965],[127.33377,34.4638],[127.32378,34.47051],[127.31587,34.46404],[127.33894,34.45713],[127.33874,34.4456],[127.31345,34.44428],[127.30458,34.45366],[127.31604,34.45525],[127.31035,34.46212],[127.30187,34.45808],[127.30113,34.47101],[127.26808,34.48187],[127.27378,34.49218],[127.28318,34.49113],[127.28326,34.50199],[127.27447,34.50072],[127.2555,34.52102],[127.23094,34.51845],[127.23411,34.52435],[127.2211,34.5349],[127.20868,34.52575],[127.21203,34.51691],[127.1952,34.53251],[127.17842,34.53121],[127.17063,34.51886],[127.16669,34.52619],[127.14716,34.52051],[127.1232,34.52725],[127.12232,34.54046],[127.11241,34.54658],[127.11863,34.56496],[127.14578,34.58514],[127.14902,34.60017],[127.16263,34.58988],[127.17156,34.5946],[127.17291,34.62688],[127.19608,34.65136],[127.22795,34.65451],[127.23264,34.68086],[127.2438,34.68379],[127.23684,34.69296],[127.25371,34.70427],[127.25155,34.71161],[127.28092,34.71798],[127.2794,34.69955],[127.28627,34.69651],[127.27709,34.67749],[127.28578,34.66918],[127.28277,34.65747],[127.28814,34.66715],[127.31441,34.66418],[127.33225,34.70684],[127.34459,34.70965],[127.34335,34.71608],[127.33283,34.71518],[127.32703,34.75196],[127.30355,34.74979],[127.29248,34.73097],[127.27182,34.742],[127.26416,34.73073],[127.24682,34.76106],[127.22964,34.75798],[127.2407,34.76009],[127.23796,34.76483],[127.20928,34.73789],[127.21277,34.72822],[127.18646,34.69445],[127.14296,34.69213],[127.12878,34.70709],[127.0962,34.66846],[127.06564,34.665],[127.06355,34.65199],[127.0452,34.63365],[127.03824,34.63684],[127.0127,34.62414],[126.95365,34.63193],[126.96506,34.61941],[126.99413,34.62328],[126.99363,34.61458],[127.00892,34.60871],[126.99726,34.60432],[126.99313,34.5842],[126.97891,34.57403],[126.99806,34.56567],[127.00668,34.56975],[127.00436,34.55639],[126.98883,34.5618],[126.98857,34.54077],[126.97191,34.54296],[126.95772,34.53086],[126.97371,34.52358],[126.97891,34.51161],[126.96804,34.51008],[126.96301,34.49539],[126.9766,34.48828],[126.97845,34.47121],[126.96788,34.47844],[126.96332,34.46787],[126.95608,34.46835],[126.94155,34.48237],[126.93748,34.47555],[126.94829,34.45669],[126.93818,34.44742],[126.87059,34.45584],[126.88672,34.43435],[126.88356,34.42198],[126.87562,34.43523],[126.86558,34.43436],[126.84419,34.45167],[126.81854,34.44692],[126.81149,34.45495],[126.80637,34.45095],[126.80814,34.46827],[126.78518,34.46859],[126.79753,34.48008],[126.78658,34.51272],[126.79102,34.54093],[126.80242,34.55504],[126.79181,34.5481],[126.78834,34.55825],[126.79591,34.56723],[126.78633,34.57751],[126.79149,34.58383],[126.7779,34.59495],[126.78269,34.63575],[126.76941,34.61712],[126.76406,34.53331],[126.77338,34.52788],[126.75824,34.52619],[126.76585,34.49991],[126.75873,34.48997],[126.73854,34.4863],[126.75448,34.47198],[126.74788,34.47239],[126.72515,34.44166],[126.69887,34.44074],[126.67325,34.42752],[126.67704,34.41638],[126.66424,34.42706],[126.65058,34.42327],[126.64574,34.40872],[126.6349,34.41226],[126.62817,34.40221],[126.62417,34.40826],[126.61617,34.40259],[126.62163,34.3965],[126.61079,34.38606],[126.62071,34.37855],[126.61493,34.36459],[126.61994,34.35908],[126.60065,34.34873],[126.60947,34.34494],[126.59833,34.33543],[126.60524,34.31511],[126.55793,34.32177],[126.54458,34.30328],[126.5289,34.30161],[126.52414,34.29232],[126.5167,34.29609],[126.5199,34.31255],[126.51304,34.31912],[126.52671,34.33133],[126.52,34.36112],[126.50277,34.36511],[126.47366,34.348],[126.46605,34.35768],[126.46801,34.36327],[126.47581,34.35527],[126.48145,34.35857],[126.47627,34.36464],[126.48716,34.3623],[126.47581,34.37279],[126.48096,34.38331],[126.47187,34.38467],[126.49745,34.38551],[126.4872,34.40829],[126.505,34.40533],[126.51685,34.41431],[126.50698,34.44076],[126.49633,34.43126],[126.48351,34.43394],[126.48335,34.42451],[126.45427,34.44886],[126.47763,34.45011],[126.46732,34.45654],[126.47224,34.46857],[126.46269,34.46793],[126.45578,34.47734],[126.46643,34.48543],[126.45662,34.50178],[126.47153,34.50694],[126.45689,34.5238],[126.44204,34.52201],[126.46058,34.53212],[126.44326,34.53949],[126.43439,34.53427],[126.43621,34.55008],[126.41509,34.55828],[126.41803,34.54712],[126.39912,34.54702],[126.40387,34.54011],[126.38752,34.53245],[126.37856,34.53907],[126.38947,34.55081],[126.38363,34.56174],[126.36261,34.55866],[126.3547,34.56994],[126.33399,34.57343],[126.31394,34.56694],[126.30391,34.5774],[126.31283,34.58782],[126.29936,34.59023],[126.29536,34.60076],[126.29182,34.59201],[126.2796,34.59645],[126.28798,34.60512],[126.28062,34.62176],[126.28987,34.62087],[126.29363,34.63147],[126.28841,34.63605],[126.27755,34.62983],[126.26085,34.64068],[126.26861,34.64768],[126.25534,34.66423],[126.26022,34.70459],[126.27097,34.70283],[126.28093,34.718],[126.27456,34.72746],[126.28887,34.75976],[126.30268,34.75959],[126.31171,34.74582],[126.31993,34.749],[126.31864,34.74118],[126.3294,34.73899],[126.3306,34.72062],[126.34754,34.71046],[126.34698,34.69998],[126.35589,34.69299],[126.3688,34.69829],[126.3871,34.72308],[126.38906,34.73143],[126.36058,34.74201],[126.36568,34.75121],[126.38051,34.75265],[126.37353,34.75478],[126.3812,34.76856],[126.44972,34.78239],[126.44099,34.79939],[126.38772,34.78091],[126.3917,34.78829],[126.38193,34.77947],[126.34966,34.79647],[126.36541,34.80395],[126.35976,34.8054],[126.38826,34.83678],[126.41254,34.84256],[126.39517,34.86944],[126.40167,34.88062],[126.38697,34.87799],[126.39167,34.89966],[126.40013,34.89959],[126.40508,34.91133],[126.38724,34.92724],[126.39897,34.93497],[126.38789,34.94721],[126.39466,34.9621],[126.37948,34.97163],[126.37409,34.99881],[126.36554,34.98579],[126.37029,34.97358],[126.35919,34.96841],[126.37556,34.95749],[126.36523,34.94256],[126.3741,34.94277],[126.36625,34.93266],[126.36827,34.91976],[126.35299,34.92236],[126.3435,34.91405],[126.32918,34.91601],[126.32638,34.93069],[126.30625,34.92798],[126.30461,34.93455],[126.32138,34.94354],[126.29494,34.96528],[126.313,34.98815],[126.30889,34.97598],[126.31875,34.98108],[126.32741,34.96678],[126.34535,34.97336],[126.35874,34.99289],[126.33365,34.99447],[126.39023,35.02427],[126.3894,35.03626],[126.38075,35.04959],[126.35263,35.039],[126.34937,35.05676],[126.33134,35.06179],[126.34414,35.07206],[126.3336,35.08765],[126.32149,35.08935],[126.31118,35.07581],[126.31642,35.07057],[126.30033,35.06204],[126.31385,35.05729],[126.30482,35.04548],[126.29649,35.04171],[126.30199,35.04695],[126.29098,35.04934],[126.29598,35.05475],[126.28546,35.06211],[126.25997,35.05334],[126.27451,35.03449],[126.249,35.01185],[126.24419,35.02722],[126.2392,35.01837],[126.22795,35.0198],[126.23274,35.05321],[126.20477,35.05725],[126.2056,35.03964],[126.19416,35.0561],[126.20381,35.05653],[126.20241,35.06171],[126.18225,35.05786],[126.18096,35.06742],[126.17282,35.06357],[126.16727,35.0726],[126.16157,35.06697],[126.1685,35.08097],[126.1564,35.09073],[126.15901,35.09887],[126.19037,35.11261],[126.25974,35.09317],[126.26016,35.10434],[126.24206,35.11173],[126.25213,35.13333],[126.26103,35.132],[126.25876,35.14249],[126.27397,35.15043],[126.27895,35.13566],[126.29159,35.14132],[126.30804,35.13724],[126.3079,35.12744],[126.32104,35.12738],[126.33096,35.1414],[126.32613,35.1494],[126.34625,35.15971],[126.34633,35.13788],[126.32961,35.10923],[126.3319,35.09328],[126.35287,35.09967],[126.35183,35.08791],[126.34204,35.08139],[126.34543,35.07539],[126.36683,35.07812],[126.37042,35.06142],[126.38098,35.08198],[126.39126,35.08567],[126.38487,35.06571],[126.39732,35.07588],[126.40704,35.06075],[126.39002,35.04257],[126.4009,35.0429],[126.40383,35.02645],[126.42754,35.02739],[126.41905,35.04263],[126.45756,35.07399],[126.43611,35.08606],[126.45781,35.0899],[126.46522,35.09998],[126.42175,35.10666],[126.40265,35.13773],[126.38681,35.14295],[126.38342,35.15885],[126.35963,35.16829],[126.35349,35.18412],[126.37079,35.18498],[126.36789,35.19781],[126.37661,35.21221],[126.33741,35.19253],[126.34239,35.21397],[126.33562,35.21566],[126.3354,35.20467],[126.3215,35.20392],[126.31479,35.22097],[126.31441,35.2095],[126.30385,35.2093],[126.29921,35.22124],[126.31141,35.25342],[126.32399,35.23599],[126.33654,35.24553],[126.33316,35.25295],[126.34773,35.24767],[126.3389,35.25438],[126.34334,35.25908],[126.33125,35.24677],[126.32486,35.25026],[126.3279,35.26455],[126.34889,35.27128],[126.32966,35.26976],[126.33461,35.28348],[126.37124,35.2842],[126.37476,35.30066],[126.38094,35.29689],[126.37409,35.30161],[126.37897,35.32866],[126.39695,35.36823],[126.44392,35.35541],[126.44671,35.34454],[126.4325,35.34642],[126.43198,35.33806],[126.45038,35.34574],[126.44663,35.35744],[126.43134,35.35989],[126.42964,35.36793],[126.41096,35.37643],[126.42126,35.38161],[126.40848,35.3816],[126.40378,35.38907],[126.40948,35.39886],[126.40407,35.40319],[126.41111,35.40536],[126.40311,35.40451],[126.41108,35.41309],[126.40705,35.41712],[126.42408,35.42958],[126.47966,35.4265],[126.49284,35.40751],[126.48972,35.39347],[126.47738,35.38618],[126.49741,35.3732],[126.49355,35.35038],[126.51276,35.36203],[126.52053,35.34835],[126.5138,35.32702],[126.52438,35.31349],[126.53232,35.30674],[126.56834,35.31125],[126.58491,35.30079],[126.59068,35.31082],[126.58091,35.3173],[126.58496,35.33018],[126.60417,35.33566],[126.62642,35.32135],[126.6448,35.31978],[126.64287,35.33117],[126.65298,35.32789],[126.66645,35.35149],[126.68573,35.34424],[126.69937,35.34959],[126.70462,35.36513],[126.7225,35.36686],[126.73219,35.38319],[126.72247,35.39993],[126.7542,35.4165],[126.75173,35.4359],[126.73772,35.44949],[126.7649,35.46706],[126.81397,35.4688],[126.81388,35.48419],[126.82786,35.48628],[126.84374,35.47858],[126.84068,35.46109],[126.86954,35.46164],[126.89677,35.44799],[126.90511,35.44082],[126.89745,35.43475],[126.90307,35.42063],[126.92078,35.41086],[126.91743,35.40214],[126.93324,35.40609],[126.93293,35.39524],[126.94129,35.39413],[126.9761,35.40005],[126.97138,35.42767],[126.98163,35.42665],[126.99455,35.4398],[127.00002,35.46287],[127.01429,35.45782],[127.03472,35.46657],[127.03735,35.43386],[127.05232,35.42652],[127.04693,35.40219],[127.02746,35.39468],[127.04373,35.37826],[127.05703,35.38379],[127.07063,35.36521],[127.06517,35.35655],[127.07025,35.33964],[127.05233,35.34026],[127.04309,35.32189],[127.10524,35.29923],[127.14547,35.30898],[127.16087,35.32774],[127.18616,35.33695],[127.18476,35.32611],[127.2036,35.31567],[127.2123,35.31684],[127.22205,35.33489],[127.25717,35.31246],[127.28671,35.31402],[127.30989,35.30452],[127.35426,35.32236],[127.38457,35.30246],[127.43692,35.36271],[127.47077,35.36534],[127.50202,35.35836],[127.56783,35.31852],[127.5957,35.26813],[127.61016,35.26205],[127.61525,35.25039],[127.61814,35.1909],[127.64837,35.16039],[127.68868,35.13517],[127.69726,35.10178],[127.74326,35.06096],[127.76532,35.05363],[127.78644,35.01687],[127.78034,34.98973],[127.75939,34.96678],[127.73726,34.95533],[127.72766,34.97631],[127.73115,34.95497],[127.70106,34.932],[127.69585,34.91896],[127.67179,34.9326],[127.6627,34.91256],[127.67098,34.90311],[127.63931,34.8838],[127.62806,34.90362],[127.65714,34.91013],[127.62087,34.90337],[127.60478,34.92808],[127.60673,34.94947],[127.59965,34.95824],[127.59913,34.92707],[127.57978,34.92176],[127.58306,34.90767],[127.57283,34.90131],[127.58347,34.90675],[127.58,34.91873],[127.5943,34.91697],[127.60534,34.90328],[127.60501,34.90306]],[[126.3969,34.73478],[126.38651,34.72063],[126.38862,34.72572],[126.46286,34.70945],[126.46999,34.71731],[126.42244,34.72589],[126.42791,34.73267],[126.42133,34.73865],[126.42381,34.72805],[126.39517,34.73366],[126.40462,34.73469],[126.39588,34.74037],[126.39696,34.73495],[126.3969,34.73478]],[[127.56993,34.89061],[127.58748,34.88761],[127.57712,34.89109],[127.57408,34.90146],[127.57656,34.89378],[127.56987,34.89065],[127.56993,34.89061]],[[126.80856,35.05225],[126.84414,35.06544],[126.85561,35.07836],[126.89198,35.07795],[126.91802,35.09152],[126.9323,35.07439],[126.9539,35.0741],[126.96281,35.0872],[126.98895,35.09499],[126.98846,35.11009],[127.01061,35.12431],[127.00774,35.15593],[127.02142,35.17304],[126.99997,35.18882],[126.96815,35.18114],[126.95862,35.19309],[126.96554,35.20336],[126.9489,35.21908],[126.95364,35.22563],[126.93228,35.24065],[126.92936,35.25245],[126.91466,35.2582],[126.88962,35.24666],[126.87421,35.25006],[126.80539,35.21827],[126.75526,35.23436],[126.76118,35.25855],[126.73724,35.25292],[126.71774,35.21242],[126.70256,35.20756],[126.68705,35.21519],[126.67715,35.19103],[126.6532,35.19252],[126.67212,35.17271],[126.65422,35.16455],[126.64471,35.14668],[126.65332,35.14396],[126.65166,35.12041],[126.6693,35.11202],[126.66942,35.1046],[126.6849,35.11202],[126.72839,35.10741],[126.73266,35.11286],[126.76187,35.09103],[126.77054,35.07268],[126.75414,35.06685],[126.75674,35.05824],[126.76511,35.06436],[126.7749,35.05267],[126.79523,35.06112],[126.80846,35.05216],[126.80856,35.05225]]],[[[126.42283,34.7348],[126.42349,34.73545],[126.42344,34.7355],[126.42283,34.7348]]],[[[126.09999,35.08997],[126.09985,35.0898],[126.09974,35.08983],[126.09999,35.08997]]]]}},{"type":"Feature","properties":{"region":"충북","name":"충북"},"geometry":{"type":"MultiPolygon","coordinates":[[[[127.98141,37.25688],[128.01826,37.24571],[128.02302,37.22563],[128.03875,37.21604],[128.0283,37.20232],[128.03865,37.18912],[128.1087,37.20567],[128.12532,37.23454],[128.16448,37.21346],[128.17307,37.21906],[128.1741,37.23261],[128.20118,37.24897],[128.21465,37.24607],[128.22924,37.22757],[128.25093,37.22958],[128.2684,37.20792],[128.31659,37.22339],[128.3334,37.21579],[128.32729,37.19827],[128.29562,37.18329],[128.29807,37.17166],[128.2763,37.17268],[128.26444,37.16042],[128.29623,37.13411],[128.33709,37.15785],[128.35972,37.15022],[128.36442,37.15763],[128.37708,37.15167],[128.38435,37.15812],[128.40087,37.14688],[128.396,37.12859],[128.41847,37.11981],[128.4247,37.10246],[128.43614,37.11199],[128.4448,37.10627],[128.45084,37.11236],[128.47781,37.11015],[128.49655,37.12579],[128.51447,37.10135],[128.53117,37.10001],[128.53683,37.09014],[128.5617,37.09024],[128.59185,37.07816],[128.60162,37.08306],[128.6064,37.07667],[128.62264,37.0874],[128.62821,37.07516],[128.65187,37.06349],[128.63292,37.0405],[128.60844,37.05281],[128.60679,37.0434],[128.58353,37.04373],[128.56929,37.03488],[128.57127,37.01593],[128.55473,36.99829],[128.51547,36.98682],[128.50673,36.97008],[128.46717,36.95145],[128.4604,36.93401],[128.44159,36.92735],[128.44475,36.91369],[128.42397,36.87653],[128.448,36.86439],[128.44903,36.84784],[128.42114,36.81181],[128.38126,36.81388],[128.36408,36.80222],[128.35318,36.81245],[128.31645,36.81666],[128.28243,36.8564],[128.24184,36.87233],[128.23466,36.86283],[128.23702,36.84535],[128.21125,36.8469],[128.21537,36.812],[128.15313,36.82244],[128.14106,36.83348],[128.10988,36.82147],[128.10708,36.80731],[128.09296,36.80286],[128.0935,36.79678],[128.05964,36.81677],[128.03232,36.74758],[128.06799,36.72223],[128.07038,36.7077],[128.04903,36.70801],[128.01484,36.73019],[128.00194,36.71726],[127.98685,36.71755],[127.95846,36.73684],[127.94953,36.70805],[127.93357,36.70649],[127.92892,36.69084],[127.89419,36.69491],[127.87429,36.68196],[127.90037,36.6822],[127.91771,36.66785],[127.92957,36.66877],[127.93921,36.64706],[127.93238,36.61874],[127.92409,36.61545],[127.9262,36.60297],[127.91996,36.60112],[127.90859,36.62593],[127.8891,36.62885],[127.87966,36.65677],[127.86129,36.63556],[127.84675,36.63399],[127.8583,36.61353],[127.8407,36.60829],[127.821,36.61331],[127.79847,36.60208],[127.8049,36.58139],[127.82447,36.57091],[127.86042,36.56795],[127.87596,36.53672],[127.90246,36.52807],[127.90634,36.50694],[127.87609,36.48837],[127.88196,36.46184],[127.87139,36.44157],[127.87299,36.42428],[127.88271,36.42217],[127.8629,36.39297],[127.87572,36.39059],[127.89127,36.35969],[127.88261,36.34592],[127.85282,36.33196],[127.84148,36.31],[127.85099,36.27446],[127.88264,36.27375],[127.90429,36.30145],[127.90811,36.28551],[127.93091,36.27801],[127.96017,36.25237],[127.97056,36.2504],[127.98115,36.26371],[128.00907,36.27201],[128.02622,36.2679],[128.04735,36.25655],[128.0299,36.24001],[128.05815,36.20125],[128.03863,36.19416],[128.00975,36.20936],[127.97802,36.19811],[127.9826,36.17056],[127.9972,36.15547],[127.98748,36.14738],[127.98778,36.12882],[127.9668,36.11806],[127.96087,36.07034],[127.94719,36.05718],[127.93018,36.04944],[127.91634,36.05447],[127.90269,36.0391],[127.88484,36.03589],[127.87677,36.02251],[127.84857,36.03973],[127.79944,36.02607],[127.78762,36.0145],[127.76427,36.01243],[127.76161,36.02518],[127.70193,36.03527],[127.68902,36.06267],[127.66917,36.05115],[127.67274,36.04163],[127.66023,36.03854],[127.65444,36.05662],[127.61727,36.09358],[127.6191,36.10889],[127.58948,36.1343],[127.60166,36.16002],[127.59306,36.17738],[127.59966,36.20509],[127.58358,36.2313],[127.54533,36.22551],[127.54986,36.23842],[127.53792,36.24278],[127.53624,36.25123],[127.49258,36.23795],[127.48605,36.26125],[127.49899,36.28308],[127.49118,36.29702],[127.49898,36.30567],[127.4941,36.3121],[127.50296,36.32562],[127.50056,36.33929],[127.5224,36.35432],[127.52493,36.38751],[127.55878,36.39986],[127.54228,36.41928],[127.52432,36.42343],[127.50155,36.40865],[127.48972,36.43413],[127.50446,36.4519],[127.47828,36.45728],[127.48403,36.47662],[127.47029,36.47366],[127.45133,36.44925],[127.43677,36.4564],[127.40023,36.45528],[127.40417,36.48098],[127.39612,36.49172],[127.4108,36.49775],[127.39764,36.52058],[127.4086,36.52369],[127.40501,36.53731],[127.38388,36.54153],[127.37255,36.55972],[127.37755,36.56783],[127.33809,36.56234],[127.32144,36.58378],[127.29956,36.58633],[127.3066,36.60094],[127.29216,36.63564],[127.2794,36.63352],[127.27565,36.6398],[127.28916,36.65932],[127.30101,36.66205],[127.30763,36.68202],[127.28567,36.69199],[127.3084,36.70481],[127.30944,36.72458],[127.3283,36.73456],[127.34247,36.73282],[127.33551,36.75264],[127.36959,36.76158],[127.38637,36.75929],[127.4042,36.74485],[127.42042,36.76084],[127.3955,36.78248],[127.40118,36.79875],[127.35445,36.82947],[127.33454,36.83067],[127.33654,36.85462],[127.3073,36.8597],[127.31121,36.88034],[127.28783,36.89378],[127.30336,36.91639],[127.29563,36.93129],[127.32681,36.93594],[127.34963,36.95279],[127.37566,36.94866],[127.38727,36.96446],[127.40153,36.96768],[127.38497,36.98364],[127.3927,36.99701],[127.44709,37.01083],[127.45837,37.02047],[127.45686,37.04221],[127.46821,37.05349],[127.50454,37.048],[127.51826,37.0584],[127.55683,37.04125],[127.56954,37.04817],[127.56496,37.06059],[127.57798,37.07534],[127.60518,37.06887],[127.5951,37.08799],[127.61194,37.08725],[127.63453,37.09983],[127.63777,37.14119],[127.62831,37.15529],[127.67021,37.13611],[127.68859,37.13554],[127.70675,37.17069],[127.7169,37.18343],[127.72641,37.18254],[127.74413,37.21486],[127.75553,37.17144],[127.78952,37.14341],[127.84739,37.15294],[127.85323,37.16028],[127.8613,37.15535],[127.87205,37.16434],[127.89889,37.1498],[127.90863,37.16712],[127.92384,37.16363],[127.93363,37.1758],[127.93247,37.20699],[127.92191,37.22584],[127.93888,37.24074],[127.98088,37.25733],[127.98141,37.25688]]]]}},{"type":"Feature","properties":{"region":"세종","name":"세종"},"geometry":{"type":"MultiPolygon","coordinates":[[[[127.16609,36.7335],[127.20312,36.72615],[127.24805,36.69505],[127.30442,36.68504],[127.30509,36.66757],[127.27565,36.6398],[127.2794,36.63352],[127.29216,36.63564],[127.3066,36.60094],[127.29956,36.58633],[127.32144,36.58378],[127.33809,36.56234],[127.37755,36.56783],[127.37255,36.55972],[127.38388,36.54153],[127.40501,36.53731],[127.4086,36.52369],[127.39764,36.52058],[127.41056,36.49628],[127.39612,36.49172],[127.38385,36.50023],[127.36847,36.4883],[127.36098,36.49088],[127.35862,36.4559],[127.32915,36.42332],[127.26282,36.41673],[127.2508,36.40676],[127.24452,36.41834],[127.19893,36.43988],[127.20473,36.45929],[127.19202,36.47467],[127.19507,36.48895],[127.17683,36.49248],[127.17856,36.50258],[127.16999,36.50904],[127.18235,36.52144],[127.17424,36.54219],[127.19183,36.54603],[127.18611,36.55232],[127.20775,36.57796],[127.19296,36.58082],[127.19135,36.59394],[127.15588,36.60601],[127.15005,36.61901],[127.1605,36.62445],[127.15314,36.64521],[127.16057,36.65612],[127.15436,36.66442],[127.16412,36.6785],[127.16144,36.69022],[127.15711,36.69566],[127.14175,36.68998],[127.12773,36.70852],[127.16556,36.73355],[127.16609,36.7335]]]]}},{"type":"Feature","properties":{"region":"대전","name":"대전"},"geometry":{"type":"MultiPolygon","coordinates":[[[[127.39892,36.4891],[127.40083,36.45489],[127.43677,36.4564],[127.45133,36.44925],[127.47029,36.47366],[127.48403,36.47662],[127.47828,36.45728],[127.50446,36.4519],[127.48972,36.43413],[127.50155,36.40865],[127.52432,36.42343],[127.54228,36.41928],[127.55968,36.39822],[127.53922,36.3979],[127.52493,36.38751],[127.5224,36.35432],[127.50056,36.33929],[127.50296,36.32562],[127.4941,36.3121],[127.49898,36.30567],[127.49118,36.29702],[127.49899,36.28308],[127.48605,36.26125],[127.48997,36.23348],[127.46792,36.22304],[127.46963,36.21524],[127.4411,36.19479],[127.408,36.21289],[127.40071,36.23316],[127.38734,36.23415],[127.38967,36.2631],[127.37763,36.27149],[127.36367,36.26979],[127.36453,36.21981],[127.33403,36.1831],[127.33355,36.20067],[127.32304,36.20373],[127.31446,36.22241],[127.30357,36.22974],[127.29732,36.22152],[127.28184,36.2358],[127.27915,36.25311],[127.29175,36.26469],[127.25877,36.27605],[127.24665,36.29096],[127.25985,36.29565],[127.25975,36.32725],[127.27913,36.34483],[127.27057,36.36086],[127.28104,36.37487],[127.28212,36.4146],[127.34101,36.43097],[127.35862,36.4559],[127.36098,36.49088],[127.36847,36.4883],[127.38386,36.50023],[127.39834,36.48963],[127.39892,36.4891]]]]}},{"type":"Feature","properties":{"region":"부산","name":"부산"},"geometry":{"type":"MultiPolygon","coordinates":[[[[128.95175,34.88481],[128.95194,34.88501],[128.95198,34.885],[128.95175,34.88481]]],[[[128.95125,34.88525],[128.95128,34.88531],[128.95131,34.88535],[128.95125,34.88525]]],[[[128.95178,34.88534],[128.95176,34.88535],[128.95173,34.88542],[128.95178,34.88534]]],[[[128.97327,34.93323],[128.97359,34.93332],[128.97359,34.93339],[128.97327,34.93323]]],[[[128.9899,34.9787],[128.99003,34.97879],[128.99005,34.97883],[128.9899,34.9787]]],[[[128.99728,34.97995],[128.99733,34.97997],[128.9974,34.98003],[128.99728,34.97995]]],[[[128.99691,34.9799],[128.99693,34.97995],[128.99705,34.98004],[128.99691,34.9799]]],[[[128.99584,34.98025],[128.99594,34.9803],[128.99596,34.98028],[128.99584,34.98025]]],[[[128.99693,34.98017],[128.99705,34.98028],[128.99712,34.98031],[128.99693,34.98017]]],[[[128.99646,34.98023],[128.99649,34.9803],[128.99654,34.98038],[128.99646,34.98023]]],[[[128.99647,34.98077],[128.99647,34.9808],[128.99652,34.98085],[128.99647,34.98077]]],[[[128.99689,34.9807],[128.99689,34.98073],[128.99697,34.9808],[128.99689,34.9807]]],[[[128.9958,34.98075],[128.99573,34.98076],[128.99568,34.98079],[128.9958,34.98075]]],[[[128.99592,34.98084],[128.99589,34.98087],[128.99589,34.98093],[128.99592,34.98084]]],[[[128.99646,34.98124],[128.99648,34.9813],[128.99652,34.98134],[128.99646,34.98124]]],[[[128.98829,34.97877],[128.9939,34.98176],[128.98855,34.97901],[128.98829,34.97877]]],[[[128.98952,34.98125],[128.98959,34.98137],[128.98957,34.98142],[128.98952,34.98125]]],[[[128.99258,34.98199],[128.99266,34.98206],[128.99275,34.98205],[128.99258,34.98199]]],[[[128.77648,35.01114],[128.77625,35.01107],[128.77613,35.01107],[128.77648,35.01114]]],[[[128.77507,35.01322],[128.7753,35.01222],[128.77524,35.01215],[128.77507,35.01322]]],[[[128.76884,35.01557],[128.769,35.01516],[128.76931,35.01523],[128.76884,35.01557]]],[[[128.7628,35.01637],[128.76212,35.01637],[128.76175,35.01666],[128.7628,35.01637]]],[[[128.9707,35.02675],[128.97052,35.02666],[128.97039,35.0267],[128.9707,35.02675]]],[[[128.97682,35.02909],[128.97675,35.02897],[128.97672,35.02909],[128.97682,35.02909]]],[[[128.97356,35.02757],[128.9729,35.02713],[128.97188,35.02792],[128.97356,35.02757]]],[[[128.97776,35.03056],[128.97776,35.03058],[128.97782,35.03064],[128.97776,35.03056]]],[[[128.97462,35.03516],[128.97466,35.03522],[128.97465,35.03534],[128.97462,35.03516]]],[[[128.98282,35.03731],[128.98286,35.03732],[128.98297,35.03728],[128.98282,35.03731]]],[[[128.98247,35.03654],[128.98234,35.03649],[128.98218,35.03659],[128.98247,35.03654]]],[[[128.98331,35.03732],[128.98342,35.03736],[128.98346,35.03731],[128.98331,35.03732]]],[[[128.98295,35.03763],[128.98295,35.03764],[128.98296,35.03768],[128.98295,35.03763]]],[[[128.98291,35.03764],[128.98288,35.03765],[128.98286,35.03773],[128.98291,35.03764]]],[[[128.98319,35.03763],[128.98317,35.03767],[128.98322,35.0377],[128.98319,35.03763]]],[[[129.0932,35.03771],[129.09324,35.03762],[129.09329,35.03762],[129.0932,35.03771]]],[[[128.99927,35.04302],[128.99931,35.04298],[128.99933,35.04299],[128.99927,35.04302]]],[[[128.9992,35.0433],[128.99912,35.04327],[128.99906,35.0433],[128.9992,35.0433]]],[[[128.98275,35.04383],[128.98283,35.04391],[128.98588,35.04192],[128.98275,35.04383]]],[[[128.99197,35.04383],[128.99198,35.04379],[128.99202,35.0438],[128.99197,35.04383]]],[[[128.98197,35.04489],[128.98186,35.04446],[128.98169,35.04448],[128.98197,35.04489]]],[[[128.97578,35.04564],[128.97575,35.04559],[128.97568,35.04564],[128.97578,35.04564]]],[[[128.98221,35.04681],[128.98231,35.04682],[128.98234,35.04681],[128.98221,35.04681]]],[[[129.01542,35.04808],[129.01515,35.04798],[129.01497,35.04801],[129.01542,35.04808]]],[[[128.92705,35.05501],[128.95679,35.04893],[128.92788,35.05295],[128.92705,35.05501]]],[[[128.94405,35.05925],[128.93608,35.05542],[128.94774,35.05447],[128.93537,35.05416],[128.94355,35.05921],[128.94405,35.05925]]],[[[128.91792,35.05698],[128.90593,35.06156],[128.91809,35.05745],[128.91792,35.05698]]],[[[129.02241,35.06199],[129.02244,35.06208],[129.0225,35.06211],[129.02241,35.06199]]],[[[128.7935,35.06208],[128.79293,35.06203],[128.79233,35.0624],[128.7935,35.06208]]],[[[128.80276,35.06404],[128.8018,35.06328],[128.80123,35.06339],[128.80276,35.06404]]],[[[128.89129,35.06115],[128.92214,35.05322],[128.8899,35.062],[128.89129,35.06115]]],[[[128.7914,35.06726],[128.79068,35.06708],[128.79037,35.06745],[128.7914,35.06726]]],[[[128.86193,35.06981],[128.88567,35.06568],[128.8619,35.07014],[128.86193,35.06981]]],[[[128.83812,35.07479],[128.85779,35.06457],[128.84683,35.06108],[128.8364,35.06688],[128.83802,35.07482],[128.83812,35.07479]]],[[[128.94419,35.07062],[128.94395,35.07577],[128.94448,35.07073],[128.94419,35.07062]]],[[[129.02236,35.07558],[129.02239,35.07557],[129.0224,35.07559],[129.02236,35.07558]]],[[[128.92386,35.07762],[128.90257,35.07066],[128.92379,35.07783],[128.92386,35.07762]]],[[[129.10524,35.07916],[129.09758,35.0788],[129.10522,35.07934],[129.10524,35.07916]]],[[[129.00375,35.08625],[129.00377,35.08625],[129.00393,35.08575],[129.00375,35.08625]]],[[[128.82866,35.08993],[128.83589,35.0824],[128.8327,35.05761],[128.84636,35.05742],[128.8509,35.04208],[128.83452,35.01534],[128.83874,34.9976],[128.8291,34.98909],[128.81851,35.00408],[128.8273,35.0136],[128.80608,35.02159],[128.81497,35.02503],[128.8073,35.03282],[128.81261,35.03943],[128.79738,35.05373],[128.82399,35.06402],[128.80629,35.06145],[128.80499,35.06675],[128.83239,35.0713],[128.83512,35.07763],[128.81151,35.07758],[128.82828,35.08961],[128.82866,35.08993]]],[[[128.92732,35.09349],[128.92722,35.09327],[128.92709,35.09328],[128.92732,35.09349]]],[[[129.12702,35.09096],[129.12697,35.09092],[129.1269,35.09092],[129.12702,35.09096]]],[[[128.92878,35.09392],[128.92887,35.0939],[128.92892,35.09391],[128.92878,35.09392]]],[[[128.82372,35.09569],[128.82366,35.09566],[128.82361,35.09569],[128.82372,35.09569]]],[[[128.92918,35.09451],[128.92924,35.0945],[128.9293,35.09451],[128.92918,35.09451]]],[[[128.92947,35.09482],[128.92946,35.09479],[128.92942,35.0949],[128.92947,35.09482]]],[[[129.12698,35.09166],[129.12685,35.09157],[129.12676,35.09156],[129.12698,35.09166]]],[[[128.92929,35.0952],[128.92914,35.09515],[128.92916,35.09524],[128.92929,35.0952]]],[[[129.1273,35.09309],[129.12726,35.09299],[129.12721,35.0929],[129.1273,35.09309]]],[[[128.82101,35.0965],[128.82081,35.09648],[128.8207,35.09656],[128.82101,35.0965]]],[[[129.12667,35.09364],[129.12653,35.09341],[129.12646,35.09331],[129.12667,35.09364]]],[[[129.11861,35.09759],[129.11863,35.09755],[129.11876,35.09757],[129.11861,35.09759]]],[[[129.12458,35.09735],[129.12446,35.09727],[129.12434,35.09721],[129.12458,35.09735]]],[[[129.11381,35.09839],[129.10934,35.09137],[129.11358,35.0982],[129.11381,35.09839]]],[[[129.1241,35.09828],[129.12411,35.09827],[129.124,35.09822],[129.1241,35.09828]]],[[[129.0702,35.06031],[129.03325,35.08478],[129.03099,35.09341],[129.05856,35.10073],[129.07955,35.0881],[129.08441,35.07366],[129.09591,35.08031],[129.07986,35.07142],[129.09621,35.05976],[129.09174,35.05119],[129.07031,35.06024],[129.0702,35.06031]]],[[[129.05941,35.10063],[129.05935,35.10067],[129.05968,35.10091],[129.05941,35.10063]]],[[[129.22953,35.21716],[129.22938,35.21715],[129.22917,35.21788],[129.22953,35.21716]]],[[[129.04752,35.10926],[129.03806,35.09728],[129.02564,35.09541],[129.03113,35.08608],[129.01656,35.07531],[129.02231,35.0618],[129.01549,35.05313],[129.00851,35.05121],[129.01203,35.06517],[129.00395,35.08632],[129.00123,35.07982],[128.99305,35.08394],[129.00122,35.04832],[129.00697,35.04895],[128.99657,35.04421],[128.98501,35.05996],[128.97277,35.05687],[128.98362,35.05389],[128.98234,35.04711],[128.9701,35.04812],[128.97747,35.04025],[128.96494,35.03365],[128.96898,35.04518],[128.95816,35.05065],[128.95281,35.07193],[128.95835,35.0733],[128.95093,35.07916],[128.96666,35.08392],[128.95057,35.08106],[128.95606,35.10655],[128.94866,35.10715],[128.93969,35.08213],[128.9415,35.08809],[128.93261,35.09113],[128.93933,35.10886],[128.93274,35.11051],[128.92508,35.09291],[128.93019,35.09272],[128.91315,35.0876],[128.91111,35.07905],[128.89538,35.07904],[128.90563,35.1181],[128.89762,35.12029],[128.88414,35.07934],[128.86926,35.08134],[128.87081,35.08877],[128.83761,35.08339],[128.82172,35.09774],[128.8417,35.10599],[128.83776,35.12399],[128.80213,35.1419],[128.79367,35.15716],[128.82753,35.15559],[128.86739,35.16771],[128.87295,35.16253],[128.86518,35.15819],[128.87666,35.15128],[128.87417,35.15859],[128.88193,35.16172],[128.87235,35.17227],[128.88085,35.17145],[128.88168,35.1822],[128.87035,35.20156],[128.87899,35.20999],[128.90969,35.21546],[128.90948,35.22306],[128.92013,35.21642],[128.944,35.22833],[128.9897,35.23168],[129.01348,35.27376],[129.0475,35.27421],[129.05836,35.29484],[129.07427,35.29076],[129.08835,35.30261],[129.10856,35.30458],[129.13459,35.35145],[129.11818,35.36903],[129.17614,35.3514],[129.19876,35.3665],[129.19359,35.38209],[129.19937,35.38904],[129.21854,35.37895],[129.26552,35.38714],[129.28312,35.36515],[129.27966,35.34137],[129.30337,35.33588],[129.30561,35.32458],[129.28902,35.31882],[129.28161,35.32814],[129.26014,35.31441],[129.26,35.28306],[129.23362,35.26206],[129.25166,35.25985],[129.25308,35.24653],[129.24427,35.244],[129.23934,35.22278],[129.22758,35.2238],[129.22204,35.21309],[129.2301,35.20359],[129.22382,35.186],[129.20037,35.17957],[129.19397,35.16103],[129.18093,35.15485],[129.16469,35.15958],[129.15048,35.15195],[129.15264,35.15769],[129.14273,35.1545],[129.12602,35.16534],[129.13489,35.15558],[129.11897,35.15376],[129.11759,35.13994],[129.10652,35.13031],[129.1178,35.13211],[129.11307,35.12529],[129.12151,35.13535],[129.12801,35.11077],[129.1239,35.09941],[129.11298,35.10315],[129.10588,35.09133],[129.09569,35.09359],[129.09293,35.10927],[129.09034,35.10361],[129.06534,35.10911],[129.07382,35.1167],[129.06563,35.12297],[129.06586,35.13565],[129.05598,35.11831],[129.05574,35.12527],[129.04997,35.12353],[129.05532,35.11602],[129.04682,35.11687],[129.05233,35.11307],[129.04758,35.10931],[129.04752,35.10926]],[[129.09879,35.09541],[129.09919,35.09159],[129.0997,35.0913],[129.09879,35.09541]]]]}},{"type":"Feature","properties":{"region":"경남","name":"경남"},"geometry":{"type":"MultiPolygon","coordinates":[[[[128.08435,34.50367],[128.08456,34.50297],[128.08446,34.50272],[128.08435,34.50367]]],[[[128.43581,34.53639],[128.43581,34.5364],[128.4358,34.53641],[128.43581,34.53639]]],[[[128.43707,34.53731],[128.43707,34.53734],[128.43718,34.53736],[128.43707,34.53731]]],[[[128.43919,34.53707],[128.43918,34.53708],[128.43918,34.53709],[128.43919,34.53707]]],[[[128.43444,34.54],[128.43443,34.54001],[128.43443,34.54002],[128.43444,34.54]]],[[[128.73395,34.53457],[128.73372,34.53389],[128.73387,34.5336],[128.73395,34.53457]]],[[[128.43837,34.54106],[128.44922,34.54686],[128.43834,34.54101],[128.43837,34.54106]]],[[[128.44605,34.54859],[128.44601,34.54852],[128.44596,34.54851],[128.44605,34.54859]]],[[[128.34197,34.55705],[128.3419,34.55717],[128.34161,34.55736],[128.34197,34.55705]]],[[[128.3463,34.56291],[128.34258,34.5585],[128.34628,34.56297],[128.3463,34.56291]]],[[[128.34776,34.56302],[128.34773,34.56305],[128.34769,34.56317],[128.34776,34.56302]]],[[[128.34583,34.56563],[128.34585,34.5656],[128.3459,34.56556],[128.34583,34.56563]]],[[[128.53196,34.56387],[128.53192,34.56414],[128.532,34.56423],[128.53196,34.56387]]],[[[128.34601,34.56569],[128.34599,34.56566],[128.34598,34.56563],[128.34601,34.56569]]],[[[128.34571,34.56579],[128.34564,34.56578],[128.34553,34.56577],[128.34571,34.56579]]],[[[128.34585,34.56738],[128.34582,34.56737],[128.34574,34.56736],[128.34585,34.56738]]],[[[128.34655,34.5666],[128.34656,34.5666],[128.34643,34.56675],[128.34655,34.5666]]],[[[128.34855,34.56777],[128.34853,34.56778],[128.3485,34.56779],[128.34855,34.56777]]],[[[128.34749,34.5682],[128.34748,34.56822],[128.34744,34.56825],[128.34749,34.5682]]],[[[128.34864,34.56886],[128.34862,34.56888],[128.3486,34.56889],[128.34864,34.56886]]],[[[128.3479,34.56903],[128.3479,34.56907],[128.34792,34.56909],[128.3479,34.56903]]],[[[128.34864,34.56954],[128.34862,34.56955],[128.34862,34.56956],[128.34864,34.56954]]],[[[128.34823,34.56961],[128.3482,34.56964],[128.34827,34.56976],[128.34823,34.56961]]],[[[128.34872,34.5713],[128.3487,34.57133],[128.34869,34.57137],[128.34872,34.5713]]],[[[128.18913,34.57242],[128.18833,34.56338],[128.17751,34.55845],[128.1878,34.57277],[128.18913,34.57242]]],[[[128.34783,34.57236],[128.34816,34.57279],[128.34813,34.5729],[128.34783,34.57236]]],[[[128.54755,34.57802],[128.54767,34.578],[128.54776,34.57801],[128.54755,34.57802]]],[[[128.32579,34.60628],[128.32591,34.60627],[128.3261,34.60627],[128.32579,34.60628]]],[[[128.11303,34.61951],[128.11284,34.61951],[128.11249,34.61969],[128.11303,34.61951]]],[[[128.25584,34.61926],[128.25561,34.61925],[128.25544,34.61925],[128.25584,34.61926]]],[[[128.25601,34.62004],[128.2558,34.62001],[128.25567,34.62004],[128.25601,34.62004]]],[[[128.28909,34.62119],[128.28906,34.62103],[128.2887,34.62113],[128.28909,34.62119]]],[[[128.31509,34.62259],[128.3261,34.61996],[128.31508,34.62258],[128.31509,34.62259]]],[[[128.30521,34.62375],[128.29885,34.61939],[128.30479,34.62368],[128.30521,34.62375]]],[[[128.54866,34.62222],[128.54846,34.62191],[128.54901,34.62188],[128.54866,34.62222]]],[[[128.275,34.62744],[128.27494,34.62743],[128.27484,34.62756],[128.275,34.62744]]],[[[128.31664,34.62742],[128.3168,34.62736],[128.31689,34.6273],[128.31664,34.62742]]],[[[128.27329,34.63201],[128.2721,34.6302],[128.27205,34.63022],[128.27329,34.63201]]],[[[128.55537,34.63084],[128.55105,34.6232],[128.54526,34.62853],[128.55526,34.63145],[128.55537,34.63084]]],[[[128.48211,34.63187],[128.48221,34.63167],[128.4828,34.6317],[128.48211,34.63187]]],[[[128.37334,34.64066],[128.37328,34.64066],[128.37323,34.64077],[128.37334,34.64066]]],[[[128.37339,34.64104],[128.37343,34.64088],[128.37323,34.64089],[128.37339,34.64104]]],[[[128.46902,34.63985],[128.46895,34.63983],[128.46886,34.63983],[128.46902,34.63985]]],[[[128.28608,34.62448],[128.27635,34.62057],[128.26418,34.62806],[128.23756,34.6114],[128.23208,34.61739],[128.24321,34.62301],[128.23754,34.63537],[128.22972,34.63144],[128.22359,34.638],[128.23526,34.64031],[128.22891,34.64808],[128.23371,34.65206],[128.24687,34.65197],[128.27553,34.63937],[128.26505,34.6344],[128.27527,34.62466],[128.28398,34.63795],[128.29888,34.63904],[128.28606,34.62448],[128.28608,34.62448]]],[[[128.35395,34.65021],[128.37804,34.63911],[128.34499,34.64162],[128.35328,34.65043],[128.35395,34.65021]]],[[[128.57906,34.65028],[128.58482,34.64107],[128.55945,34.6357],[128.5783,34.65081],[128.57906,34.65028]]],[[[128.35202,34.65295],[128.35134,34.65292],[128.35084,34.65313],[128.35202,34.65295]]],[[[128.35052,34.65478],[128.35077,34.65469],[128.35092,34.65455],[128.35052,34.65478]]],[[[128.57552,34.65799],[128.57604,34.6579],[128.57704,34.65793],[128.57552,34.65799]]],[[[128.25758,34.66078],[128.25767,34.66059],[128.25748,34.66056],[128.25758,34.66078]]],[[[128.25884,34.65968],[128.25811,34.65945],[128.25805,34.65989],[128.25884,34.65968]]],[[[128.34748,34.66116],[128.35146,34.6547],[128.34072,34.65837],[128.34638,34.66167],[128.34748,34.66116]]],[[[128.34309,34.66249],[128.34296,34.66236],[128.34268,34.66261],[128.34309,34.66249]]],[[[128.34002,34.66271],[128.33998,34.66265],[128.33974,34.66267],[128.34002,34.66271]]],[[[128.27646,34.66296],[128.27642,34.66295],[128.27632,34.66295],[128.27646,34.66296]]],[[[128.31196,34.66154],[128.31182,34.66114],[128.31149,34.66128],[128.31196,34.66154]]],[[[128.24537,34.66624],[128.25561,34.66583],[128.25033,34.66103],[128.24536,34.66641],[128.24537,34.66624]]],[[[128.2639,34.66878],[128.26396,34.66843],[128.26441,34.66855],[128.2639,34.66878]]],[[[128.30293,34.67073],[128.30522,34.66619],[128.30264,34.67061],[128.30293,34.67073]]],[[[128.23307,34.67342],[128.23322,34.67327],[128.23286,34.67329],[128.23307,34.67342]]],[[[128.30654,34.67231],[128.30614,34.67211],[128.30597,34.67233],[128.30654,34.67231]]],[[[128.77538,34.66965],[128.77518,34.66966],[128.7752,34.66969],[128.77538,34.66965]]],[[[128.25831,34.67335],[128.25803,34.67308],[128.2576,34.67337],[128.25831,34.67335]]],[[[128.77614,34.67076],[128.77593,34.67063],[128.77588,34.67064],[128.77614,34.67076]]],[[[127.94923,34.67553],[127.94905,34.67549],[127.94867,34.67556],[127.94923,34.67553]]],[[[128.22114,34.67631],[128.2215,34.67609],[128.22172,34.67614],[128.22114,34.67631]]],[[[128.26032,34.6785],[128.26043,34.67828],[128.26063,34.67768],[128.26032,34.6785]]],[[[128.2801,34.67804],[128.28003,34.67719],[128.27971,34.67726],[128.2801,34.67804]]],[[[128.2222,34.68021],[128.22283,34.67986],[128.22295,34.6799],[128.2222,34.68021]]],[[[128.25176,34.67735],[128.2551,34.67104],[128.24416,34.66815],[128.23333,34.67326],[128.25178,34.6779],[128.25176,34.67735]]],[[[128.0605,34.68168],[128.06074,34.68163],[128.06078,34.68178],[128.0605,34.68168]]],[[[128.25967,34.68159],[128.26009,34.68148],[128.25999,34.68139],[128.25967,34.68159]]],[[[128.00347,34.68538],[128.0037,34.6853],[128.00376,34.68545],[128.00347,34.68538]]],[[[128.05681,34.68559],[128.05697,34.68535],[128.05705,34.68526],[128.05681,34.68559]]],[[[128.6149,34.6833],[128.61463,34.6833],[128.61446,34.68334],[128.6149,34.6833]]],[[[128.77511,34.68302],[128.77495,34.68292],[128.77483,34.68301],[128.77511,34.68302]]],[[[128.58075,34.68557],[128.58071,34.68555],[128.58073,34.6857],[128.58075,34.68557]]],[[[128.62538,34.68515],[128.62615,34.68476],[128.62623,34.68477],[128.62538,34.68515]]],[[[128.77502,34.68348],[128.77489,34.68336],[128.77483,34.68338],[128.77502,34.68348]]],[[[128.62196,34.68598],[128.62226,34.68579],[128.62265,34.68588],[128.62196,34.68598]]],[[[128.02693,34.68895],[128.02641,34.6887],[128.02621,34.68902],[128.02693,34.68895]]],[[[128.05621,34.68975],[128.05668,34.68949],[128.05687,34.68984],[128.05621,34.68975]]],[[[128.19501,34.68888],[128.19477,34.68885],[128.19485,34.68905],[128.19501,34.68888]]],[[[128.27181,34.68898],[128.27163,34.68894],[128.27151,34.68895],[128.27181,34.68898]]],[[[128.58163,34.68314],[128.57608,34.68195],[128.58101,34.68356],[128.58163,34.68314]]],[[[128.04897,34.69107],[128.04557,34.68155],[128.0481,34.69141],[128.04897,34.69107]]],[[[128.0545,34.6908],[128.05431,34.69074],[128.05398,34.69086],[128.0545,34.6908]]],[[[128.617,34.68778],[128.617,34.68767],[128.61707,34.68759],[128.617,34.68778]]],[[[128.28701,34.69023],[128.28016,34.68835],[128.28705,34.69025],[128.28701,34.69023]]],[[[128.23609,34.69139],[128.2362,34.69127],[128.23628,34.69124],[128.23609,34.69139]]],[[[128.61826,34.68778],[128.61809,34.68775],[128.6179,34.68777],[128.61826,34.68778]]],[[[128.03588,34.69424],[128.03613,34.6942],[128.03641,34.69426],[128.03588,34.69424]]],[[[128.05946,34.69429],[128.05925,34.69428],[128.05873,34.69456],[128.05946,34.69429]]],[[[128.27772,34.69527],[128.2776,34.69527],[128.27753,34.69537],[128.27772,34.69527]]],[[[128.03119,34.69753],[128.03154,34.69723],[128.03174,34.69724],[128.03119,34.69753]]],[[[128.02294,34.69626],[128.02241,34.69601],[128.02221,34.69633],[128.02294,34.69626]]],[[[128.39827,34.69647],[128.39295,34.69605],[128.39792,34.69671],[128.39827,34.69647]]],[[[128.17252,34.69832],[128.1728,34.69819],[128.17291,34.69826],[128.17252,34.69832]]],[[[128.06367,34.69937],[128.05845,34.69824],[128.06359,34.69943],[128.06367,34.69937]]],[[[128.05306,34.69927],[128.05696,34.69533],[128.04767,34.69518],[128.05286,34.69965],[128.05306,34.69927]]],[[[128.02017,34.7012],[128.01983,34.70112],[128.01951,34.70123],[128.02017,34.7012]]],[[[128.60041,34.69853],[128.59991,34.69849],[128.59949,34.69866],[128.60041,34.69853]]],[[[128.60551,34.69943],[128.60566,34.69933],[128.6063,34.69937],[128.60551,34.69943]]],[[[128.54319,34.70101],[128.54917,34.69691],[128.54244,34.70056],[128.54319,34.70101]]],[[[127.9849,34.7049],[127.985,34.70484],[127.98513,34.7048],[127.9849,34.7049]]],[[[128.60892,34.70081],[128.60891,34.70049],[128.60851,34.70051],[128.60892,34.70081]]],[[[128.04642,34.7042],[128.04528,34.70367],[128.04524,34.70374],[128.04642,34.7042]]],[[[127.997,34.70371],[127.99687,34.70366],[127.99685,34.70375],[127.997,34.70371]]],[[[127.98313,34.70541],[127.98315,34.70527],[127.98317,34.70509],[127.98313,34.70541]]],[[[127.98925,34.71035],[127.98937,34.71032],[127.98953,34.71033],[127.98925,34.71035]]],[[[128.55725,34.70803],[128.5578,34.70772],[128.55779,34.70751],[128.55725,34.70803]]],[[[128.39909,34.70931],[128.39937,34.70899],[128.39889,34.7077],[128.39909,34.70931]]],[[[128.64093,34.70753],[128.64079,34.70739],[128.64059,34.70749],[128.64093,34.70753]]],[[[128.17808,34.71055],[128.19851,34.7063],[128.20184,34.69224],[128.17241,34.69663],[128.16744,34.70567],[128.17788,34.71057],[128.17808,34.71055]]],[[[128.63996,34.70755],[128.63954,34.70737],[128.63934,34.70746],[128.63996,34.70755]]],[[[128.5547,34.71791],[128.56488,34.70797],[128.55463,34.71796],[128.5547,34.71791]]],[[[128.05384,34.71889],[128.05326,34.7187],[128.05264,34.71878],[128.05384,34.71889]]],[[[127.89494,34.72441],[127.89486,34.7244],[127.89477,34.7244],[127.89494,34.72441]]],[[[128.45386,34.72097],[128.45348,34.72097],[128.45353,34.72144],[128.45386,34.72097]]],[[[127.89873,34.72596],[127.89867,34.72596],[127.89861,34.72596],[127.89873,34.72596]]],[[[127.89756,34.72601],[127.8975,34.72601],[127.89741,34.72602],[127.89756,34.72601]]],[[[127.87514,34.72729],[127.87522,34.72728],[127.87523,34.72728],[127.87514,34.72729]]],[[[127.9398,34.7311],[127.94224,34.72381],[127.93447,34.72834],[127.9398,34.7311]]],[[[128.4687,34.73162],[128.46864,34.73158],[128.46856,34.7316],[128.4687,34.73162]]],[[[128.52681,34.73274],[128.52697,34.73272],[128.52699,34.73273],[128.52681,34.73274]]],[[[128.42625,34.71997],[128.42816,34.73363],[128.42664,34.72006],[128.42625,34.71997]]],[[[128.39524,34.73418],[128.39509,34.73405],[128.39481,34.7342],[128.39524,34.73418]]],[[[128.53499,34.73372],[128.53523,34.73367],[128.53535,34.73365],[128.53499,34.73372]]],[[[128.45882,34.7166],[128.45564,34.72827],[128.46579,34.73477],[128.47067,34.72913],[128.46019,34.71691],[128.4661,34.70824],[128.44768,34.7089],[128.45882,34.7166]]],[[[128.52926,34.73454],[128.53705,34.73181],[128.5207,34.72901],[128.52909,34.73451],[128.52926,34.73454]]],[[[128.51404,34.73637],[128.51399,34.73634],[128.51394,34.73636],[128.51404,34.73637]]],[[[128.05109,34.73982],[128.05101,34.73978],[128.05082,34.73982],[128.05109,34.73982]]],[[[128.68526,34.73534],[128.68255,34.72976],[128.68476,34.73578],[128.68526,34.73534]]],[[[128.064,34.74094],[128.06439,34.7405],[128.06439,34.74048],[128.064,34.74094]]],[[[128.40011,34.73987],[128.40464,34.72953],[128.39338,34.7359],[128.40006,34.73993],[128.40011,34.73987]]],[[[128.65709,34.73726],[128.65679,34.73679],[128.65613,34.73701],[128.65709,34.73726]]],[[[128.38136,34.74179],[128.39142,34.73792],[128.38066,34.74136],[128.38136,34.74179]]],[[[127.85415,34.74476],[127.85411,34.74465],[127.85405,34.74466],[127.85415,34.74476]]],[[[128.41741,34.7459],[128.41747,34.74598],[128.41751,34.74619],[128.41741,34.7459]]],[[[127.91015,34.75007],[127.91016,34.75039],[127.91017,34.75013],[127.91015,34.75007]]],[[[128.41302,34.74785],[128.41796,34.74485],[128.41293,34.74775],[128.41302,34.74785]]],[[[128.50192,34.73982],[128.51384,34.73496],[128.46673,34.74111],[128.49416,34.75012],[128.50179,34.73991],[128.50192,34.73982]]],[[[128.40399,34.74942],[128.41043,34.74606],[128.40434,34.74176],[128.40387,34.74964],[128.40399,34.74942]]],[[[128.06867,34.75438],[128.06844,34.75419],[128.0681,34.75436],[128.06867,34.75438]]],[[[128.05595,34.75427],[128.05585,34.75415],[128.05583,34.75418],[128.05595,34.75427]]],[[[128.05497,34.75457],[128.05514,34.75438],[128.05508,34.7544],[128.05497,34.75457]]],[[[128.55467,34.75292],[128.55466,34.75292],[128.55461,34.75329],[128.55467,34.75292]]],[[[128.39166,34.75473],[128.39134,34.75461],[128.3911,34.75473],[128.39166,34.75473]]],[[[128.28419,34.75574],[128.28484,34.75568],[128.28531,34.75568],[128.28419,34.75574]]],[[[128.07278,34.75102],[128.07216,34.75695],[128.07328,34.75185],[128.07278,34.75102]]],[[[127.84117,34.75792],[127.84113,34.75789],[127.84104,34.75799],[127.84117,34.75792]]],[[[128.40624,34.75536],[128.40676,34.75506],[128.40721,34.75521],[128.40624,34.75536]]],[[[128.42209,34.75574],[128.41886,34.74467],[128.42148,34.75526],[128.42209,34.75574]]],[[[128.40045,34.75186],[128.39181,34.75471],[128.40042,34.75194],[128.40045,34.75186]]],[[[128.28889,34.75788],[128.28894,34.75775],[128.2889,34.75775],[128.28889,34.75788]]],[[[128.28847,34.75802],[128.28841,34.75797],[128.2884,34.75803],[128.28847,34.75802]]],[[[127.83542,34.76081],[127.83509,34.76058],[127.83491,34.76068],[127.83542,34.76081]]],[[[127.83689,34.76147],[127.83723,34.76141],[127.83744,34.76143],[127.83689,34.76147]]],[[[127.90392,34.76217],[127.90392,34.76215],[127.90394,34.76216],[127.90392,34.76217]]],[[[128.57603,34.75816],[128.57604,34.75802],[128.57583,34.75811],[128.57603,34.75816]]],[[[127.83763,34.76311],[127.83747,34.7631],[127.83728,34.76324],[127.83763,34.76311]]],[[[128.29613,34.76133],[128.30815,34.75594],[128.29932,34.7537],[128.3005,34.7469],[128.28751,34.75362],[128.29631,34.76142],[128.29613,34.76133]]],[[[127.83617,34.76492],[127.83629,34.7649],[127.83644,34.7649],[127.83617,34.76492]]],[[[128.2264,34.76211],[128.22639,34.76205],[128.22633,34.76205],[128.2264,34.76211]]],[[[127.91264,34.76735],[127.9126,34.76734],[127.91257,34.76736],[127.91264,34.76735]]],[[[127.91261,34.76794],[127.9126,34.76793],[127.91256,34.76793],[127.91261,34.76794]]],[[[127.85018,34.76883],[127.85015,34.76883],[127.85008,34.76885],[127.85018,34.76883]]],[[[128.39185,34.76386],[128.39169,34.7638],[128.39141,34.76381],[128.39185,34.76386]]],[[[128.53941,34.75732],[128.55852,34.75982],[128.55348,34.75361],[128.5608,34.75101],[128.5081,34.7587],[128.51051,34.76594],[128.52179,34.76633],[128.53941,34.75732]]],[[[128.38303,34.76692],[128.38283,34.76665],[128.38265,34.76667],[128.38303,34.76692]]],[[[128.59724,34.76649],[128.59699,34.76601],[128.59704,34.7659],[128.59724,34.76649]]],[[[127.94314,34.77209],[127.94306,34.77206],[127.94279,34.77207],[127.94314,34.77209]]],[[[128.38321,34.76894],[128.38327,34.76869],[128.3826,34.76871],[128.38321,34.76894]]],[[[128.05206,34.77289],[128.05204,34.77281],[128.05198,34.77282],[128.05206,34.77289]]],[[[128.36659,34.7706],[128.36659,34.77068],[128.3666,34.77068],[128.36659,34.7706]]],[[[128.71628,34.76897],[128.71659,34.76896],[128.71693,34.76903],[128.71628,34.76897]]],[[[127.84127,34.77505],[127.84037,34.77491],[127.83991,34.77524],[127.84127,34.77505]]],[[[127.8436,34.77669],[127.84344,34.77654],[127.84324,34.77662],[127.8436,34.77669]]],[[[128.04991,34.77633],[128.04991,34.77632],[128.04989,34.77632],[128.04991,34.77633]]],[[[128.71115,34.77136],[128.71121,34.77117],[128.71152,34.77124],[128.71115,34.77136]]],[[[128.64071,34.7724],[128.64068,34.77234],[128.64021,34.77248],[128.64071,34.7724]]],[[[128.46098,34.77525],[128.46064,34.775],[128.46017,34.77527],[128.46098,34.77525]]],[[[128.37928,34.77837],[128.37839,34.77828],[128.37791,34.77848],[128.37928,34.77837]]],[[[128.4634,34.78027],[128.46383,34.77977],[128.46375,34.7795],[128.4634,34.78027]]],[[[127.83243,34.7851],[127.83222,34.78508],[127.83217,34.78518],[127.83243,34.7851]]],[[[128.36897,34.78415],[128.37224,34.77652],[128.35606,34.77762],[128.36897,34.78415]]],[[[128.35947,34.78751],[128.36002,34.78729],[128.36033,34.78731],[128.35947,34.78751]]],[[[128.49666,34.78692],[128.4969,34.78686],[128.49723,34.78674],[128.49666,34.78692]]],[[[128.53339,34.78599],[128.53299,34.78599],[128.53181,34.78601],[128.53339,34.78599]]],[[[128.71464,34.78949],[128.71642,34.78128],[128.71461,34.78949],[128.71464,34.78949]]],[[[128.05838,34.79361],[128.05794,34.79296],[128.05779,34.79299],[128.05838,34.79361]]],[[[128.25083,34.79457],[128.25039,34.7943],[128.24998,34.79461],[128.25083,34.79457]]],[[[128.51403,34.79761],[128.51935,34.7933],[128.51364,34.79774],[128.51403,34.79761]]],[[[128.24751,34.79964],[128.24745,34.79952],[128.24713,34.79958],[128.24751,34.79964]]],[[[128.22617,34.79943],[128.22599,34.79935],[128.22578,34.79959],[128.22617,34.79943]]],[[[128.25704,34.80086],[128.25684,34.80074],[128.25678,34.8009],[128.25704,34.80086]]],[[[128.25739,34.80131],[128.25722,34.80129],[128.25709,34.80173],[128.25739,34.80131]]],[[[128.50894,34.80013],[128.50463,34.78738],[128.49496,34.79165],[128.50037,34.80403],[128.50903,34.80008],[128.50894,34.80013]]],[[[128.46302,34.80451],[128.46256,34.80446],[128.46153,34.80519],[128.46302,34.80451]]],[[[128.5176,34.8071],[128.51752,34.80702],[128.51736,34.80706],[128.5176,34.8071]]],[[[128.24569,34.81011],[128.2446,34.80928],[128.24457,34.80928],[128.24569,34.81011]]],[[[128.68055,34.80512],[128.68037,34.80511],[128.68013,34.80521],[128.68055,34.80512]]],[[[128.46474,34.81084],[128.46455,34.81081],[128.46451,34.81087],[128.46474,34.81084]]],[[[128.45654,34.81027],[128.45627,34.80999],[128.45593,34.81008],[128.45654,34.81027]]],[[[128.49766,34.81257],[128.49085,34.81253],[128.49647,34.81312],[128.49766,34.81257]]],[[[128.48548,34.81277],[128.48534,34.81272],[128.485,34.81322],[128.48548,34.81277]]],[[[127.96804,34.81748],[127.96798,34.81713],[127.96794,34.81714],[127.96804,34.81748]]],[[[128.45841,34.81264],[128.45804,34.81242],[128.45784,34.81249],[128.45841,34.81264]]],[[[127.97519,34.81931],[127.97518,34.81914],[127.97517,34.81916],[127.97519,34.81931]]],[[[128.46402,34.79782],[128.46263,34.80433],[128.46593,34.78748],[128.47495,34.79364],[128.47382,34.80356],[128.48588,34.79734],[128.46573,34.81323],[128.48414,34.81776],[128.47912,34.80861],[128.48798,34.81226],[128.49317,34.78215],[128.50639,34.78377],[128.50839,34.76674],[128.49123,34.75749],[128.46907,34.76158],[128.47337,34.7758],[128.45998,34.78657],[128.46412,34.79769],[128.46402,34.79782]]],[[[128.34511,34.81701],[128.34485,34.81687],[128.34463,34.81712],[128.34511,34.81701]]],[[[128.17839,34.82028],[128.17792,34.81976],[128.1776,34.81946],[128.17839,34.82028]]],[[[127.97426,34.82267],[127.9742,34.82266],[127.9741,34.82298],[127.97426,34.82267]]],[[[128.36083,34.82217],[128.36075,34.82216],[128.36063,34.82217],[128.36083,34.82217]]],[[[128.3524,34.82062],[128.36934,34.81191],[128.34642,34.81653],[128.35245,34.82068],[128.3524,34.82062]]],[[[128.58414,34.82049],[128.5834,34.82016],[128.58305,34.82036],[128.58414,34.82049]]],[[[128.21003,34.82549],[128.21,34.82545],[128.20981,34.8256],[128.21003,34.82549]]],[[[128.14271,34.82673],[128.14244,34.82673],[128.14237,34.82684],[128.14271,34.82673]]],[[[128.53872,34.80642],[128.52799,34.80278],[128.52665,34.81166],[128.53655,34.82388],[128.54669,34.82379],[128.53903,34.80661],[128.53872,34.80642]]],[[[128.33901,34.82841],[128.33879,34.8284],[128.33873,34.82848],[128.33901,34.82841]]],[[[127.97771,34.82947],[127.97747,34.82936],[127.97699,34.82946],[127.97771,34.82947]]],[[[127.98259,34.8311],[127.98262,34.83097],[127.9825,34.83098],[127.98259,34.8311]]],[[[128.75303,34.82622],[128.74624,34.81508],[128.75253,34.82589],[128.75303,34.82622]]],[[[128.52976,34.82878],[128.52955,34.82876],[128.52932,34.82887],[128.52976,34.82878]]],[[[127.9876,34.83345],[127.98802,34.83329],[127.98808,34.83329],[127.9876,34.83345]]],[[[128.43388,34.83111],[128.433,34.83105],[128.43299,34.83109],[128.43388,34.83111]]],[[[128.47733,34.83041],[128.47774,34.83064],[128.47799,34.83086],[128.47733,34.83041]]],[[[128.70768,34.8293],[128.70766,34.8292],[128.70758,34.82921],[128.70768,34.8293]]],[[[128.58581,34.83015],[128.58603,34.82969],[128.58513,34.82973],[128.58581,34.83015]]],[[[128.49592,34.82856],[128.49591,34.82841],[128.49579,34.82825],[128.49592,34.82856]]],[[[128.39027,34.8325],[128.38996,34.83238],[128.38974,34.8325],[128.39027,34.8325]]],[[[128.31867,34.83338],[128.31825,34.83329],[128.31816,34.83363],[128.31867,34.83338]]],[[[128.42942,34.83345],[128.42959,34.83342],[128.42962,34.83343],[128.42942,34.83345]]],[[[128.12892,34.83549],[128.14248,34.82914],[128.12932,34.82685],[128.12875,34.83545],[128.12892,34.83549]]],[[[128.36152,34.83389],[128.36137,34.83384],[128.36123,34.8339],[128.36152,34.83389]]],[[[128.54311,34.83345],[128.54305,34.83343],[128.54297,34.83348],[128.54311,34.83345]]],[[[128.47437,34.82831],[128.47629,34.82104],[128.46309,34.83098],[128.47375,34.82821],[128.47437,34.82831]]],[[[128.34669,34.8359],[128.34654,34.83568],[128.34629,34.83572],[128.34669,34.8359]]],[[[128.16055,34.83603],[128.16025,34.83549],[128.15967,34.83563],[128.16055,34.83603]]],[[[128.37977,34.83647],[128.37983,34.83649],[128.37991,34.8365],[128.37977,34.83647]]],[[[128.70974,34.83202],[128.70969,34.83198],[128.70963,34.83203],[128.70974,34.83202]]],[[[128.46176,34.83638],[128.45528,34.8349],[128.46158,34.83678],[128.46176,34.83638]]],[[[128.02801,34.83984],[128.02796,34.83981],[128.02791,34.83982],[128.02801,34.83984]]],[[[128.38158,34.83728],[128.38118,34.83718],[128.38092,34.83739],[128.38158,34.83728]]],[[[128.32276,34.83785],[128.31619,34.83733],[128.32297,34.83886],[128.32276,34.83785]]],[[[128.22433,34.80668],[128.19941,34.81785],[128.19933,34.82456],[128.21383,34.8211],[128.20709,34.82753],[128.21655,34.83857],[128.23707,34.84142],[128.24195,34.82923],[128.26508,34.81794],[128.25986,34.80916],[128.23808,34.81119],[128.24301,34.79625],[128.22415,34.80652],[128.22433,34.80668]]],[[[128.02715,34.84317],[128.03252,34.84131],[128.02688,34.84334],[128.02715,34.84317]]],[[[128.03489,34.84362],[128.03482,34.84361],[128.03485,34.84372],[128.03489,34.84362]]],[[[128.02679,34.84392],[128.02668,34.84387],[128.02652,34.84398],[128.02679,34.84392]]],[[[128.03464,34.84388],[128.03459,34.84384],[128.03452,34.84385],[128.03464,34.84388]]],[[[128.08332,34.84374],[128.0831,34.84363],[128.08292,34.84363],[128.08332,34.84374]]],[[[128.37659,34.82612],[128.38521,34.81341],[128.38447,34.8296],[128.39118,34.82245],[128.40917,34.83442],[128.44062,34.82801],[128.44221,34.80358],[128.43367,34.81057],[128.43132,34.80576],[128.43999,34.79482],[128.41948,34.79231],[128.43496,34.78163],[128.42372,34.76212],[128.39774,34.76563],[128.39712,34.77979],[128.38551,34.7796],[128.3915,34.78596],[128.38365,34.79689],[128.37413,34.79454],[128.37556,34.78892],[128.36399,34.79576],[128.37257,34.8025],[128.37827,34.7985],[128.37916,34.81543],[128.35814,34.82653],[128.33759,34.81767],[128.33024,34.82628],[128.33734,34.82713],[128.33269,34.83445],[128.33929,34.82767],[128.34899,34.83459],[128.34869,34.84267],[128.35833,34.83992],[128.3563,34.83148],[128.37054,34.83433],[128.37644,34.82611],[128.37659,34.82612]],[[128.43402,34.80828],[128.43402,34.8083],[128.434,34.80858],[128.43402,34.80828]]],[[[128.02304,34.84032],[128.02303,34.8401],[128.02306,34.8401],[128.02304,34.84032]]],[[[127.97028,34.8462],[127.97012,34.84604],[127.97007,34.84608],[127.97028,34.8462]]],[[[128.45356,34.84464],[128.45352,34.84446],[128.45347,34.84442],[128.45356,34.84464]]],[[[128.06591,34.84833],[128.06588,34.8483],[128.06487,34.84867],[128.06591,34.84833]]],[[[128.05377,34.85241],[128.05365,34.85231],[128.05335,34.85258],[128.05377,34.85241]]],[[[128.35091,34.85089],[128.35081,34.85056],[128.35054,34.85071],[128.35091,34.85089]]],[[[128.46184,34.8504],[128.46184,34.85038],[128.46172,34.85038],[128.46184,34.8504]]],[[[128.35639,34.8527],[128.35715,34.85225],[128.35735,34.8523],[128.35639,34.8527]]],[[[128.36935,34.85043],[128.36902,34.85029],[128.36855,34.85037],[128.36935,34.85043]]],[[[128.35105,34.85241],[128.35087,34.85213],[128.35038,34.85235],[128.35105,34.85241]]],[[[127.96376,34.85817],[127.96366,34.85804],[127.96363,34.85804],[127.96376,34.85817]]],[[[128.20637,34.85871],[128.20616,34.85859],[128.20598,34.85862],[128.20637,34.85871]]],[[[128.18696,34.82692],[128.17992,34.82939],[128.18316,34.83729],[128.16852,34.84139],[128.16883,34.85244],[128.2001,34.86023],[128.23275,34.8448],[128.20368,34.84249],[128.18696,34.82692]]],[[[128.46899,34.85863],[128.46895,34.85848],[128.46873,34.85847],[128.46899,34.85863]]],[[[128.47455,34.85839],[128.4744,34.85837],[128.4742,34.85849],[128.47455,34.85839]]],[[[128.37619,34.86041],[128.37595,34.86033],[128.37553,34.86065],[128.37619,34.86041]]],[[[128.47047,34.86036],[128.47039,34.86031],[128.47027,34.86042],[128.47047,34.86036]]],[[[128.45341,34.86061],[128.45337,34.86043],[128.45287,34.8605],[128.45341,34.86061]]],[[[128.37959,34.86062],[128.37922,34.86048],[128.37843,34.8607],[128.37959,34.86062]]],[[[128.45062,34.86263],[128.45048,34.86261],[128.45035,34.86261],[128.45062,34.86263]]],[[[128.45075,34.86287],[128.45062,34.86285],[128.45052,34.86287],[128.45075,34.86287]]],[[[128.41481,34.86446],[128.41462,34.86438],[128.41431,34.86446],[128.41481,34.86446]]],[[[128.3437,34.86613],[128.34344,34.86609],[128.34339,34.86627],[128.3437,34.86613]]],[[[128.34998,34.86644],[128.34981,34.86601],[128.34947,34.86641],[128.34998,34.86644]]],[[[128.46791,34.86907],[128.4663,34.86392],[128.46773,34.86917],[128.46791,34.86907]]],[[[128.02031,34.87264],[128.02039,34.87263],[128.02048,34.87263],[128.02031,34.87264]]],[[[128.33975,34.87051],[128.33942,34.87047],[128.3383,34.87074],[128.33975,34.87051]]],[[[128.33639,34.87132],[128.33613,34.87131],[128.33593,34.87144],[128.33639,34.87132]]],[[[128.33287,34.87337],[128.33255,34.87327],[128.33227,34.87344],[128.33287,34.87337]]],[[[127.8285,34.87602],[127.82854,34.87596],[127.82812,34.87604],[127.8285,34.87602]]],[[[128.01255,34.87703],[128.01253,34.87693],[128.01231,34.87696],[128.01255,34.87703]]],[[[128.37639,34.87615],[128.37639,34.87599],[128.37603,34.876],[128.37639,34.87615]]],[[[128.37562,34.87761],[128.37552,34.87745],[128.37531,34.87757],[128.37562,34.87761]]],[[[128.243,34.87877],[128.24286,34.87876],[128.24265,34.87903],[128.243,34.87877]]],[[[128.04977,34.88342],[128.04975,34.8834],[128.04955,34.88341],[128.04977,34.88342]]],[[[127.82214,34.88414],[127.8221,34.88405],[127.82193,34.8839],[127.82214,34.88414]]],[[[127.81737,34.88458],[127.81745,34.88443],[127.81738,34.88437],[127.81737,34.88458]]],[[[128.05005,34.88384],[128.05009,34.88377],[128.05003,34.88378],[128.05005,34.88384]]],[[[128.25043,34.88367],[128.2508,34.88344],[128.25117,34.88312],[128.25043,34.88367]]],[[[127.82445,34.88725],[127.82475,34.88698],[127.82484,34.88701],[127.82445,34.88725]]],[[[128.2376,34.88557],[128.23762,34.88556],[128.23767,34.88558],[128.2376,34.88557]]],[[[127.98128,34.89089],[127.98123,34.89084],[127.98103,34.89087],[127.98128,34.89089]]],[[[128.13891,34.8915],[128.13888,34.8914],[128.13839,34.89149],[128.13891,34.8915]]],[[[128.18048,34.88863],[128.1801,34.88815],[128.17976,34.88771],[128.18048,34.88863]]],[[[128.19171,34.89153],[128.1916,34.8915],[128.19155,34.89151],[128.19171,34.89153]]],[[[127.82583,34.894],[127.82581,34.89395],[127.82537,34.894],[127.82583,34.894]]],[[[128.28087,34.89144],[128.28047,34.8914],[128.28035,34.89147],[128.28087,34.89144]]],[[[128.30487,34.89256],[128.30462,34.89254],[128.30436,34.89271],[128.30487,34.89256]]],[[[127.82453,34.89581],[127.82472,34.89576],[127.82496,34.89581],[127.82453,34.89581]]],[[[128.26465,34.89454],[128.26428,34.89453],[128.26428,34.89486],[128.26465,34.89454]]],[[[128.48341,34.89354],[128.48382,34.89334],[128.48411,34.89342],[128.48341,34.89354]]],[[[128.08314,34.89608],[128.08299,34.896],[128.08266,34.89601],[128.08314,34.89608]]],[[[128.25376,34.89552],[128.25405,34.89551],[128.25418,34.89552],[128.25376,34.89552]]],[[[127.83951,34.89863],[127.83949,34.89858],[127.83939,34.89858],[127.83951,34.89863]]],[[[128.04342,34.89674],[128.04337,34.89674],[128.0432,34.8968],[128.04342,34.89674]]],[[[128.43784,34.89613],[128.438,34.89607],[128.43811,34.8961],[128.43784,34.89613]]],[[[128.42507,34.89568],[128.42315,34.88959],[128.42498,34.89591],[128.42507,34.89568]]],[[[127.82634,34.8995],[127.82621,34.89929],[127.82589,34.89938],[127.82634,34.8995]]],[[[128.48426,34.8967],[128.48505,34.89626],[128.48541,34.89597],[128.48426,34.8967]]],[[[128.43868,34.89761],[128.43878,34.89761],[128.43887,34.89761],[128.43868,34.89761]]],[[[127.93159,34.90115],[127.93145,34.9011],[127.9314,34.90118],[127.93159,34.90115]]],[[[128.48209,34.89825],[128.48183,34.89806],[128.48128,34.89818],[128.48209,34.89825]]],[[[128.16129,34.90088],[128.16117,34.90062],[128.16113,34.90063],[128.16129,34.90088]]],[[[128.05981,34.90183],[128.0596,34.90161],[128.05989,34.90123],[128.05981,34.90183]]],[[[127.9891,34.90141],[127.98876,34.90115],[127.98843,34.9012],[127.9891,34.90141]]],[[[128.4744,34.90044],[128.47523,34.89947],[128.47523,34.89921],[128.4744,34.90044]]],[[[127.82602,34.90489],[127.82577,34.9048],[127.82542,34.90483],[127.82602,34.90489]]],[[[128.42731,34.90097],[128.42726,34.90082],[128.42665,34.90105],[128.42731,34.90097]]],[[[128.07061,34.90315],[128.0706,34.90313],[128.07057,34.90313],[128.07061,34.90315]]],[[[128.11785,34.90446],[128.1181,34.90403],[128.11796,34.9042],[128.11785,34.90446]]],[[[128.44563,34.90266],[128.44534,34.90254],[128.44465,34.90261],[128.44563,34.90266]]],[[[128.45844,34.90281],[128.4582,34.90276],[128.45789,34.90287],[128.45844,34.90281]]],[[[127.82944,34.9076],[127.82925,34.90745],[127.82899,34.90752],[127.82944,34.9076]]],[[[128.30003,34.90474],[128.29986,34.90464],[128.29937,34.90472],[128.30003,34.90474]]],[[[128.08226,34.90692],[128.08207,34.90686],[128.08198,34.90693],[128.08226,34.90692]]],[[[128.25416,34.90665],[128.25409,34.90644],[128.25397,34.90651],[128.25416,34.90665]]],[[[128.06374,34.90789],[128.06344,34.90778],[128.06323,34.90795],[128.06374,34.90789]]],[[[128.04738,34.90968],[128.0472,34.90971],[128.04726,34.90975],[128.04738,34.90968]]],[[[128.60037,34.90567],[128.59989,34.90562],[128.59976,34.90581],[128.60037,34.90567]]],[[[128.44226,34.90773],[128.44228,34.90752],[128.4424,34.90728],[128.44226,34.90773]]],[[[128.20778,34.90703],[128.20756,34.90702],[128.20689,34.90772],[128.20778,34.90703]]],[[[128.07585,34.91004],[128.08158,34.89736],[128.07519,34.88694],[128.07578,34.9101],[128.07585,34.91004]]],[[[128.44167,34.90957],[128.44168,34.90943],[128.44166,34.90932],[128.44167,34.90957]]],[[[127.93931,34.91213],[127.93931,34.91193],[127.93992,34.91136],[127.93931,34.91213]]],[[[127.82023,34.91323],[127.82066,34.91307],[127.82109,34.91337],[127.82023,34.91323]]],[[[127.81639,34.9133],[127.8167,34.91293],[127.81724,34.91304],[127.81639,34.9133]]],[[[127.93493,34.91373],[127.93488,34.91358],[127.93348,34.91386],[127.93493,34.91373]]],[[[128.2569,34.91351],[128.25721,34.91345],[128.25751,34.91345],[128.2569,34.91351]]],[[[128.49045,34.91025],[128.49012,34.91016],[128.48981,34.91052],[128.49045,34.91025]]],[[[128.35265,34.9133],[128.35251,34.91317],[128.35249,34.9132],[128.35265,34.9133]]],[[[128.0741,34.9149],[128.07343,34.91523],[128.07356,34.9153],[128.0741,34.9149]]],[[[128.45915,34.91258],[128.459,34.91234],[128.45819,34.91247],[128.45915,34.91258]]],[[[127.82208,34.91615],[127.82195,34.91608],[127.82179,34.91631],[127.82208,34.91615]]],[[[128.72562,34.91214],[128.72558,34.91212],[128.72545,34.9122],[128.72562,34.91214]]],[[[128.56506,34.91219],[128.56491,34.91207],[128.56458,34.91204],[128.56506,34.91219]]],[[[128.08452,34.91734],[128.0826,34.91633],[128.08252,34.91643],[128.08452,34.91734]]],[[[128.08759,34.91835],[128.0874,34.9181],[128.08694,34.91816],[128.08759,34.91835]]],[[[128.00818,34.91904],[128.00807,34.91893],[128.00772,34.91899],[128.00818,34.91904]]],[[[128.26347,34.91605],[128.26232,34.916],[128.26198,34.91644],[128.26347,34.91605]]],[[[128.48392,34.91514],[128.48399,34.91539],[128.48398,34.91556],[128.48392,34.91514]]],[[[127.92815,34.92043],[127.9281,34.92036],[127.928,34.92039],[127.92815,34.92043]]],[[[128.35224,34.91768],[128.35166,34.91742],[128.35144,34.91793],[128.35224,34.91768]]],[[[128.01426,34.92055],[128.01421,34.92041],[128.01411,34.92042],[128.01426,34.92055]]],[[[128.03112,34.92175],[128.01006,34.86709],[128.02479,34.86601],[128.0219,34.88155],[128.03553,34.89747],[128.0386,34.89195],[128.04756,34.89678],[128.03929,34.88841],[128.05843,34.88343],[128.06664,34.86977],[128.05293,34.85212],[128.0623,34.85511],[128.06076,34.84453],[128.07546,34.84414],[128.0868,34.82882],[128.04547,34.83644],[128.02055,34.85347],[128.01736,34.83811],[127.98873,34.83638],[127.96923,34.8437],[127.96215,34.86955],[127.9775,34.87896],[128.0029,34.91515],[128.03042,34.92161],[128.03112,34.92175]]],[[[128.07766,34.9224],[128.07554,34.92196],[128.07551,34.92206],[128.07766,34.9224]]],[[[128.2072,34.92202],[128.20746,34.92173],[128.20724,34.92137],[128.2072,34.92202]]],[[[128.05842,34.92257],[128.05836,34.92257],[128.05836,34.92257],[128.05842,34.92257]]],[[[128.04394,34.92318],[128.04426,34.92297],[128.04447,34.92288],[128.04394,34.92318]]],[[[128.07488,34.92348],[128.07496,34.92342],[128.07498,34.92344],[128.07488,34.92348]]],[[[128.0789,34.92282],[128.07858,34.92277],[128.07824,34.92258],[128.0789,34.92282]]],[[[128.46608,34.90599],[128.46527,34.92235],[128.48016,34.91006],[128.46608,34.90593],[128.46608,34.90599]]],[[[128.09408,34.92495],[128.09386,34.92463],[128.09382,34.92464],[128.09408,34.92495]]],[[[128.31193,34.92166],[128.31162,34.92158],[128.31122,34.9217],[128.31193,34.92166]]],[[[127.83483,34.9261],[127.82871,34.92544],[127.83487,34.92638],[127.83483,34.9261]]],[[[127.84066,34.92442],[127.84071,34.92437],[127.83982,34.92465],[127.84066,34.92442]]],[[[128.06409,34.92478],[128.06435,34.92455],[128.06436,34.92456],[128.06409,34.92478]]],[[[128.5192,34.92285],[128.51945,34.92217],[128.51935,34.92198],[128.5192,34.92285]]],[[[128.03711,34.92594],[128.03707,34.92613],[128.03705,34.92619],[128.03711,34.92594]]],[[[128.04905,34.92649],[128.04889,34.92634],[128.04878,34.92642],[128.04905,34.92649]]],[[[128.03711,34.92594],[128.03713,34.91896],[128.0371,34.92595],[128.03711,34.92594]]],[[[128.04456,34.92742],[128.04509,34.92711],[128.04522,34.92692],[128.04456,34.92742]]],[[[128.30896,34.92526],[128.30889,34.92514],[128.308,34.92572],[128.30896,34.92526]]],[[[128.43473,34.92551],[128.43485,34.92516],[128.43464,34.9252],[128.43473,34.92551]]],[[[128.43429,34.92529],[128.43395,34.9252],[128.43368,34.92507],[128.43429,34.92529]]],[[[128.31843,34.92313],[128.32483,34.92429],[128.31851,34.92299],[128.31843,34.92313]]],[[[127.9318,34.92784],[127.93141,34.9277],[127.93112,34.92792],[127.9318,34.92784]]],[[[128.32883,34.92223],[128.33276,34.92687],[128.32843,34.92265],[128.32883,34.92223]]],[[[128.02959,34.92904],[128.02995,34.92885],[128.02993,34.92888],[128.02959,34.92904]]],[[[128.33327,34.92733],[128.33305,34.92705],[128.33291,34.9271],[128.33327,34.92733]]],[[[128.20429,34.92881],[128.20467,34.92844],[128.20438,34.92861],[128.20429,34.92881]]],[[[128.43765,34.92743],[128.43776,34.92731],[128.43779,34.92722],[128.43765,34.92743]]],[[[127.94285,34.9302],[127.94292,34.92984],[127.94276,34.92961],[127.94285,34.9302]]],[[[128.45289,34.92785],[128.45305,34.92773],[128.453,34.92768],[128.45289,34.92785]]],[[[128.52048,34.92611],[128.5202,34.92554],[128.52004,34.92555],[128.52048,34.92611]]],[[[128.45151,34.92767],[128.45125,34.92755],[128.45069,34.9276],[128.45151,34.92767]]],[[[127.82578,34.93172],[127.8254,34.93155],[127.82533,34.93162],[127.82578,34.93172]]],[[[127.85699,34.93199],[127.85683,34.93198],[127.85647,34.93206],[127.85699,34.93199]]],[[[127.82813,34.93251],[127.82799,34.93248],[127.82785,34.93257],[127.82813,34.93251]]],[[[128.44176,34.92916],[128.44173,34.92915],[128.44151,34.92921],[128.44176,34.92916]]],[[[128.03231,34.93205],[128.03217,34.93183],[128.03172,34.93193],[128.03231,34.93205]]],[[[128.02759,34.9318],[128.0274,34.93172],[128.02718,34.93204],[128.02759,34.9318]]],[[[127.83871,34.93305],[127.83944,34.93253],[127.83952,34.93256],[127.83871,34.93305]]],[[[128.33896,34.93012],[128.33869,34.93011],[128.33831,34.93029],[128.33896,34.93012]]],[[[128.20362,34.93178],[128.20362,34.93164],[128.20345,34.93164],[128.20362,34.93178]]],[[[128.34255,34.93144],[128.34264,34.93124],[128.34272,34.93094],[128.34255,34.93144]]],[[[127.85825,34.93399],[127.85826,34.93374],[127.85822,34.93375],[127.85825,34.93399]]],[[[128.19943,34.93347],[128.19947,34.93352],[128.19951,34.93357],[128.19943,34.93347]]],[[[128.53293,34.93062],[128.53242,34.93056],[128.5318,34.93063],[128.53293,34.93062]]],[[[128.26329,34.9312],[128.26294,34.9306],[128.26291,34.9302],[128.26329,34.9312]]],[[[128.22643,34.93326],[128.21978,34.92449],[128.22647,34.93344],[128.22643,34.93326]]],[[[127.83764,34.93509],[127.83717,34.93504],[127.83711,34.93508],[127.83764,34.93509]]],[[[127.78172,34.93492],[127.78117,34.93486],[127.78113,34.93497],[127.78172,34.93492]]],[[[127.85778,34.93799],[127.85759,34.93794],[127.85756,34.93812],[127.85778,34.93799]]],[[[127.78864,34.93827],[127.78803,34.93809],[127.78812,34.93843],[127.78864,34.93827]]],[[[128.25092,34.9339],[128.25065,34.93381],[128.25052,34.93381],[128.25092,34.9339]]],[[[127.83831,34.93828],[127.83805,34.93826],[127.83795,34.93831],[127.83831,34.93828]]],[[[127.80974,34.93844],[127.80906,34.93832],[127.80907,34.93843],[127.80974,34.93844]]],[[[127.808,34.93888],[127.80788,34.93886],[127.80743,34.93888],[127.808,34.93888]]],[[[128.03006,34.93854],[128.03335,34.93437],[128.02991,34.93859],[128.03006,34.93854]]],[[[127.83137,34.9398],[127.83423,34.92789],[127.82849,34.92984],[127.83133,34.93979],[127.83137,34.9398]]],[[[128.33312,34.93678],[128.3327,34.93669],[128.33245,34.9368],[128.33312,34.93678]]],[[[127.85735,34.93986],[127.85749,34.93969],[127.85779,34.93943],[127.85735,34.93986]]],[[[127.85187,34.94059],[127.85197,34.94042],[127.85186,34.94044],[127.85187,34.94059]]],[[[128.23879,34.93757],[128.23873,34.93755],[128.23873,34.93756],[128.23879,34.93757]]],[[[127.78226,34.9393],[127.77632,34.93995],[127.78235,34.9398],[127.78226,34.9393]]],[[[127.83756,34.94224],[127.83767,34.94221],[127.8378,34.94222],[127.83756,34.94224]]],[[[128.4852,34.93021],[128.48749,34.93896],[128.49101,34.93105],[128.48523,34.93016],[128.4852,34.93021]]],[[[127.9059,34.94298],[127.9059,34.94293],[127.9055,34.94298],[127.9059,34.94298]]],[[[128.48959,34.93993],[128.48938,34.93982],[128.48918,34.93985],[128.48959,34.93993]]],[[[127.81939,34.94415],[127.81943,34.94406],[127.81946,34.94407],[127.81939,34.94415]]],[[[127.8192,34.9443],[127.8192,34.94428],[127.81917,34.94436],[127.8192,34.9443]]],[[[127.81944,34.94498],[127.81936,34.94487],[127.81934,34.94487],[127.81944,34.94498]]],[[[127.81963,34.94505],[127.81953,34.94499],[127.81952,34.94501],[127.81963,34.94505]]],[[[128.3255,34.94194],[128.32505,34.94175],[128.32473,34.94179],[128.3255,34.94194]]],[[[128.03184,34.9432],[128.0316,34.94303],[128.03147,34.94294],[128.03184,34.9432]]],[[[127.96493,34.94477],[127.96447,34.94454],[127.96402,34.94469],[127.96493,34.94477]]],[[[127.89107,34.94678],[127.92573,34.93972],[127.92077,34.93371],[127.92831,34.93143],[127.93023,34.92463],[127.92362,34.9268],[127.92977,34.91448],[127.92052,34.90019],[127.92601,34.89138],[127.90124,34.88402],[127.89752,34.8726],[127.90709,34.85251],[127.91785,34.84815],[127.91711,34.83539],[127.94478,34.82908],[127.94402,34.80936],[127.9661,34.80834],[127.95857,34.81349],[127.99232,34.8333],[128.03058,34.83405],[128.03812,34.82313],[128.05056,34.82767],[128.06589,34.81801],[128.06426,34.80058],[128.05221,34.80054],[128.057,34.79179],[128.04889,34.78243],[128.05842,34.75193],[128.03358,34.72412],[128.05997,34.70994],[128.04649,34.71004],[128.04351,34.70223],[128.02936,34.70871],[128.02391,34.70121],[128.02644,34.71906],[128.01488,34.72454],[128.00753,34.71184],[127.99009,34.72093],[127.98369,34.70932],[127.95778,34.70958],[127.94439,34.74674],[127.95471,34.77283],[127.94946,34.77773],[127.90387,34.76577],[127.9124,34.73651],[127.89082,34.72236],[127.85764,34.72805],[127.86245,34.73307],[127.85262,34.73668],[127.85322,34.74805],[127.83677,34.75043],[127.84133,34.7674],[127.8591,34.77691],[127.84903,34.77528],[127.8542,34.78224],[127.8453,34.77873],[127.84572,34.78698],[127.83556,34.7928],[127.83131,34.80737],[127.84129,34.80754],[127.82808,34.81109],[127.80731,34.85754],[127.81798,34.87459],[127.82863,34.8757],[127.83308,34.89276],[127.82583,34.90299],[127.83653,34.89513],[127.84171,34.90661],[127.86962,34.89767],[127.8514,34.91023],[127.85948,34.92243],[127.85434,34.92746],[127.86674,34.9305],[127.87076,34.94196],[127.89099,34.94681],[127.89107,34.94678]]],[[[128.43535,34.94405],[128.43542,34.94398],[128.43547,34.94395],[128.43535,34.94405]]],[[[127.85962,34.94677],[127.85954,34.94672],[127.85869,34.94755],[127.85962,34.94677]]],[[[127.85899,34.94806],[127.85906,34.94797],[127.85887,34.94788],[127.85899,34.94806]]],[[[127.83973,34.94813],[127.83957,34.94812],[127.83935,34.94823],[127.83973,34.94813]]],[[[128.58469,34.9466],[128.5847,34.94649],[128.58464,34.94648],[128.58469,34.9466]]],[[[127.88691,34.95179],[127.88681,34.95169],[127.88671,34.95163],[127.88691,34.95179]]],[[[128.32054,34.94931],[128.32048,34.94923],[128.32024,34.94929],[128.32054,34.94931]]],[[[128.58517,34.94696],[128.58486,34.94691],[128.58419,34.94703],[128.58517,34.94696]]],[[[127.84418,34.9537],[127.84412,34.95369],[127.84399,34.9537],[127.84418,34.9537]]],[[[127.90108,34.95501],[127.90105,34.95494],[127.90081,34.95498],[127.90108,34.95501]]],[[[127.90179,34.95818],[127.90143,34.95808],[127.9014,34.95824],[127.90179,34.95818]]],[[[127.90256,34.96145],[127.90232,34.96141],[127.9023,34.96161],[127.90256,34.96145]]],[[[127.97196,34.96304],[127.97234,34.96255],[127.97205,34.96212],[127.97196,34.96304]]],[[[127.95255,34.96297],[127.95242,34.96294],[127.95228,34.96299],[127.95255,34.96297]]],[[[127.94871,34.96166],[127.94845,34.96157],[127.9481,34.96178],[127.94871,34.96166]]],[[[127.95828,34.96294],[127.9577,34.96266],[127.95748,34.96306],[127.95828,34.96294]]],[[[128.01431,34.9618],[128.01405,34.96171],[128.01371,34.96192],[128.01431,34.9618]]],[[[127.90186,34.96449],[127.90147,34.96443],[127.90154,34.96451],[127.90186,34.96449]]],[[[127.96478,34.9662],[127.96133,34.96112],[127.96439,34.96614],[127.96478,34.9662]]],[[[127.9204,34.96824],[127.91977,34.96793],[127.91957,34.96798],[127.9204,34.96824]]],[[[128.50618,34.96721],[128.50616,34.96719],[128.50612,34.9672],[128.50618,34.96721]]],[[[128.48725,34.96674],[128.49009,34.95396],[128.48387,34.95587],[128.48699,34.96692],[128.48725,34.96674]]],[[[127.91739,34.97262],[127.91734,34.97244],[127.91703,34.97224],[127.91739,34.97262]]],[[[127.92273,34.97326],[127.92248,34.97313],[127.92232,34.97315],[127.92273,34.97326]]],[[[127.93771,34.97391],[127.93749,34.97378],[127.93732,34.97379],[127.93771,34.97391]]],[[[127.99944,34.97355],[127.99926,34.97351],[127.99897,34.97381],[127.99944,34.97355]]],[[[127.97797,34.97539],[127.97779,34.97526],[127.97768,34.97532],[127.97797,34.97539]]],[[[127.97944,34.97515],[127.97917,34.97499],[127.97895,34.97507],[127.97944,34.97515]]],[[[127.94241,34.97595],[127.94223,34.97583],[127.94204,34.97597],[127.94241,34.97595]]],[[[128.72772,34.9701],[128.73591,34.9677],[128.72281,34.96661],[128.72758,34.97012],[128.72772,34.9701]]],[[[127.91822,34.97667],[127.91839,34.97653],[127.91995,34.97658],[127.91822,34.97667]]],[[[127.91565,34.97537],[127.91546,34.9752],[127.91531,34.97533],[127.91565,34.97537]]],[[[127.99895,34.97716],[127.9989,34.97678],[127.9988,34.97675],[127.99895,34.97716]]],[[[127.99592,34.97783],[127.99398,34.97261],[127.99551,34.97779],[127.99592,34.97783]]],[[[128.63784,34.97428],[128.63766,34.974],[128.63738,34.97405],[128.63784,34.97428]]],[[[128.52729,34.92872],[128.51198,34.9435],[128.51923,34.95157],[128.51211,34.96445],[128.5177,34.97559],[128.53773,34.96447],[128.52127,34.9558],[128.53397,34.94139],[128.52594,34.93987],[128.52733,34.92878],[128.52729,34.92872]]],[[[127.93744,34.97809],[127.93765,34.97805],[127.93834,34.97832],[127.93744,34.97809]]],[[[127.92564,34.97929],[127.92554,34.97917],[127.92499,34.97942],[127.92564,34.97929]]],[[[127.91608,34.97822],[127.91539,34.97821],[127.91533,34.97854],[127.91608,34.97822]]],[[[127.95983,34.97989],[127.95946,34.97964],[127.95942,34.97968],[127.95983,34.97989]]],[[[128.75527,34.97397],[128.75512,34.97387],[128.75488,34.9739],[128.75527,34.97397]]],[[[128.75611,34.97431],[128.75578,34.97429],[128.75573,34.97438],[128.75611,34.97431]]],[[[128.51626,34.97633],[128.51612,34.97607],[128.51522,34.97641],[128.51626,34.97633]]],[[[127.95285,34.98092],[127.95261,34.98077],[127.95245,34.98079],[127.95285,34.98092]]],[[[128.63359,34.97347],[128.63346,34.9726],[128.63374,34.97188],[128.63359,34.97347]]],[[[128.00003,34.98146],[127.99992,34.98142],[127.99954,34.9816],[128.00003,34.98146]]],[[[128.53922,34.97845],[128.53897,34.97844],[128.53893,34.97854],[128.53922,34.97845]]],[[[128.75137,34.97695],[128.75134,34.97691],[128.75112,34.97692],[128.75137,34.97695]]],[[[127.91768,34.98291],[127.9177,34.98285],[127.91756,34.98292],[127.91768,34.98291]]],[[[128.74876,34.97932],[128.74849,34.97905],[128.74833,34.97905],[128.74876,34.97932]]],[[[127.92305,34.98379],[127.92308,34.98352],[127.923,34.98341],[127.92305,34.98379]]],[[[128.71078,34.98058],[128.71059,34.98055],[128.71055,34.98072],[128.71078,34.98058]]],[[[127.93945,34.98577],[127.93953,34.98571],[127.93968,34.98572],[127.93945,34.98577]]],[[[127.96756,34.98949],[127.96571,34.98207],[127.98289,34.97323],[127.98028,34.96868],[127.98718,34.97323],[127.99506,34.96739],[127.98304,34.96323],[127.96233,34.9718],[127.96803,34.98994],[127.96756,34.98949]]],[[[127.91889,34.99437],[127.91888,34.99436],[127.91861,34.99451],[127.91889,34.99437]]],[[[128.56949,34.98951],[128.5692,34.98917],[128.56914,34.98921],[128.56949,34.98951]]],[[[127.93218,34.99739],[127.93196,34.99728],[127.93177,34.99737],[127.93218,34.99739]]],[[[127.92142,34.99883],[127.92141,34.99826],[127.92129,34.9984],[127.92142,34.99883]]],[[[128.5693,34.99849],[128.56926,34.99817],[128.56847,34.99829],[128.5693,34.99849]]],[[[127.93367,35.00138],[127.93351,35.00125],[127.9333,35.00126],[127.93367,35.00138]]],[[[127.93615,35.00207],[127.93592,35.00204],[127.9356,35.00245],[127.93615,35.00207]]],[[[127.93322,35.00414],[127.93279,35.00409],[127.9327,35.00418],[127.93322,35.00414]]],[[[128.66517,34.99933],[128.66478,34.999],[128.66384,34.99988],[128.66517,34.99933]]],[[[128.66255,35.0008],[128.66252,35.00045],[128.66197,35.00051],[128.66255,35.0008]]],[[[128.6264,35.00664],[128.61946,35.011],[128.62647,35.00655],[128.6264,35.00664]]],[[[128.03678,35.01663],[128.03667,35.01652],[128.03648,35.01653],[128.03678,35.01663]]],[[[128.6417,35.02053],[128.6397,35.01563],[128.64125,35.02072],[128.6417,35.02053]]],[[[128.64739,34.98873],[128.64464,34.9785],[128.62853,34.9759],[128.62167,34.98343],[128.60853,34.97533],[128.62662,34.99311],[128.61703,34.99902],[128.63452,34.99868],[128.63134,35.00863],[128.64806,35.02125],[128.6548,35.0126],[128.64727,34.9889],[128.64739,34.98873]]],[[[128.73956,35.02074],[128.74618,35.01498],[128.73872,35.02118],[128.73956,35.02074]]],[[[128.67208,35.02284],[128.67192,35.02235],[128.67168,35.02248],[128.67208,35.02284]]],[[[128.0226,35.03071],[128.02252,35.03066],[128.0224,35.03071],[128.0226,35.03071]]],[[[128.04022,35.0342],[128.03979,35.03398],[128.03965,35.034],[128.04022,35.0342]]],[[[128.72852,35.03109],[128.7287,35.03119],[128.72879,35.03116],[128.72852,35.03109]]],[[[128.72715,35.03153],[128.72687,35.0313],[128.72675,35.03135],[128.72715,35.03153]]],[[[128.70753,35.03182],[128.70743,35.03178],[128.70742,35.0318],[128.70753,35.03182]]],[[[128.00488,35.03839],[128.0053,35.03833],[128.00569,35.03837],[128.00488,35.03839]]],[[[128.71813,35.03929],[128.71756,35.03886],[128.71697,35.039],[128.71813,35.03929]]],[[[128.52596,34.9212],[128.53839,34.92114],[128.56585,34.89902],[128.57593,34.90092],[128.57081,34.90823],[128.58258,34.9143],[128.58538,34.90537],[128.60647,34.90688],[128.60642,34.89737],[128.61112,34.9015],[128.62423,34.89222],[128.61502,34.91684],[128.60816,34.91501],[128.61115,34.92349],[128.58684,34.9413],[128.58855,34.9524],[128.59655,34.95073],[128.59824,34.96585],[128.60577,34.96994],[128.61118,34.96512],[128.60512,34.95789],[128.63268,34.96089],[128.63283,34.96655],[128.64939,34.95727],[128.6503,34.97933],[128.65968,34.98137],[128.65442,34.98918],[128.66736,34.98793],[128.65938,34.99779],[128.68154,34.98969],[128.67326,35.0003],[128.6822,35.00677],[128.66811,35.01058],[128.67504,35.03127],[128.68495,35.03372],[128.67509,35.04017],[128.69365,35.03031],[128.69884,35.03652],[128.71184,35.03129],[128.72149,35.01835],[128.71199,35.00499],[128.70196,35.00669],[128.70657,34.9962],[128.69354,34.99767],[128.70043,34.99043],[128.69494,34.97714],[128.7169,34.96368],[128.72683,34.93844],[128.71496,34.93665],[128.72376,34.91463],[128.7106,34.91146],[128.71731,34.90125],[128.69667,34.8913],[128.69466,34.87873],[128.70503,34.87944],[128.70982,34.86879],[128.72471,34.88905],[128.73995,34.88485],[128.75227,34.89418],[128.73843,34.878],[128.7428,34.86748],[128.72373,34.86485],[128.73515,34.84379],[128.72616,34.84129],[128.71701,34.84968],[128.70083,34.83688],[128.71031,34.82836],[128.72245,34.8392],[128.71889,34.82162],[128.7394,34.78737],[128.70987,34.79512],[128.71532,34.80104],[128.70862,34.81292],[128.69681,34.80742],[128.69482,34.79719],[128.68879,34.79796],[128.69132,34.80857],[128.66731,34.8126],[128.666,34.79333],[128.67303,34.78584],[128.6584,34.77475],[128.64331,34.77706],[128.6379,34.76131],[128.65138,34.74236],[128.66879,34.74493],[128.68207,34.73668],[128.67515,34.73724],[128.67566,34.72931],[128.67165,34.73929],[128.62837,34.73011],[128.62733,34.73701],[128.61997,34.73029],[128.62981,34.72922],[128.63819,34.70762],[128.62603,34.71408],[128.61032,34.70229],[128.58849,34.70987],[128.58031,34.70339],[128.58573,34.72255],[128.60738,34.73181],[128.57567,34.73933],[128.5797,34.7621],[128.601,34.76389],[128.59167,34.77055],[128.59773,34.77723],[128.57525,34.77889],[128.55633,34.76691],[128.55217,34.77445],[128.56883,34.78639],[128.55655,34.7895],[128.54324,34.77533],[128.53871,34.78733],[128.58024,34.7945],[128.58608,34.82052],[128.60168,34.82983],[128.58997,34.83071],[128.59596,34.83576],[128.58743,34.83128],[128.57697,34.84385],[128.58734,34.84075],[128.5888,34.84698],[128.57288,34.85441],[128.56315,34.83322],[128.52397,34.83246],[128.52817,34.82161],[128.51915,34.82292],[128.52358,34.81638],[128.51044,34.80899],[128.50101,34.82395],[128.50806,34.8381],[128.49502,34.83276],[128.482,34.8403],[128.48158,34.85541],[128.47531,34.85584],[128.47606,34.88376],[128.50239,34.9022],[128.49741,34.90714],[128.50671,34.90379],[128.50037,34.91124],[128.51455,34.90892],[128.5259,34.9211],[128.52596,34.9212]]],[[[128.41343,35.05537],[128.41337,35.0552],[128.41332,35.0552],[128.41343,35.05537]]],[[[128.66913,35.05666],[128.66916,35.05655],[128.66903,35.05669],[128.66913,35.05666]]],[[[128.66806,35.06109],[128.67188,35.05642],[128.66253,35.05993],[128.66781,35.06091],[128.66806,35.06109]]],[[[128.43484,35.06344],[128.43481,35.06342],[128.4348,35.06345],[128.43484,35.06344]]],[[[128.632,35.06598],[128.63039,35.06571],[128.63038,35.06576],[128.632,35.06598]]],[[[128.71199,35.06473],[128.71,35.06428],[128.70965,35.0649],[128.71199,35.06473]]],[[[128.57287,35.06449],[128.57283,35.06444],[128.57263,35.06446],[128.57287,35.06449]]],[[[128.57548,35.067],[128.5756,35.0667],[128.5758,35.06669],[128.57548,35.067]]],[[[128.76708,35.06666],[128.77817,35.0586],[128.7619,35.06137],[128.76694,35.06669],[128.76708,35.06666]]],[[[128.63857,35.06686],[128.63829,35.06682],[128.63829,35.06682],[128.63857,35.06686]]],[[[128.55297,35.06966],[128.56794,35.054],[128.55605,35.05333],[128.54228,35.06904],[128.55275,35.06986],[128.55297,35.06966]]],[[[128.49631,35.0696],[128.4959,35.06944],[128.49556,35.06955],[128.49631,35.0696]]],[[[128.55541,35.07377],[128.56318,35.07273],[128.5551,35.07374],[128.55541,35.07377]]],[[[128.54829,35.07371],[128.54809,35.07361],[128.54781,35.07363],[128.54829,35.07371]]],[[[128.50097,35.07526],[128.50098,35.07524],[128.50062,35.07535],[128.50097,35.07526]]],[[[128.71455,35.07613],[128.71417,35.07577],[128.7142,35.07648],[128.71455,35.07613]]],[[[128.55409,35.07794],[128.55391,35.07794],[128.55345,35.07806],[128.55409,35.07794]]],[[[128.69762,35.07917],[128.69771,35.07793],[128.69724,35.07721],[128.69762,35.07917]]],[[[128.56215,35.08155],[128.56255,35.08149],[128.56267,35.08151],[128.56215,35.08155]]],[[[128.69432,35.08029],[128.69428,35.08028],[128.69427,35.08032],[128.69432,35.08029]]],[[[128.55814,35.08226],[128.55801,35.08219],[128.55801,35.08219],[128.55814,35.08226]]],[[[128.48904,35.08356],[128.4952,35.07979],[128.4887,35.07735],[128.48898,35.08357],[128.48904,35.08356]]],[[[128.54815,35.08337],[128.54874,35.08174],[128.54874,35.08174],[128.54815,35.08337]]],[[[128.74434,35.08047],[128.75016,35.07886],[128.74003,35.07217],[128.74453,35.08072],[128.74434,35.08047]]],[[[128.56307,35.08347],[128.56338,35.08309],[128.56303,35.08293],[128.56307,35.08347]]],[[[128.70937,35.08225],[128.70979,35.08202],[128.70981,35.08209],[128.70937,35.08225]]],[[[128.54457,35.08523],[128.54312,35.07727],[128.54437,35.0855],[128.54457,35.08523]]],[[[128.48976,35.08727],[128.48965,35.08704],[128.48965,35.08704],[128.48976,35.08727]]],[[[128.48795,35.09121],[128.48779,35.09109],[128.48736,35.09113],[128.48795,35.09121]]],[[[128.72276,35.08872],[128.71774,35.08427],[128.72263,35.08916],[128.72276,35.08872]]],[[[128.51056,35.09057],[128.51056,35.09057],[128.51052,35.09063],[128.51056,35.09057]]],[[[128.49326,35.09381],[128.49499,35.08488],[128.49303,35.09392],[128.49326,35.09381]]],[[[128.71975,35.09291],[128.71996,35.09276],[128.72016,35.09283],[128.71975,35.09291]]],[[[128.51367,35.0963],[128.51373,35.09621],[128.51379,35.09614],[128.51367,35.0963]]],[[[128.71883,35.09438],[128.71883,35.09438],[128.71885,35.09438],[128.71883,35.09438]]],[[[128.52043,35.09664],[128.51678,35.0889],[128.52009,35.09662],[128.52043,35.09664]]],[[[128.72211,35.09527],[128.72184,35.09516],[128.72157,35.09518],[128.72211,35.09527]]],[[[128.67872,35.09815],[128.67858,35.09809],[128.67845,35.09813],[128.67872,35.09815]]],[[[128.67945,35.09817],[128.67903,35.09817],[128.67901,35.09824],[128.67945,35.09817]]],[[[128.67157,35.09826],[128.67103,35.09804],[128.67052,35.09834],[128.67157,35.09826]]],[[[128.52505,35.10238],[128.5248,35.10222],[128.5248,35.10222],[128.52505,35.10238]]],[[[128.6559,35.10503],[128.66169,35.10498],[128.65408,35.10152],[128.66066,35.09414],[128.64383,35.10261],[128.65541,35.1051],[128.6559,35.10503]]],[[[128.53946,35.1079],[128.53937,35.10787],[128.53934,35.10796],[128.53946,35.1079]]],[[[128.5368,35.1104],[128.53688,35.11031],[128.53718,35.11025],[128.5368,35.1104]]],[[[128.60091,35.11054],[128.60098,35.11054],[128.60106,35.11054],[128.60091,35.11054]]],[[[128.66851,35.11191],[128.66839,35.1117],[128.66797,35.1117],[128.66851,35.11191]]],[[[128.6692,35.11612],[128.669,35.11611],[128.66878,35.11631],[128.6692,35.11612]]],[[[128.65301,35.12058],[128.65317,35.12042],[128.65354,35.12048],[128.65301,35.12058]]],[[[128.58256,35.12845],[128.58256,35.12844],[128.58251,35.12854],[128.58256,35.12845]]],[[[128.62623,35.12728],[128.62586,35.12713],[128.62562,35.12718],[128.62623,35.12728]]],[[[128.6856,35.13043],[128.68541,35.13028],[128.68487,35.13048],[128.6856,35.13043]]],[[[128.59989,35.13788],[128.59965,35.13782],[128.59972,35.13804],[128.59989,35.13788]]],[[[128.69322,35.13433],[128.69309,35.13422],[128.69298,35.1343],[128.69322,35.13433]]],[[[128.57983,35.1801],[128.58405,35.1772],[128.57983,35.18011],[128.57983,35.1801]]],[[[128.19943,34.93347],[128.20461,34.92508],[128.19598,34.91142],[128.2023,34.89413],[128.18829,34.89346],[128.18559,34.90673],[128.18389,34.89478],[128.17784,34.90741],[128.17114,34.90379],[128.17654,34.89571],[128.1659,34.90344],[128.1671,34.89705],[128.15667,34.90963],[128.14574,34.90528],[128.14972,34.89909],[128.14179,34.90381],[128.13291,34.88844],[128.11849,34.9102],[128.10243,34.9003],[128.11151,34.90236],[128.10131,34.91468],[128.12159,34.92285],[128.09775,34.92074],[128.09641,34.92694],[128.08324,34.91708],[128.08799,34.92618],[128.06711,34.92316],[128.0731,34.92609],[128.03935,34.94024],[128.0301,34.95839],[128.05256,34.97695],[128.03877,34.98951],[128.03794,35.00138],[128.051,35.0161],[128.04491,35.02462],[128.03488,35.02305],[128.04234,35.03226],[128.03844,35.05251],[128.06247,35.07911],[128.05422,35.08178],[128.0584,35.091],[128.04602,35.07542],[128.03455,35.07742],[128.04091,35.07181],[128.02482,35.056],[128.03091,35.04941],[128.02064,35.02877],[128.00592,35.03358],[128.01972,35.04092],[128.00981,35.05006],[128.01402,35.03961],[127.98587,35.04671],[127.97998,35.03469],[127.97355,35.03904],[127.97687,35.03141],[127.996,35.0376],[128.0075,35.01288],[128.01822,35.0101],[128.01371,34.99026],[128.00745,34.99599],[128.00795,34.98243],[128.00535,34.9883],[127.99985,34.98361],[127.99777,34.99613],[127.99521,34.98447],[127.98853,34.98877],[127.98819,34.97682],[127.96413,34.99502],[127.95773,34.98423],[127.94704,34.98358],[127.95294,34.97557],[127.93489,34.98156],[127.9445,34.98408],[127.93241,34.99265],[127.94479,34.99938],[127.93502,34.99799],[127.94193,35.0015],[127.92964,35.0135],[127.91676,35.01146],[127.91005,35.02711],[127.90613,35.02303],[127.9223,35.00706],[127.91426,34.99269],[127.9223,34.98874],[127.91686,34.98146],[127.90901,34.98864],[127.91174,34.97273],[127.90137,34.97214],[127.89618,34.95543],[127.84712,34.94688],[127.84048,34.96345],[127.83864,34.95017],[127.82253,34.95462],[127.82887,34.94808],[127.8151,34.94897],[127.81551,34.93987],[127.78558,34.94043],[127.76548,34.97209],[127.75939,34.96678],[127.78004,34.98919],[127.78682,35.01021],[127.76807,35.0504],[127.71612,35.08347],[127.69533,35.10538],[127.68868,35.13517],[127.62262,35.18494],[127.61525,35.25039],[127.57737,35.29516],[127.57688,35.3084],[127.62074,35.33249],[127.62333,35.34217],[127.6102,35.36592],[127.62565,35.37691],[127.63692,35.40104],[127.66047,35.41443],[127.67407,35.44572],[127.64519,35.44913],[127.63669,35.45935],[127.63661,35.47821],[127.65311,35.48687],[127.62521,35.52577],[127.62869,35.53598],[127.61272,35.53564],[127.58486,35.55391],[127.61119,35.58389],[127.61302,35.60825],[127.63534,35.61848],[127.6201,35.64614],[127.64021,35.67216],[127.645,35.6986],[127.66099,35.70986],[127.6635,35.76404],[127.71939,35.79732],[127.74445,35.84442],[127.76885,35.83831],[127.80436,35.85869],[127.81392,35.85362],[127.82656,35.86835],[127.84175,35.86625],[127.85954,35.90649],[127.88506,35.90961],[127.88478,35.89311],[127.89352,35.8868],[127.92022,35.89322],[127.93322,35.8644],[127.92578,35.85562],[127.95118,35.86164],[127.97398,35.85207],[127.98175,35.85874],[128.01178,35.82893],[128.02978,35.83565],[128.05165,35.82988],[128.06979,35.8412],[128.12285,35.82261],[128.12863,35.78934],[128.15904,35.78367],[128.16326,35.76292],[128.18928,35.75176],[128.20125,35.72316],[128.20482,35.68392],[128.16392,35.67346],[128.1615,35.65379],[128.18595,35.65754],[128.20123,35.64372],[128.22973,35.63946],[128.24351,35.65545],[128.26234,35.64274],[128.29728,35.65632],[128.34917,35.64645],[128.36463,35.61336],[128.3824,35.60654],[128.42274,35.62512],[128.43099,35.62165],[128.44648,35.63841],[128.50571,35.63927],[128.50755,35.67286],[128.52998,35.68301],[128.53663,35.62426],[128.55873,35.6148],[128.56058,35.60345],[128.56941,35.60396],[128.58478,35.58644],[128.6058,35.58024],[128.63653,35.5847],[128.65529,35.59789],[128.6876,35.59503],[128.70331,35.57801],[128.72462,35.58148],[128.75814,35.56749],[128.78773,35.5675],[128.80166,35.5886],[128.82629,35.59678],[128.8457,35.58962],[128.88146,35.63548],[128.88877,35.62886],[128.91505,35.64062],[128.94115,35.63507],[128.96088,35.61558],[128.98264,35.60871],[129.00274,35.62026],[129.02302,35.61344],[129.0189,35.58382],[128.97119,35.5603],[128.98092,35.54637],[128.98935,35.5516],[128.99699,35.54497],[128.99459,35.52813],[129.01296,35.52314],[129.05582,35.53227],[129.05264,35.51445],[129.10527,35.49647],[129.10832,35.48107],[129.14047,35.44763],[129.16565,35.43212],[129.1965,35.43834],[129.20214,35.42155],[129.21818,35.41153],[129.19359,35.38209],[129.19876,35.3665],[129.17819,35.35177],[129.11818,35.36903],[129.13459,35.35145],[129.11059,35.30671],[129.08835,35.30261],[129.07427,35.29076],[129.05836,35.29484],[129.0475,35.27421],[129.01348,35.27376],[128.99429,35.23404],[128.944,35.22833],[128.92013,35.21642],[128.90948,35.22306],[128.90969,35.21546],[128.87899,35.20999],[128.87035,35.20156],[128.88168,35.1822],[128.88085,35.17145],[128.87235,35.17227],[128.88193,35.16172],[128.87417,35.15859],[128.87666,35.15128],[128.86518,35.15819],[128.87295,35.16253],[128.86739,35.16771],[128.82753,35.15559],[128.79452,35.15854],[128.80213,35.1419],[128.83298,35.12994],[128.84296,35.11316],[128.83554,35.10213],[128.82347,35.10188],[128.82113,35.09272],[128.80247,35.08982],[128.82866,35.08993],[128.81151,35.07758],[128.79729,35.07756],[128.79594,35.08374],[128.78139,35.07753],[128.78944,35.09394],[128.80279,35.09822],[128.78872,35.09852],[128.78982,35.11336],[128.77255,35.09914],[128.75339,35.10543],[128.78409,35.09753],[128.77918,35.08289],[128.76503,35.08302],[128.7663,35.06854],[128.76391,35.07795],[128.73885,35.08352],[128.74369,35.09987],[128.72875,35.09022],[128.72444,35.09764],[128.71425,35.09547],[128.71345,35.10684],[128.69173,35.09899],[128.68811,35.1089],[128.70085,35.11669],[128.69631,35.13878],[128.68764,35.14163],[128.68999,35.15108],[128.67083,35.14248],[128.67767,35.12638],[128.66647,35.11879],[128.65946,35.13642],[128.64446,35.13562],[128.64706,35.15047],[128.62489,35.14727],[128.61875,35.13587],[128.62871,35.13256],[128.60701,35.1379],[128.61505,35.14466],[128.60829,35.15251],[128.61123,35.16377],[128.59815,35.16532],[128.58932,35.1994],[128.63447,35.22112],[128.58877,35.20974],[128.5877,35.22048],[128.58462,35.20344],[128.56456,35.18455],[128.59078,35.15792],[128.58282,35.15675],[128.59136,35.15243],[128.58519,35.14644],[128.5977,35.1419],[128.58698,35.13042],[128.57902,35.1396],[128.56997,35.13327],[128.58238,35.12735],[128.60008,35.13194],[128.59913,35.12415],[128.58579,35.12033],[128.59949,35.11913],[128.60115,35.10235],[128.62729,35.08378],[128.60322,35.08119],[128.60281,35.07443],[128.63424,35.06823],[128.57319,35.05467],[128.59695,35.06978],[128.56282,35.06711],[128.56421,35.08243],[128.58561,35.08659],[128.54643,35.09299],[128.54839,35.10043],[128.54143,35.10148],[128.54887,35.1074],[128.53951,35.10817],[128.5377,35.12069],[128.51778,35.09797],[128.49493,35.10121],[128.48394,35.11281],[128.48545,35.10203],[128.4774,35.09815],[128.4505,35.1062],[128.44662,35.09759],[128.47927,35.0784],[128.43916,35.07251],[128.42778,35.05513],[128.41515,35.05547],[128.41636,35.06397],[128.38312,35.04597],[128.36353,35.04726],[128.38215,35.03657],[128.36526,35.03097],[128.37512,35.02406],[128.36597,35.02156],[128.3684,35.01559],[128.39089,35.01574],[128.38956,35.03497],[128.45045,35.05149],[128.44452,35.06606],[128.45266,35.07124],[128.46007,35.06265],[128.46888,35.07532],[128.48191,35.06552],[128.47484,35.05489],[128.48208,35.05254],[128.4588,35.04707],[128.47379,35.03431],[128.47647,35.04214],[128.48563,35.03832],[128.48524,35.02245],[128.5001,35.02097],[128.49241,35.00549],[128.48322,35.01046],[128.47825,34.99302],[128.46367,34.99818],[128.46663,34.98804],[128.40728,34.99401],[128.40818,34.98244],[128.43423,34.98505],[128.44362,34.97765],[128.42472,34.9403],[128.43569,34.93145],[128.4283,34.92826],[128.42863,34.91423],[128.41769,34.91027],[128.42566,34.90467],[128.41532,34.89677],[128.42144,34.87265],[128.43279,34.87745],[128.43201,34.88796],[128.44603,34.88878],[128.43902,34.89282],[128.45144,34.9023],[128.43815,34.91199],[128.44396,34.91429],[128.45322,34.91445],[128.46036,34.90494],[128.45392,34.90055],[128.47579,34.88972],[128.46857,34.88749],[128.46629,34.87113],[128.45928,34.88425],[128.45492,34.88131],[128.45643,34.86478],[128.44658,34.86393],[128.4521,34.84738],[128.43188,34.84252],[128.44166,34.84057],[128.43039,34.83744],[128.42457,34.84448],[128.39419,34.82916],[128.38345,34.83551],[128.38831,34.84263],[128.37459,34.84125],[128.36958,34.84996],[128.3846,34.86114],[128.4208,34.86237],[128.38678,34.86725],[128.39102,34.87353],[128.38117,34.87304],[128.37981,34.89043],[128.37761,34.88242],[128.36882,34.88529],[128.37352,34.86939],[128.35615,34.8711],[128.35747,34.88183],[128.34907,34.88751],[128.34505,34.87268],[128.34133,34.88211],[128.32851,34.87561],[128.32811,34.88649],[128.31974,34.87967],[128.30927,34.88527],[128.29751,34.90141],[128.30789,34.90855],[128.3559,34.90901],[128.35456,34.91939],[128.3461,34.9215],[128.35066,34.92368],[128.33533,34.921],[128.34567,34.93692],[128.33541,34.93607],[128.34055,34.94833],[128.32991,34.94741],[128.33258,34.95688],[128.32156,34.95642],[128.32048,34.96307],[128.31492,34.95797],[128.32032,34.9446],[128.29922,34.93644],[128.30077,34.91349],[128.28862,34.91003],[128.28111,34.91612],[128.28275,34.90468],[128.27275,34.89989],[128.27617,34.90988],[128.26619,34.91226],[128.25716,34.93013],[128.26853,34.92997],[128.2679,34.94069],[128.25653,34.93675],[128.24952,34.94367],[128.24496,34.93606],[128.24663,34.9436],[128.22716,34.94097],[128.22292,34.94666],[128.20876,34.93613],[128.20037,34.93986],[128.19939,34.93347],[128.19943,34.93347]],[[127.8369,34.95955],[127.82969,34.95161],[127.83855,34.95026],[127.83719,34.95965],[127.8369,34.95955]],[[127.83199,34.95653],[127.83246,34.95665],[127.83296,34.95664],[127.83199,34.95653]],[[127.80835,34.94722],[127.8097,34.94085],[127.81855,34.94255],[127.80841,34.94738],[127.80835,34.94722]],[[128.1196,34.92266],[128.11961,34.92266],[128.11948,34.92267],[128.1196,34.92266]],[[128.39678,34.83219],[128.39679,34.8322],[128.39679,34.8324],[128.39678,34.83219]]],[[[127.81335,34.94047],[127.81327,34.94035],[127.81269,34.94062],[127.81335,34.94047]]],[[[127.81306,34.94418],[127.81285,34.94394],[127.81248,34.94402],[127.81306,34.94418]]]]}},{"type":"Feature","properties":{"region":"인천","name":"인천"},"geometry":{"type":"MultiPolygon","coordinates":[[[[125.79162,36.92244],[125.79169,36.92218],[125.79186,36.92224],[125.79162,36.92244]]],[[[125.82379,36.95505],[125.82382,36.9545],[125.82379,36.95426],[125.82379,36.95505]]],[[[125.82465,36.95538],[125.82449,36.95534],[125.8242,36.9556],[125.82465,36.95538]]],[[[125.82544,36.95722],[125.82531,36.95666],[125.82525,36.95661],[125.82544,36.95722]]],[[[125.81896,36.95881],[125.81828,36.95351],[125.81886,36.95879],[125.81896,36.95881]]],[[[125.74422,36.97267],[125.74398,36.97262],[125.74387,36.97265],[125.74422,36.97267]]],[[[125.74641,36.97324],[125.74642,36.97283],[125.74658,36.97284],[125.74641,36.97324]]],[[[126.00854,37.02902],[126.00851,37.02898],[126.00841,37.02902],[126.00854,37.02902]]],[[[126.01859,37.02778],[126.01797,37.02736],[126.0178,37.0274],[126.01859,37.02778]]],[[[125.9806,37.032],[125.9804,37.03186],[125.98007,37.0319],[125.9806,37.032]]],[[[126.02459,37.03741],[126.02488,37.03709],[126.02509,37.03697],[126.02459,37.03741]]],[[[125.97887,37.03651],[125.97875,37.03643],[125.97847,37.03649],[125.97887,37.03651]]],[[[126.02655,37.03802],[126.02616,37.03784],[126.02611,37.0379],[126.02655,37.03802]]],[[[125.98541,37.04003],[125.99417,37.03714],[125.99383,37.0268],[126.01656,37.02595],[125.99459,37.0187],[125.97898,37.03374],[125.98539,37.04048],[125.98541,37.04003]]],[[[126.0297,37.04182],[126.02937,37.04176],[126.02914,37.0418],[126.0297,37.04182]]],[[[126.01367,37.05683],[126.01339,37.05675],[126.01343,37.05696],[126.01367,37.05683]]],[[[126.00993,37.05766],[126.01015,37.05749],[126.01037,37.0575],[126.00993,37.05766]]],[[[125.96238,37.05828],[125.96245,37.05809],[125.96258,37.05815],[125.96238,37.05828]]],[[[125.96855,37.05871],[125.96833,37.0587],[125.96847,37.059],[125.96855,37.05871]]],[[[125.96822,37.05885],[125.9682,37.05869],[125.96797,37.05874],[125.96822,37.05885]]],[[[125.96702,37.05888],[125.96616,37.05882],[125.9662,37.05899],[125.96702,37.05888]]],[[[125.96251,37.05991],[125.96244,37.0599],[125.96223,37.05996],[125.96251,37.05991]]],[[[125.96212,37.06053],[125.96204,37.06041],[125.9619,37.06045],[125.96212,37.06053]]],[[[125.99456,37.06603],[125.99905,37.05796],[125.99297,37.06464],[125.99456,37.06603]]],[[[125.94439,37.0668],[125.9444,37.06623],[125.94332,37.0665],[125.94439,37.0668]]],[[[125.99297,37.06709],[125.99259,37.06695],[125.99163,37.06743],[125.99297,37.06709]]],[[[126.00565,37.06992],[126.00545,37.06976],[126.00528,37.06971],[126.00565,37.06992]]],[[[125.95533,37.07315],[125.95522,37.07311],[125.95502,37.07348],[125.95533,37.07315]]],[[[126.02084,37.06987],[126.01255,37.0638],[126.01661,37.07818],[126.02094,37.07052],[126.02084,37.06987]]],[[[126.01503,37.07805],[126.01313,37.07782],[126.01237,37.07895],[126.01503,37.07805]]],[[[125.97243,37.07996],[125.97176,37.07981],[125.97154,37.0799],[125.97243,37.07996]]],[[[125.99507,37.08036],[125.99574,37.07974],[125.99548,37.07969],[125.99507,37.08036]]],[[[125.9886,37.08219],[125.98936,37.0821],[125.98972,37.08214],[125.9886,37.08219]]],[[[125.99963,37.08285],[125.99954,37.0827],[125.99826,37.08296],[125.99963,37.08285]]],[[[125.95613,37.08446],[125.95621,37.08444],[125.95626,37.08445],[125.95613,37.08446]]],[[[125.98556,37.0838],[125.98515,37.08363],[125.98496,37.08371],[125.98556,37.0838]]],[[[125.99986,37.08927],[126.00013,37.08908],[126.0002,37.08913],[125.99986,37.08927]]],[[[125.95626,37.09108],[125.9647,37.08101],[125.95248,37.08622],[125.95012,37.06718],[125.941,37.08088],[125.95638,37.09148],[125.95626,37.09108]]],[[[126.07983,37.10803],[126.0889,37.09637],[126.06789,37.08335],[126.06315,37.08945],[126.07465,37.09575],[126.06132,37.09766],[126.06734,37.10689],[126.07951,37.108],[126.07983,37.10803]]],[[[126.02161,37.11393],[126.02159,37.11372],[126.02148,37.11374],[126.02161,37.11393]]],[[[126.02102,37.11549],[126.02101,37.1152],[126.02088,37.11521],[126.02102,37.11549]]],[[[126.01958,37.12006],[126.01971,37.11998],[126.02,37.11999],[126.01958,37.12006]]],[[[126.30081,37.12594],[126.2995,37.12578],[126.29892,37.12634],[126.30081,37.12594]]],[[[126.01344,37.13428],[126.01347,37.13417],[126.01362,37.13426],[126.01344,37.13428]]],[[[126.02418,37.13128],[126.01991,37.12369],[126.02385,37.13189],[126.02418,37.13128]]],[[[126.01377,37.13513],[126.01357,37.13488],[126.01338,37.13502],[126.01377,37.13513]]],[[[126.30212,37.13823],[126.30706,37.13116],[126.30098,37.13843],[126.30212,37.13823]]],[[[126.01366,37.13613],[126.01371,37.13597],[126.01355,37.13597],[126.01366,37.13613]]],[[[126.02492,37.13568],[126.0248,37.13513],[126.02463,37.13515],[126.02492,37.13568]]],[[[126.02448,37.13779],[126.02434,37.13771],[126.0243,37.13776],[126.02448,37.13779]]],[[[125.98834,37.1409],[125.98827,37.1409],[125.98823,37.14111],[125.98834,37.1409]]],[[[125.98867,37.14094],[125.98863,37.14093],[125.98858,37.1411],[125.98867,37.14094]]],[[[125.98854,37.14093],[125.98839,37.14091],[125.98839,37.14106],[125.98854,37.14093]]],[[[126.01203,37.14571],[126.01197,37.1457],[126.01191,37.1457],[126.01203,37.14571]]],[[[126.3484,37.14938],[126.34818,37.14926],[126.34767,37.1493],[126.3484,37.14938]]],[[[126.27515,37.1505],[126.27609,37.14138],[126.27474,37.15003],[126.27515,37.1505]]],[[[126.01059,37.14746],[126.01065,37.14746],[126.01067,37.14746],[126.01059,37.14746]]],[[[126.32288,37.15446],[126.32341,37.1542],[126.32359,37.15429],[126.32288,37.15446]]],[[[126.00068,37.15334],[126.00061,37.15322],[126.00053,37.15322],[126.00068,37.15334]]],[[[126.32096,37.15721],[126.32077,37.1572],[126.32059,37.15733],[126.32096,37.15721]]],[[[126.01081,37.15621],[126.01046,37.14844],[126.01074,37.15637],[126.01081,37.15621]]],[[[126.4005,37.1735],[126.40044,37.17346],[126.40019,37.17346],[126.4005,37.1735]]],[[[126.29515,37.17384],[126.32476,37.16147],[126.30679,37.1584],[126.2904,37.16989],[126.29495,37.17422],[126.29515,37.17384]]],[[[126.23941,37.1783],[126.24016,37.17779],[126.24042,37.17784],[126.23941,37.1783]]],[[[126.25577,37.18151],[126.27108,37.17603],[126.28202,37.15895],[126.24379,37.17413],[126.25551,37.18145],[126.25577,37.18151]]],[[[125.98309,37.18384],[125.98335,37.18327],[125.98369,37.18254],[125.98309,37.18384]]],[[[126.11526,37.18583],[126.11534,37.1858],[126.11545,37.18581],[126.11526,37.18583]]],[[[126.22821,37.18678],[126.24957,37.18309],[126.21963,37.17923],[126.22798,37.18682],[126.22821,37.18678]]],[[[126.21833,37.1835],[126.2187,37.18309],[126.21897,37.18303],[126.21833,37.1835]]],[[[126.36849,37.19114],[126.36846,37.19113],[126.36841,37.19112],[126.36849,37.19114]]],[[[126.098,37.18655],[126.1058,37.17865],[126.11439,37.18148],[126.1088,37.16588],[126.08488,37.17661],[126.0975,37.18656],[126.098,37.18655]]],[[[125.90967,37.1869],[125.90968,37.18689],[125.90971,37.18686],[125.90967,37.1869]]],[[[126.21369,37.19093],[126.21359,37.19066],[126.2125,37.19086],[126.21369,37.19093]]],[[[126.18327,37.19347],[126.18292,37.19318],[126.18262,37.19362],[126.18327,37.19347]]],[[[126.20983,37.19706],[126.20967,37.19701],[126.20948,37.19714],[126.20983,37.19706]]],[[[125.97358,37.19488],[125.98636,37.1877],[125.96039,37.18281],[125.97323,37.19506],[125.97358,37.19488]]],[[[126.14045,37.2012],[126.13667,37.19593],[126.1394,37.20184],[126.14045,37.2012]]],[[[126.37605,37.20713],[126.37611,37.20701],[126.37626,37.20683],[126.37605,37.20713]]],[[[126.3815,37.20716],[126.38192,37.20714],[126.38214,37.20718],[126.3815,37.20716]]],[[[126.383,37.20632],[126.38227,37.20627],[126.38214,37.20644],[126.383,37.20632]]],[[[126.37598,37.2078],[126.37592,37.20779],[126.37588,37.20783],[126.37598,37.2078]]],[[[125.98674,37.2039],[125.99512,37.19457],[125.9847,37.19606],[125.98674,37.2039]]],[[[126.16523,37.20785],[126.16499,37.20782],[126.16474,37.20793],[126.16523,37.20785]]],[[[126.36487,37.20987],[126.36527,37.20948],[126.36537,37.20927],[126.36487,37.20987]]],[[[126.44626,37.21139],[126.4462,37.21139],[126.44609,37.21155],[126.44626,37.21139]]],[[[126.11026,37.21444],[126.11092,37.21406],[126.11083,37.214],[126.11026,37.21444]]],[[[126.18182,37.2176],[126.18177,37.21743],[126.18119,37.21781],[126.18182,37.2176]]],[[[126.18407,37.2191],[126.18392,37.2189],[126.18363,37.21911],[126.18407,37.2191]]],[[[126.19074,37.21935],[126.19062,37.21896],[126.1904,37.21906],[126.19074,37.21935]]],[[[126.17705,37.21961],[126.17692,37.21948],[126.17669,37.21956],[126.17705,37.21961]]],[[[126.1452,37.22094],[126.14478,37.22089],[126.14476,37.22093],[126.1452,37.22094]]],[[[126.533,37.22876],[126.5327,37.22871],[126.53248,37.22913],[126.533,37.22876]]],[[[126.1705,37.22628],[126.18023,37.20976],[126.19447,37.20967],[126.18334,37.19548],[126.1785,37.21136],[126.16155,37.21122],[126.15943,37.22435],[126.17068,37.22647],[126.1705,37.22628]]],[[[126.51517,37.23439],[126.51304,37.22786],[126.51507,37.23435],[126.51517,37.23439]]],[[[126.48795,37.24001],[126.48768,37.23998],[126.48726,37.2401],[126.48795,37.24001]]],[[[126.38707,37.24004],[126.38512,37.23994],[126.38391,37.24033],[126.38707,37.24004]]],[[[126.50139,37.24247],[126.50146,37.24245],[126.5016,37.24247],[126.50139,37.24247]]],[[[126.33264,37.24069],[126.3326,37.24063],[126.3325,37.24069],[126.33264,37.24069]]],[[[126.50419,37.24234],[126.50383,37.24201],[126.50343,37.24193],[126.50419,37.24234]]],[[[126.50067,37.24279],[126.50052,37.24276],[126.50041,37.24277],[126.50067,37.24279]]],[[[126.5014,37.24318],[126.5015,37.24316],[126.50155,37.24312],[126.5014,37.24318]]],[[[126.49929,37.24321],[126.49905,37.24317],[126.49886,37.24319],[126.49929,37.24321]]],[[[126.55203,37.24484],[126.55195,37.24479],[126.55137,37.24481],[126.55203,37.24484]]],[[[126.54824,37.24612],[126.54832,37.24611],[126.54834,37.24609],[126.54824,37.24612]]],[[[126.39781,37.24183],[126.3904,37.24118],[126.39695,37.24273],[126.39781,37.24183]]],[[[126.54131,37.24607],[126.54088,37.24581],[126.54056,37.246],[126.54131,37.24607]]],[[[126.30927,37.24851],[126.30957,37.24737],[126.30991,37.247],[126.30927,37.24851]]],[[[126.5218,37.25815],[126.53733,37.23248],[126.5098,37.25312],[126.52158,37.25816],[126.5218,37.25815]]],[[[126.51684,37.25969],[126.51687,37.25951],[126.51655,37.25952],[126.51684,37.25969]]],[[[126.28765,37.27175],[126.3317,37.2549],[126.33548,37.26269],[126.34903,37.25921],[126.31843,37.24407],[126.28093,37.2597],[126.2868,37.27182],[126.28765,37.27175]]],[[[126.27726,37.27326],[126.27714,37.27326],[126.27711,37.27327],[126.27726,37.27326]]],[[[126.508,37.27601],[126.50798,37.27593],[126.50819,37.27595],[126.508,37.27601]]],[[[126.27736,37.27419],[126.27732,37.27406],[126.27716,37.27406],[126.27736,37.27419]]],[[[126.1049,37.27366],[126.11144,37.25783],[126.12225,37.25374],[126.1152,37.2508],[126.11964,37.24615],[126.1278,37.25146],[126.14447,37.24252],[126.14083,37.23745],[126.16553,37.23153],[126.14338,37.22248],[126.14761,37.21448],[126.11924,37.21008],[126.11112,37.21365],[126.11429,37.22583],[126.10411,37.22047],[126.10593,37.2279],[126.09615,37.23061],[126.08566,37.22286],[126.10341,37.27379],[126.1049,37.27366]]],[[[126.43922,37.23113],[126.43156,37.23303],[126.43782,37.24734],[126.42902,37.26183],[126.43688,37.26549],[126.43438,37.27376],[126.44825,37.27176],[126.45145,37.28194],[126.47069,37.28742],[126.49724,37.27707],[126.50022,37.25562],[126.48677,37.25973],[126.48695,37.25307],[126.47644,37.2537],[126.48238,37.24202],[126.47034,37.23916],[126.47176,37.23334],[126.45877,37.22399],[126.45284,37.22846],[126.45634,37.24087],[126.43918,37.23504],[126.43922,37.23113]]],[[[126.07989,37.28979],[126.097,37.27709],[126.08768,37.27574],[126.07592,37.28448],[126.07979,37.28978],[126.07989,37.28979]]],[[[126.2743,37.31553],[126.27408,37.31541],[126.27389,37.31543],[126.2743,37.31553]]],[[[126.26304,37.32258],[126.26287,37.32219],[126.2618,37.32225],[126.26304,37.32258]]],[[[126.26754,37.32724],[126.26686,37.32654],[126.26502,37.32672],[126.26754,37.32724]]],[[[126.51046,37.35946],[126.51169,37.3593],[126.51179,37.35938],[126.51046,37.35946]]],[[[126.43997,37.36236],[126.44117,37.36219],[126.44136,37.36238],[126.43997,37.36236]]],[[[126.44629,37.3748],[126.44024,37.37168],[126.44624,37.37492],[126.44629,37.3748]]],[[[126.39592,37.40472],[126.38971,37.39664],[126.39555,37.40495],[126.39592,37.40472]]],[[[126.43653,37.4057],[126.44148,37.40479],[126.43598,37.40561],[126.43653,37.4057]]],[[[126.41079,37.41104],[126.44199,37.38532],[126.43451,37.38176],[126.4402,37.37833],[126.43366,37.3689],[126.41362,37.36651],[126.40753,37.38953],[126.39671,37.3916],[126.41053,37.4112],[126.41079,37.41104]]],[[[126.44205,37.41354],[126.44165,37.41345],[126.44121,37.41346],[126.44205,37.41354]]],[[[126.42553,37.41815],[126.42534,37.41805],[126.42504,37.41843],[126.42553,37.41815]]],[[[126.43594,37.42084],[126.43567,37.42071],[126.43549,37.42073],[126.43594,37.42084]]],[[[126.39472,37.4312],[126.39426,37.43116],[126.39406,37.43147],[126.39472,37.4312]]],[[[126.59973,37.46551],[126.59973,37.4656],[126.59974,37.46561],[126.59973,37.46551]]],[[[126.59997,37.46607],[126.59998,37.46605],[126.59998,37.46603],[126.59997,37.46607]]],[[[126.60007,37.46644],[126.6001,37.46643],[126.60011,37.46642],[126.60007,37.46644]]],[[[126.59983,37.46637],[126.59982,37.46639],[126.59981,37.4664],[126.59983,37.46637]]],[[[126.59618,37.47277],[126.59616,37.47282],[126.59614,37.47284],[126.59618,37.47277]]],[[[126.32962,37.47697],[126.32962,37.47641],[126.32954,37.4762],[126.32962,37.47697]]],[[[126.58761,37.49667],[126.58713,37.49681],[126.58716,37.49693],[126.58761,37.49667]]],[[[126.33253,37.50268],[126.32614,37.50161],[126.33259,37.50315],[126.33253,37.50268]]],[[[126.30538,37.50386],[126.30642,37.50256],[126.30774,37.50308],[126.30538,37.50386]]],[[[126.47877,37.50908],[126.4787,37.50909],[126.47864,37.50914],[126.47877,37.50908]]],[[[126.3232,37.51362],[126.3241,37.51336],[126.32398,37.51303],[126.3232,37.51362]]],[[[126.03949,37.51059],[126.03873,37.51004],[126.0385,37.5101],[126.03949,37.51059]]],[[[126.48895,37.51711],[126.48872,37.51693],[126.48848,37.51674],[126.48895,37.51711]]],[[[126.42727,37.51651],[126.42667,37.51619],[126.42652,37.5162],[126.42727,37.51651]]],[[[126.42116,37.51927],[126.42103,37.51867],[126.42052,37.5183],[126.42116,37.51927]]],[[[126.58081,37.52394],[126.58055,37.52381],[126.58019,37.52409],[126.58081,37.52394]]],[[[126.54063,37.52137],[126.56449,37.5165],[126.58235,37.48975],[126.50583,37.4655],[126.48527,37.44446],[126.44194,37.4211],[126.41338,37.41685],[126.418,37.42984],[126.40852,37.43853],[126.40008,37.43428],[126.40444,37.43937],[126.39536,37.44692],[126.38107,37.43595],[126.36407,37.44245],[126.37344,37.44505],[126.35656,37.46313],[126.35976,37.4734],[126.37305,37.4713],[126.41875,37.49675],[126.47612,37.49953],[126.50079,37.51318],[126.495,37.51374],[126.50239,37.53236],[126.51563,37.53423],[126.54063,37.52137]]],[[[126.39679,37.53298],[126.39662,37.53292],[126.39637,37.53314],[126.39679,37.53298]]],[[[126.50362,37.5405],[126.50344,37.54003],[126.50357,37.53961],[126.50362,37.5405]]],[[[126.41207,37.53971],[126.40863,37.52653],[126.4018,37.53139],[126.41222,37.53985],[126.41207,37.53971]]],[[[126.41308,37.53986],[126.41286,37.53973],[126.4128,37.53981],[126.41308,37.53986]]],[[[126.54415,37.52286],[126.57721,37.54251],[126.5806,37.52561],[126.57517,37.52768],[126.57514,37.52125],[126.55809,37.5212],[126.55154,37.52856],[126.54415,37.52286]]],[[[126.46112,37.5441],[126.47313,37.53725],[126.47317,37.52874],[126.4667,37.52832],[126.46966,37.51216],[126.42995,37.51815],[126.46085,37.54423],[126.46112,37.5441]]],[[[126.57963,37.5453],[126.57943,37.54504],[126.5792,37.54522],[126.57963,37.5453]]],[[[126.58887,37.54756],[126.58911,37.54708],[126.58906,37.54672],[126.58887,37.54756]]],[[[126.58787,37.54843],[126.58847,37.54821],[126.58884,37.54789],[126.58787,37.54843]]],[[[126.42735,37.54806],[126.44138,37.5446],[126.42693,37.52224],[126.41676,37.52246],[126.42742,37.54818],[126.42735,37.54806]]],[[[126.27589,37.54464],[126.26878,37.54895],[126.27622,37.5451],[126.27589,37.54464]]],[[[126.5684,37.5561],[126.56934,37.55577],[126.56992,37.55592],[126.5684,37.5561]]],[[[126.5657,37.55733],[126.56555,37.55716],[126.56532,37.55725],[126.5657,37.55733]]],[[[126.26406,37.55134],[126.25865,37.5563],[126.26455,37.55217],[126.26406,37.55134]]],[[[126.34298,37.55926],[126.34299,37.55905],[126.34296,37.559],[126.34298,37.55926]]],[[[126.31234,37.55897],[126.33744,37.55129],[126.35353,37.5349],[126.38377,37.53905],[126.38545,37.53168],[126.34234,37.52565],[126.33638,37.5307],[126.32707,37.52292],[126.32969,37.54087],[126.31136,37.5591],[126.31234,37.55897]]],[[[126.55445,37.57687],[126.55435,37.57682],[126.55419,37.57689],[126.55445,37.57687]]],[[[126.57158,37.57788],[126.57149,37.57772],[126.57149,37.57772],[126.57158,37.57788]]],[[[126.5569,37.57532],[126.57108,37.57206],[126.55765,37.57546],[126.5569,37.57532]]],[[[126.64028,37.58232],[126.64082,37.58217],[126.64107,37.58228],[126.64028,37.58232]]],[[[126.59278,37.58331],[126.59247,37.58321],[126.59247,37.58321],[126.59278,37.58331]]],[[[126.52852,37.59027],[126.52877,37.59023],[126.52876,37.59016],[126.52852,37.59027]]],[[[126.40852,37.59418],[126.40847,37.59413],[126.40841,37.59417],[126.40852,37.59418]]],[[[126.5195,37.59817],[126.52617,37.58665],[126.51538,37.57998],[126.50316,37.59049],[126.51902,37.59821],[126.5195,37.59817]]],[[[126.52162,37.61057],[126.52135,37.61036],[126.5211,37.61058],[126.52162,37.61057]]],[[[125.7063,37.60542],[125.70588,37.60417],[125.70582,37.60418],[125.7063,37.60542]]],[[[126.26988,37.62003],[126.26988,37.61961],[126.26973,37.61979],[126.26988,37.62003]]],[[[126.21738,37.62044],[126.2179,37.62045],[126.21849,37.62054],[126.21738,37.62044]]],[[[125.71452,37.61529],[125.72118,37.61398],[125.71837,37.60364],[125.70773,37.60724],[125.71433,37.61533],[125.71452,37.61529]]],[[[126.26095,37.62307],[126.26057,37.62291],[126.26045,37.62339],[126.26095,37.62307]]],[[[125.95941,37.61956],[125.95926,37.61954],[125.95889,37.61978],[125.95941,37.61956]]],[[[125.96826,37.62132],[125.96336,37.61622],[125.96816,37.62135],[125.96826,37.62132]]],[[[126.65478,37.56871],[126.6611,37.57052],[126.63689,37.5611],[126.63289,37.56796],[126.62698,37.55872],[126.6073,37.55444],[126.58667,37.56671],[126.66111,37.57286],[126.66326,37.57863],[126.63182,37.58798],[126.62211,37.5783],[126.62261,37.58612],[126.60963,37.59208],[126.59672,37.58213],[126.59156,37.59301],[126.61436,37.60629],[126.62574,37.60259],[126.63646,37.62768],[126.64711,37.62748],[126.65255,37.63949],[126.69447,37.62034],[126.70545,37.61215],[126.70468,37.60248],[126.71563,37.60381],[126.72548,37.59178],[126.74432,37.5925],[126.75176,37.57957],[126.76752,37.5884],[126.7937,37.58159],[126.77476,37.56771],[126.77784,37.55993],[126.76448,37.55537],[126.76028,37.51592],[126.74147,37.50899],[126.74231,37.48695],[126.7782,37.47179],[126.78,37.45339],[126.76749,37.44341],[126.76921,37.42751],[126.75325,37.4227],[126.744,37.40099],[126.71726,37.38132],[126.68406,37.3862],[126.69709,37.37522],[126.66345,37.35054],[126.65474,37.3559],[126.64076,37.34186],[126.58309,37.34729],[126.58305,37.35473],[126.6422,37.35494],[126.64315,37.34776],[126.65466,37.35596],[126.61627,37.37945],[126.60818,37.39399],[126.60981,37.41632],[126.59618,37.41582],[126.58966,37.42597],[126.60103,37.41966],[126.60807,37.42677],[126.63276,37.42685],[126.63795,37.41944],[126.63464,37.43202],[126.6102,37.43011],[126.61545,37.43798],[126.6081,37.44095],[126.61868,37.44467],[126.61062,37.44795],[126.61389,37.45311],[126.59416,37.43875],[126.59111,37.45452],[126.59699,37.44936],[126.59341,37.45484],[126.6033,37.45668],[126.59105,37.4642],[126.6004,37.46552],[126.59478,37.46888],[126.60276,37.4843],[126.61424,37.47889],[126.62018,37.48642],[126.6099,37.48735],[126.62627,37.49248],[126.63762,37.48218],[126.62748,37.49337],[126.64083,37.49574],[126.63947,37.50423],[126.60454,37.4959],[126.60281,37.51639],[126.61351,37.51265],[126.60277,37.51683],[126.60271,37.52691],[126.6109,37.52774],[126.60267,37.52782],[126.59875,37.53883],[126.60504,37.53974],[126.59666,37.54858],[126.63846,37.55673],[126.64073,37.56702],[126.65421,37.5689],[126.65478,37.56871]],[[126.61305,37.5883],[126.61314,37.58797],[126.61331,37.58797],[126.61305,37.5883]],[[126.61882,37.46899],[126.60705,37.47571],[126.60261,37.46088],[126.62427,37.45765],[126.61424,37.46655],[126.62506,37.46656],[126.61882,37.46899]],[[126.62985,37.44968],[126.62919,37.44894],[126.62911,37.44892],[126.62985,37.44968]],[[126.68307,37.38716],[126.66685,37.3922],[126.68241,37.3873],[126.68307,37.38716]],[[126.68337,37.38736],[126.68331,37.38712],[126.68379,37.38704],[126.68337,37.38736]]],[[[125.68007,37.63244],[125.67998,37.63233],[125.68017,37.63217],[125.68007,37.63244]]],[[[126.34202,37.64204],[126.34215,37.64194],[126.34216,37.64193],[126.34202,37.64204]]],[[[126.34321,37.64245],[126.3432,37.64245],[126.34319,37.64245],[126.34321,37.64245]]],[[[125.67991,37.63478],[125.67978,37.63477],[125.6795,37.63484],[125.67991,37.63478]]],[[[125.68137,37.63912],[125.68183,37.63897],[125.6828,37.63906],[125.68137,37.63912]]],[[[125.71756,37.64556],[125.71782,37.64548],[125.71793,37.64537],[125.71756,37.64556]]],[[[126.26963,37.6512],[126.2694,37.65098],[126.26908,37.65138],[126.26963,37.6512]]],[[[126.23322,37.65561],[126.25619,37.65181],[126.25134,37.6355],[126.26339,37.62549],[126.23371,37.63877],[126.22279,37.65374],[126.23314,37.65564],[126.23322,37.65561]]],[[[125.71372,37.6494],[125.71362,37.6494],[125.7135,37.6496],[125.71372,37.6494]]],[[[125.71211,37.65134],[125.7118,37.65129],[125.71187,37.65162],[125.71211,37.65134]]],[[[125.71288,37.65497],[125.71253,37.65445],[125.71259,37.65448],[125.71288,37.65497]]],[[[126.21926,37.66443],[126.21924,37.66413],[126.21848,37.66497],[126.21926,37.66443]]],[[[126.22467,37.66578],[126.24303,37.66212],[126.22341,37.6584],[126.22438,37.66574],[126.22467,37.66578]]],[[[126.30075,37.67503],[126.30073,37.67496],[126.30068,37.67482],[126.30075,37.67503]]],[[[125.7174,37.66812],[125.71726,37.66811],[125.7171,37.66811],[125.7174,37.66812]]],[[[126.30878,37.67788],[126.3087,37.67787],[126.30866,37.67789],[126.30878,37.67788]]],[[[126.02834,37.67829],[126.02848,37.67819],[126.02861,37.67804],[126.02834,37.67829]]],[[[126.12567,37.6834],[126.12573,37.68333],[126.12591,37.68333],[126.12567,37.6834]]],[[[126.12495,37.68522],[126.12487,37.68512],[126.12473,37.68515],[126.12495,37.68522]]],[[[125.68345,37.68078],[125.71442,37.68096],[125.71659,37.67437],[125.68673,37.65238],[125.67781,37.67547],[125.68316,37.68088],[125.68345,37.68078]]],[[[126.19453,37.68834],[126.2112,37.66641],[126.20789,37.65524],[126.18993,37.65759],[126.19063,37.66473],[126.17878,37.6706],[126.15603,37.67276],[126.19425,37.68842],[126.19453,37.68834]]],[[[126.20167,37.68843],[126.20154,37.68835],[126.20145,37.68835],[126.20167,37.68843]]],[[[126.37198,37.69421],[126.3723,37.69396],[126.37325,37.69348],[126.37198,37.69421]]],[[[126.12934,37.69068],[126.14435,37.68155],[126.12691,37.68196],[126.12278,37.68995],[126.12911,37.69082],[126.12934,37.69068]]],[[[126.32643,37.70824],[126.3264,37.70816],[126.32627,37.70817],[126.32643,37.70824]]],[[[126.32643,37.70847],[126.32625,37.70847],[126.32609,37.70854],[126.32643,37.70847]]],[[[126.32749,37.71405],[126.32779,37.71378],[126.32787,37.71403],[126.32749,37.71405]]],[[[126.21114,37.7224],[126.21207,37.72174],[126.21249,37.72181],[126.21114,37.7224]]],[[[126.2359,37.73135],[126.23811,37.72181],[126.24898,37.71801],[126.21839,37.72031],[126.23572,37.73158],[126.2359,37.73135]]],[[[126.26562,37.73787],[126.27011,37.72569],[126.25837,37.72506],[126.2656,37.73791],[126.26562,37.73787]]],[[[126.28893,37.74193],[126.28934,37.74135],[126.28912,37.74136],[126.28893,37.74193]]],[[[126.29054,37.74445],[126.29036,37.74445],[126.29027,37.74447],[126.29054,37.74445]]],[[[126.29339,37.74507],[126.29344,37.74505],[126.29349,37.74508],[126.29339,37.74507]]],[[[126.28623,37.74789],[126.27988,37.74595],[126.28644,37.748],[126.28623,37.74789]]],[[[126.34274,37.64355],[126.32543,37.65396],[126.32872,37.67017],[126.32113,37.68061],[126.26935,37.71065],[126.28758,37.71398],[126.29252,37.74469],[126.32817,37.74983],[126.31928,37.71242],[126.34325,37.69716],[126.36761,37.69403],[126.37884,37.68233],[126.37318,37.66582],[126.34242,37.65081],[126.34273,37.64356],[126.34274,37.64355]]],[[[126.20895,37.77547],[126.2089,37.77532],[126.2088,37.77531],[126.20895,37.77547]]],[[[124.72773,37.75056],[124.72766,37.75052],[124.72757,37.75052],[124.72773,37.75056]]],[[[126.50529,37.78496],[126.50502,37.78473],[126.50469,37.78491],[126.50529,37.78496]]],[[[124.76335,37.76554],[124.763,37.76537],[124.7629,37.76559],[124.76335,37.76554]]],[[[124.77007,37.76823],[124.76952,37.76808],[124.76939,37.76818],[124.77007,37.76823]]],[[[124.77051,37.77842],[124.76533,37.76646],[124.75215,37.77118],[124.72776,37.76012],[124.74071,37.77814],[124.77058,37.77858],[124.77051,37.77842]]],[[[124.77695,37.78129],[124.77677,37.78125],[124.77674,37.78129],[124.77695,37.78129]]],[[[126.21517,37.80894],[126.21476,37.8085],[126.21429,37.80863],[126.21517,37.80894]]],[[[126.26452,37.81779],[126.29447,37.8016],[126.32407,37.80823],[126.33511,37.79761],[126.31653,37.77376],[126.29084,37.76287],[126.26243,37.76856],[126.24199,37.76369],[126.23275,37.75108],[126.2033,37.76909],[126.2222,37.78691],[126.22322,37.80504],[126.24052,37.8173],[126.26445,37.81775],[126.26452,37.81779]]],[[[124.65814,37.79834],[124.65855,37.79827],[124.65887,37.79799],[124.65814,37.79834]]],[[[124.66075,37.79847],[124.65852,37.79829],[124.65731,37.79896],[124.66075,37.79847]]],[[[126.43122,37.82987],[126.44692,37.8117],[126.5069,37.78235],[126.51131,37.76275],[126.52642,37.74762],[126.51221,37.71702],[126.52535,37.70188],[126.51704,37.6737],[126.53225,37.66395],[126.52112,37.64621],[126.54359,37.61905],[126.52009,37.61096],[126.5105,37.59656],[126.47957,37.60542],[126.46279,37.58934],[126.41156,37.59311],[126.37079,37.61238],[126.3776,37.61924],[126.3659,37.6353],[126.40002,37.64088],[126.41263,37.65641],[126.38828,37.68961],[126.39178,37.69576],[126.35951,37.70343],[126.3524,37.71323],[126.35797,37.76745],[126.35058,37.78957],[126.38818,37.80671],[126.39268,37.82341],[126.41523,37.82139],[126.43102,37.82992],[126.43122,37.82987]]],[[[124.659,37.80302],[124.65911,37.8029],[124.65853,37.80299],[124.659,37.80302]]],[[[124.70788,37.84806],[124.70818,37.84801],[124.70829,37.848],[124.70788,37.84806]]],[[[124.70942,37.84767],[124.70937,37.84767],[124.70928,37.84807],[124.70942,37.84767]]],[[[124.70691,37.84705],[124.72772,37.84055],[124.71354,37.83096],[124.71888,37.81548],[124.6812,37.79933],[124.68671,37.81375],[124.66272,37.8218],[124.67682,37.82004],[124.70678,37.84749],[124.70691,37.84705]]],[[[124.68717,37.98047],[124.72167,37.9822],[124.7462,37.95914],[124.73295,37.96234],[124.73495,37.9515],[124.72458,37.95421],[124.70777,37.94481],[124.69942,37.93824],[124.69993,37.91991],[124.69012,37.9152],[124.6815,37.92287],[124.63739,37.92395],[124.62583,37.95437],[124.60971,37.96995],[124.61679,37.97953],[124.63853,37.96844],[124.68605,37.98088],[124.68717,37.98047]]]]}},{"type":"Feature","properties":{"region":"경북","name":"경북"},"geometry":{"type":"MultiPolygon","coordinates":[[[[129.48696,35.7384],[129.487,35.73832],[129.48692,35.7383],[129.48696,35.7384]]],[[[129.52838,35.85119],[129.52828,35.85114],[129.5281,35.85125],[129.52838,35.85119]]],[[[129.52829,35.85165],[129.52824,35.85162],[129.52818,35.85165],[129.52829,35.85165]]],[[[129.52824,35.85254],[129.52813,35.85248],[129.528,35.85254],[129.52824,35.85254]]],[[[129.51763,35.87768],[129.5173,35.87768],[129.51731,35.87772],[129.51763,35.87768]]],[[[129.52984,35.89762],[129.52975,35.89759],[129.52959,35.8976],[129.52984,35.89762]]],[[[129.53731,35.89925],[129.53718,35.89925],[129.53709,35.89936],[129.53731,35.89925]]],[[[129.40554,36.0197],[129.40813,36.01863],[129.4087,36.01871],[129.40554,36.0197]]],[[[129.41846,36.01909],[129.41838,36.019],[129.41724,36.01968],[129.41846,36.01909]]],[[[129.5823,36.03172],[129.58244,36.03164],[129.58254,36.03168],[129.5823,36.03172]]],[[[129.58326,36.03165],[129.58316,36.03159],[129.58304,36.03162],[129.58326,36.03165]]],[[[129.58135,36.03827],[129.58142,36.03813],[129.58164,36.03816],[129.58135,36.03827]]],[[[129.58422,36.0454],[129.58404,36.04539],[129.58404,36.04549],[129.58422,36.0454]]],[[[129.57892,36.05176],[129.57881,36.05183],[129.57865,36.05186],[129.57892,36.05176]]],[[[129.4642,36.09821],[129.46446,36.08919],[129.4637,36.09828],[129.43959,36.11814],[129.45519,36.10559],[129.4642,36.09821]]],[[[129.40435,36.15534],[129.40442,36.15529],[129.40454,36.15531],[129.40435,36.15534]]],[[[129.40406,36.15502],[129.40376,36.15474],[129.40357,36.15483],[129.40406,36.15502]]],[[[129.40371,36.15538],[129.40343,36.15517],[129.40322,36.1553],[129.40371,36.15538]]],[[[129.40194,36.15943],[129.40157,36.15929],[129.40157,36.15947],[129.40194,36.15943]]],[[[129.38742,36.18494],[129.38836,36.18439],[129.38838,36.18436],[129.38742,36.18494]]],[[[129.38567,36.18527],[129.38459,36.18501],[129.38457,36.18506],[129.38567,36.18527]]],[[[129.3728,36.20785],[129.3727,36.20778],[129.37248,36.2079],[129.3728,36.20785]]],[[[129.44909,36.51224],[129.449,36.51219],[129.44893,36.51214],[129.44909,36.51224]]],[[[129.41971,36.64089],[129.41966,36.64089],[129.41961,36.64089],[129.41971,36.64089]]],[[[129.4735,36.73588],[129.47315,36.73571],[129.4731,36.7358],[129.4735,36.73588]]],[[[129.44699,36.82482],[129.44796,36.82373],[129.44807,36.82379],[129.44699,36.82482]]],[[[129.44699,36.82482],[129.44697,36.82486],[129.44786,36.82523],[129.44699,36.82482]]],[[[128.91037,37.06962],[128.92166,37.09149],[128.9457,37.09384],[128.95927,37.07758],[128.98861,37.08437],[129.05938,37.06512],[129.07036,37.0882],[129.09625,37.10041],[129.16618,37.06922],[129.18541,37.04172],[129.22531,37.04456],[129.23801,37.03867],[129.22538,37.07372],[129.26599,37.10232],[129.27202,37.11701],[129.29459,37.11437],[129.29778,37.12443],[129.33951,37.14683],[129.36473,37.1452],[129.37859,37.1188],[129.37183,37.09966],[129.3831,37.10241],[129.39603,37.08313],[129.42999,37.0582],[129.42106,37.04955],[129.42426,37.05773],[129.41483,37.05358],[129.41667,37.03426],[129.40928,37.02881],[129.41822,36.99307],[129.40801,36.97692],[129.42083,36.94007],[129.4154,36.90878],[129.42178,36.889],[129.41476,36.89039],[129.4267,36.85144],[129.45249,36.82428],[129.44337,36.82717],[129.45624,36.8147],[129.46405,36.78126],[129.4787,36.76762],[129.47516,36.75631],[129.4675,36.75692],[129.4735,36.75736],[129.4676,36.74754],[129.47615,36.73312],[129.476,36.69934],[129.45667,36.67192],[129.45902,36.68177],[129.45498,36.67472],[129.44251,36.67668],[129.41201,36.62253],[129.4099,36.58692],[129.44072,36.55158],[129.44353,36.51276],[129.4529,36.50839],[129.43261,36.48108],[129.4356,36.42623],[129.39282,36.35576],[129.38816,36.35831],[129.37423,36.28887],[129.38057,36.27531],[129.3726,36.25471],[129.386,36.23908],[129.3796,36.23076],[129.38745,36.22197],[129.37195,36.20748],[129.37249,36.1939],[129.39163,36.18401],[129.39737,36.17209],[129.39851,36.12943],[129.44108,36.11202],[129.43966,36.0973],[129.41816,36.08889],[129.4179,36.07369],[129.38339,36.06339],[129.37748,36.05334],[129.38402,36.04716],[129.37282,36.05078],[129.36943,36.03681],[129.37621,36.04997],[129.38583,36.02845],[129.40132,36.03862],[129.41202,36.03594],[129.40122,36.03911],[129.4314,36.0303],[129.40762,36.02978],[129.39556,36.01794],[129.40709,36.00895],[129.41009,36.01602],[129.42247,36.01347],[129.42389,36.02233],[129.4141,36.0046],[129.44429,35.99067],[129.50303,36.02478],[129.50404,36.03554],[129.52488,36.05756],[129.53326,36.05751],[129.55776,36.09171],[129.58324,36.04565],[129.5768,36.03356],[129.58209,36.01581],[129.56713,35.99016],[129.55255,35.9873],[129.55936,35.985],[129.55162,35.97931],[129.54784,35.95144],[129.51738,35.92846],[129.53331,35.89971],[129.52444,35.89425],[129.52811,35.87565],[129.52463,35.88181],[129.51659,35.87705],[129.5334,35.86836],[129.50742,35.82237],[129.51154,35.80691],[129.50353,35.80744],[129.50134,35.79366],[129.48974,35.78508],[129.49424,35.75228],[129.48305,35.74367],[129.48603,35.72957],[129.47141,35.70603],[129.47734,35.69062],[129.46457,35.67835],[129.46501,35.66708],[129.4527,35.66493],[129.44963,35.65102],[129.43508,35.65245],[129.35356,35.67938],[129.33409,35.66976],[129.32907,35.65818],[129.30449,35.65717],[129.29642,35.64344],[129.2555,35.66046],[129.26259,35.69113],[129.25685,35.7007],[129.23401,35.70387],[129.20863,35.72117],[129.19809,35.71445],[129.18129,35.72379],[129.17239,35.71386],[129.14453,35.72483],[129.13678,35.71286],[129.07711,35.69305],[129.06727,35.66199],[129.08085,35.64325],[129.0469,35.65052],[129.03697,35.63246],[129.02091,35.63508],[128.98675,35.60912],[128.96088,35.61558],[128.94115,35.63507],[128.91505,35.64062],[128.88877,35.62886],[128.88146,35.63548],[128.8457,35.58962],[128.83365,35.59735],[128.80265,35.58915],[128.78553,35.56689],[128.75718,35.56771],[128.72401,35.58156],[128.70331,35.57801],[128.6876,35.59503],[128.65529,35.59789],[128.63653,35.5847],[128.60286,35.58007],[128.57342,35.59288],[128.55873,35.6148],[128.53663,35.62426],[128.53743,35.65976],[128.52681,35.6735],[128.53526,35.69405],[128.5279,35.71274],[128.56477,35.73676],[128.58052,35.73867],[128.5896,35.7315],[128.61243,35.73852],[128.60993,35.72488],[128.61978,35.70285],[128.68324,35.72145],[128.69549,35.75574],[128.68233,35.78984],[128.71752,35.80684],[128.70864,35.82657],[128.72505,35.83599],[128.72187,35.85695],[128.73857,35.8513],[128.7598,35.86607],[128.7598,35.90683],[128.73667,35.92963],[128.74621,35.97287],[128.73097,35.98536],[128.73626,35.99373],[128.72688,36.00323],[128.69416,36.01821],[128.70447,36.05938],[128.71404,36.07548],[128.72483,36.07451],[128.7293,36.08274],[128.72293,36.09027],[128.74501,36.10931],[128.75091,36.0918],[128.76553,36.10054],[128.80209,36.08597],[128.85095,36.11818],[128.85063,36.13743],[128.85857,36.14497],[128.88986,36.14253],[128.9002,36.16238],[128.88371,36.1839],[128.88322,36.19837],[128.84318,36.21621],[128.80497,36.21029],[128.79439,36.19071],[128.76996,36.19343],[128.75798,36.20286],[128.74592,36.19445],[128.735,36.20073],[128.7043,36.19904],[128.69421,36.21396],[128.6719,36.20815],[128.65976,36.22138],[128.63941,36.20748],[128.63182,36.21621],[128.63313,36.23866],[128.64137,36.2448],[128.63614,36.26151],[128.5945,36.27772],[128.55275,36.27456],[128.5428,36.29389],[128.49115,36.30403],[128.45387,36.32724],[128.43804,36.31404],[128.43852,36.3051],[128.41282,36.29369],[128.41352,36.28289],[128.42644,36.27541],[128.41765,36.24586],[128.434,36.23435],[128.44095,36.21836],[128.48506,36.23359],[128.47953,36.22447],[128.48916,36.22028],[128.50294,36.18488],[128.52278,36.20142],[128.55688,36.17718],[128.55237,36.16491],[128.54008,36.16109],[128.55019,36.15065],[128.54858,36.13097],[128.564,36.11586],[128.56909,36.05871],[128.58347,36.06789],[128.59446,36.06283],[128.59788,36.07496],[128.62776,36.08016],[128.63269,36.06684],[128.62135,36.02524],[128.64072,36.01051],[128.61749,36.00674],[128.6035,35.98601],[128.55707,35.97223],[128.55332,35.96076],[128.52835,35.98035],[128.53356,35.93214],[128.50683,35.90611],[128.50225,35.88707],[128.49062,35.89758],[128.46838,35.89947],[128.47642,35.93444],[128.45416,35.94315],[128.45034,35.93504],[128.4249,35.92804],[128.40713,35.90072],[128.39898,35.89993],[128.38351,35.85283],[128.44559,35.8457],[128.48122,35.83009],[128.48306,35.82051],[128.47043,35.80592],[128.42083,35.80935],[128.38347,35.76009],[128.39125,35.74835],[128.43182,35.7256],[128.43215,35.70489],[128.4122,35.69584],[128.35888,35.7087],[128.3518,35.70402],[128.36232,35.67557],[128.40004,35.64555],[128.40125,35.63273],[128.38838,35.61793],[128.36463,35.61336],[128.35214,35.64458],[128.30599,35.65548],[128.26234,35.64274],[128.24221,35.65525],[128.22973,35.63946],[128.20123,35.64372],[128.18596,35.65754],[128.1615,35.65379],[128.16392,35.67346],[128.20482,35.68392],[128.20125,35.72316],[128.18928,35.75176],[128.16326,35.76292],[128.15904,35.78367],[128.12863,35.78934],[128.12285,35.82261],[128.06979,35.8412],[128.05165,35.82988],[128.02978,35.83565],[128.01122,35.82908],[127.98175,35.85874],[127.97398,35.85207],[127.95118,35.86164],[127.92578,35.85562],[127.93322,35.8644],[127.92022,35.89322],[127.89352,35.8868],[127.88478,35.89311],[127.88224,35.92888],[127.91137,35.94918],[127.88961,35.97966],[127.89322,35.98678],[127.87549,35.99698],[127.87679,36.02271],[127.88484,36.03589],[127.90269,36.0391],[127.91634,36.05447],[127.93629,36.05108],[127.96087,36.07034],[127.9668,36.11806],[127.98778,36.12882],[127.98748,36.14738],[127.9972,36.15547],[127.9826,36.17056],[127.97802,36.19811],[128.00975,36.20936],[128.03863,36.19416],[128.05815,36.20125],[128.0299,36.24001],[128.04735,36.25655],[128.02622,36.2679],[128.00907,36.27201],[127.98115,36.26371],[127.97056,36.2504],[127.96017,36.25237],[127.93091,36.27801],[127.90811,36.28551],[127.90429,36.30145],[127.88264,36.27375],[127.85099,36.27446],[127.84148,36.31],[127.85282,36.33196],[127.88261,36.34592],[127.89127,36.35969],[127.87572,36.39059],[127.8629,36.39297],[127.88271,36.42217],[127.87299,36.42428],[127.87139,36.44157],[127.88196,36.46184],[127.87609,36.48837],[127.90634,36.50694],[127.90246,36.52807],[127.87596,36.53672],[127.86042,36.56795],[127.82447,36.57091],[127.79848,36.58644],[127.79762,36.60072],[127.821,36.61331],[127.8407,36.60829],[127.8583,36.61353],[127.84675,36.63399],[127.86129,36.63556],[127.87966,36.65677],[127.8891,36.62885],[127.90859,36.62593],[127.91996,36.60112],[127.9262,36.60297],[127.92409,36.61545],[127.93238,36.61874],[127.93921,36.64706],[127.92957,36.66877],[127.91771,36.66785],[127.90037,36.6822],[127.87429,36.68196],[127.89419,36.69491],[127.92892,36.69084],[127.93357,36.70649],[127.94953,36.70805],[127.96015,36.73826],[127.98685,36.71755],[128.00194,36.71726],[128.01484,36.73019],[128.04903,36.70801],[128.07038,36.7077],[128.06799,36.72223],[128.03232,36.74758],[128.05964,36.81677],[128.0935,36.79678],[128.09296,36.80286],[128.10708,36.80731],[128.10988,36.82147],[128.14106,36.83348],[128.15313,36.82244],[128.21537,36.812],[128.21125,36.8469],[128.23702,36.84535],[128.23466,36.86283],[128.24184,36.87233],[128.28243,36.8564],[128.31645,36.81666],[128.35318,36.81245],[128.36408,36.80222],[128.38126,36.81388],[128.42114,36.81181],[128.44903,36.84784],[128.448,36.86439],[128.42397,36.87653],[128.44475,36.91369],[128.44159,36.92735],[128.4604,36.93401],[128.46717,36.95145],[128.50673,36.97008],[128.51547,36.98682],[128.55473,36.99829],[128.57291,37.0208],[128.56564,37.03153],[128.58353,37.04373],[128.60679,37.0434],[128.60844,37.05281],[128.63292,37.0405],[128.65308,37.06571],[128.68907,37.05305],[128.7004,37.04083],[128.73462,37.04023],[128.75376,37.02783],[128.76254,37.03786],[128.75232,37.05593],[128.75526,37.06622],[128.76536,37.06403],[128.78028,37.09234],[128.79942,37.08694],[128.808,37.07576],[128.82938,37.07846],[128.84687,37.05161],[128.87248,37.04395],[128.87854,37.05326],[128.89642,37.04452],[128.89807,37.0576],[128.91032,37.0683],[128.91037,37.06962]],[[129.43068,36.10081],[129.43252,36.10977],[129.4307,36.10102],[129.43068,36.10081]]],[[[131.87004,37.23805],[131.87005,37.23804],[131.87005,37.23803],[131.87004,37.23805]]],[[[131.86942,37.23814],[131.86943,37.23813],[131.86943,37.23811],[131.86942,37.23814]]],[[[131.86889,37.23825],[131.86889,37.23825],[131.86884,37.23826],[131.86889,37.23825]]],[[[131.87016,37.23848],[131.87015,37.23848],[131.87014,37.23849],[131.87016,37.23848]]],[[[131.87005,37.23857],[131.87004,37.23857],[131.87003,37.23857],[131.87005,37.23857]]],[[[131.86981,37.23872],[131.86981,37.23871],[131.86977,37.23872],[131.86981,37.23872]]],[[[131.86973,37.23878],[131.8697,37.23878],[131.8697,37.23879],[131.86973,37.23878]]],[[[131.86807,37.23927],[131.86806,37.23926],[131.86806,37.23926],[131.86807,37.23927]]],[[[131.86173,37.2397],[131.86174,37.23969],[131.86176,37.23968],[131.86173,37.2397]]],[[[131.86235,37.23987],[131.86234,37.23987],[131.86233,37.23987],[131.86235,37.23987]]],[[[131.86532,37.23968],[131.8653,37.23968],[131.86528,37.23968],[131.86532,37.23968]]],[[[131.87233,37.2397],[131.8723,37.23969],[131.87229,37.23969],[131.87233,37.2397]]],[[[131.86243,37.23991],[131.86242,37.23991],[131.86239,37.23991],[131.86243,37.23991]]],[[[131.87271,37.23981],[131.87272,37.2398],[131.87272,37.2398],[131.87271,37.23981]]],[[[131.86579,37.24017],[131.86578,37.24017],[131.86578,37.24018],[131.86579,37.24017]]],[[[131.86683,37.24011],[131.86681,37.24011],[131.8668,37.24011],[131.86683,37.24011]]],[[[131.86208,37.24038],[131.86207,37.24038],[131.86206,37.24038],[131.86208,37.24038]]],[[[131.87229,37.23997],[131.87229,37.23997],[131.87227,37.23998],[131.87229,37.23997]]],[[[131.8632,37.24024],[131.8632,37.24024],[131.86319,37.24024],[131.8632,37.24024]]],[[[131.86635,37.24041],[131.86634,37.2404],[131.86633,37.2404],[131.86635,37.24041]]],[[[131.8623,37.24064],[131.86229,37.24063],[131.86227,37.24064],[131.8623,37.24064]]],[[[131.87047,37.24045],[131.87045,37.24045],[131.87044,37.24045],[131.87047,37.24045]]],[[[131.86836,37.24051],[131.86836,37.24051],[131.86834,37.24052],[131.86836,37.24051]]],[[[131.86846,37.2406],[131.86846,37.2406],[131.86845,37.24062],[131.86846,37.2406]]],[[[131.86724,37.24074],[131.86722,37.24074],[131.8672,37.24075],[131.86724,37.24074]]],[[[131.86635,37.24082],[131.86636,37.24082],[131.86636,37.24082],[131.86635,37.24082]]],[[[131.87033,37.2407],[131.87032,37.2407],[131.87032,37.2407],[131.87033,37.2407]]],[[[131.86734,37.2408],[131.86732,37.2408],[131.86732,37.24081],[131.86734,37.2408]]],[[[131.86201,37.241],[131.862,37.241],[131.86199,37.241],[131.86201,37.241]]],[[[131.87037,37.24075],[131.87036,37.24075],[131.87035,37.24076],[131.87037,37.24075]]],[[[131.86718,37.24095],[131.86717,37.24094],[131.86716,37.24096],[131.86718,37.24095]]],[[[131.86709,37.24099],[131.86708,37.24099],[131.86708,37.24099],[131.86709,37.24099]]],[[[131.86731,37.24101],[131.86729,37.24101],[131.86728,37.24101],[131.86731,37.24101]]],[[[131.86691,37.24109],[131.86691,37.24109],[131.86689,37.24112],[131.86691,37.24109]]],[[[131.86673,37.24125],[131.8667,37.24124],[131.8667,37.24124],[131.86673,37.24125]]],[[[131.86747,37.24123],[131.86746,37.24123],[131.86745,37.24122],[131.86747,37.24123]]],[[[131.86733,37.24134],[131.86733,37.24134],[131.86732,37.24135],[131.86733,37.24134]]],[[[131.86747,37.24138],[131.86746,37.24138],[131.86743,37.24138],[131.86747,37.24138]]],[[[131.87082,37.2411],[131.87081,37.24109],[131.8708,37.24109],[131.87082,37.2411]]],[[[131.86884,37.24139],[131.86884,37.24139],[131.86886,37.24137],[131.86884,37.24139]]],[[[131.86201,37.24171],[131.86202,37.24171],[131.86205,37.24171],[131.86201,37.24171]]],[[[131.86328,37.24169],[131.86327,37.24168],[131.86326,37.24169],[131.86328,37.24169]]],[[[131.8683,37.24152],[131.86829,37.24151],[131.86828,37.2415],[131.8683,37.24152]]],[[[131.86192,37.24136],[131.86192,37.24135],[131.86193,37.2413],[131.86192,37.24136]]],[[[131.86318,37.24172],[131.86316,37.24172],[131.86314,37.24172],[131.86318,37.24172]]],[[[131.86757,37.24193],[131.86756,37.24192],[131.86754,37.24192],[131.86757,37.24193]]],[[[131.87017,37.2409],[131.87017,37.24088],[131.87017,37.24087],[131.87017,37.2409]]],[[[131.86219,37.24222],[131.86225,37.24218],[131.86227,37.24217],[131.86219,37.24222]]],[[[131.87076,37.24186],[131.87075,37.24186],[131.87073,37.24186],[131.87076,37.24186]]],[[[131.86639,37.24219],[131.86637,37.24218],[131.86635,37.24217],[131.86639,37.24219]]],[[[131.86804,37.24214],[131.86804,37.24214],[131.86805,37.24215],[131.86804,37.24214]]],[[[131.86621,37.24222],[131.8662,37.24222],[131.8662,37.24222],[131.86621,37.24222]]],[[[131.86632,37.24232],[131.86632,37.24232],[131.86631,37.24232],[131.86632,37.24232]]],[[[131.86167,37.24245],[131.86167,37.24244],[131.86166,37.24245],[131.86167,37.24245]]],[[[131.8665,37.24244],[131.8665,37.24244],[131.86648,37.24244],[131.8665,37.24244]]],[[[131.86196,37.24282],[131.86197,37.2428],[131.86197,37.24278],[131.86196,37.24282]]],[[[131.86439,37.24267],[131.86439,37.24267],[131.86434,37.24268],[131.86439,37.24267]]],[[[131.8675,37.24265],[131.86751,37.24265],[131.86753,37.24265],[131.8675,37.24265]]],[[[131.86484,37.24281],[131.86485,37.24281],[131.86486,37.24279],[131.86484,37.24281]]],[[[131.86356,37.24273],[131.86355,37.24272],[131.86353,37.24273],[131.86356,37.24273]]],[[[131.86502,37.24288],[131.86501,37.24288],[131.865,37.24288],[131.86502,37.24288]]],[[[131.8649,37.24298],[131.86491,37.24297],[131.86491,37.24297],[131.8649,37.24298]]],[[[131.86616,37.24292],[131.86615,37.24291],[131.86614,37.24292],[131.86616,37.24292]]],[[[131.86478,37.24298],[131.86477,37.24297],[131.86474,37.24297],[131.86478,37.24298]]],[[[131.8649,37.24305],[131.86488,37.24304],[131.86486,37.24305],[131.8649,37.24305]]],[[[131.86499,37.24309],[131.86498,37.24308],[131.86497,37.24308],[131.86499,37.24309]]],[[[131.86252,37.24328],[131.8625,37.24327],[131.86249,37.24327],[131.86252,37.24328]]],[[[131.86142,37.24353],[131.86143,37.24353],[131.86145,37.24353],[131.86142,37.24353]]],[[[131.86311,37.24358],[131.86312,37.24358],[131.86313,37.24358],[131.86311,37.24358]]],[[[131.86675,37.24359],[131.86679,37.24358],[131.8668,37.24359],[131.86675,37.24359]]],[[[131.86626,37.2436],[131.86626,37.2436],[131.86628,37.2436],[131.86626,37.2436]]],[[[131.86525,37.24408],[131.86526,37.24407],[131.86527,37.24406],[131.86525,37.24408]]],[[[131.86538,37.24423],[131.86539,37.24422],[131.8654,37.24422],[131.86538,37.24423]]],[[[131.86532,37.24443],[131.86534,37.24442],[131.86535,37.2444],[131.86532,37.24443]]],[[[131.8654,37.24445],[131.86539,37.24445],[131.86538,37.24445],[131.8654,37.24445]]],[[[131.86451,37.24457],[131.8645,37.24457],[131.86447,37.24458],[131.86451,37.24457]]],[[[131.86408,37.2451],[131.86406,37.24509],[131.86405,37.24509],[131.86408,37.2451]]],[[[131.86334,37.24549],[131.86336,37.24547],[131.86337,37.24546],[131.86334,37.24549]]],[[[131.86395,37.24559],[131.86395,37.24559],[131.86393,37.24558],[131.86395,37.24559]]],[[[131.86417,37.24568],[131.86418,37.24568],[131.8642,37.24568],[131.86417,37.24568]]],[[[131.86429,37.24562],[131.86428,37.24562],[131.86427,37.24562],[131.86429,37.24562]]],[[[131.86375,37.24569],[131.86374,37.24568],[131.86373,37.24567],[131.86375,37.24569]]],[[[131.86426,37.24577],[131.86428,37.24574],[131.86428,37.24573],[131.86426,37.24577]]],[[[131.86406,37.24601],[131.86407,37.24599],[131.86408,37.24599],[131.86406,37.24601]]],[[[131.86384,37.24597],[131.86383,37.24597],[131.86381,37.24597],[131.86384,37.24597]]],[[[131.86438,37.24624],[131.86439,37.24624],[131.8644,37.24624],[131.86438,37.24624]]],[[[131.8639,37.24619],[131.8639,37.24618],[131.86392,37.24618],[131.8639,37.24619]]],[[[131.86446,37.24657],[131.86445,37.24657],[131.86445,37.24657],[131.86446,37.24657]]],[[[131.86455,37.247],[131.86454,37.247],[131.86455,37.24699],[131.86455,37.247]]],[[[131.86361,37.24762],[131.86362,37.24761],[131.86363,37.24761],[131.86361,37.24762]]],[[[130.82214,37.46822],[130.82211,37.4681],[130.82191,37.46811],[130.82214,37.46822]]],[[[130.80452,37.49829],[130.80446,37.49825],[130.80433,37.49834],[130.80452,37.49829]]],[[[130.80226,37.50566],[130.80202,37.5056],[130.80191,37.50602],[130.80226,37.50566]]],[[[130.93668,37.5116],[130.93691,37.51156],[130.93697,37.51156],[130.93668,37.5116]]],[[[130.93824,37.52603],[130.93606,37.53605],[130.93868,37.52622],[130.93824,37.52603]]],[[[130.84718,37.53987],[130.8471,37.53985],[130.84699,37.53986],[130.84718,37.53987]]],[[[130.91535,37.54456],[130.91518,37.54448],[130.91507,37.54461],[130.91535,37.54456]]],[[[130.92206,37.54177],[130.92156,37.54161],[130.92127,37.54163],[130.92206,37.54177]]],[[[130.89261,37.54703],[130.89254,37.54692],[130.89244,37.54715],[130.89261,37.54703]]],[[[130.90612,37.54949],[130.92012,37.54065],[130.90636,37.5277],[130.91757,37.51395],[130.91024,37.49335],[130.92049,37.48596],[130.88388,37.47027],[130.87532,37.4536],[130.81163,37.47349],[130.80327,37.48293],[130.80469,37.5029],[130.79343,37.52243],[130.80199,37.51853],[130.90589,37.54961],[130.90612,37.54949]]],[[[130.9087,37.54932],[130.90844,37.54923],[130.90837,37.54935],[130.9087,37.54932]]],[[[130.9079,37.54919],[130.90777,37.54912],[130.90763,37.54934],[130.9079,37.54919]]]]}},{"type":"Feature","properties":{"region":"울산","name":"울산"},"geometry":{"type":"MultiPolygon","coordinates":[[[[129.34886,35.3741],[129.34886,35.37404],[129.34876,35.37404],[129.34886,35.3741]]],[[[129.34561,35.37403],[129.34554,35.37395],[129.34531,35.3741],[129.34561,35.37403]]],[[[129.35207,35.38546],[129.35181,35.38541],[129.35135,35.38547],[129.35207,35.38546]]],[[[129.37992,35.42624],[129.38208,35.41979],[129.38018,35.42539],[129.37992,35.42624]]],[[[129.37822,35.44005],[129.3811,35.44511],[129.3771,35.42669],[129.37811,35.43985],[129.37822,35.44005]]],[[[129.36508,35.44521],[129.36543,35.44587],[129.36711,35.44689],[129.36508,35.44521]]],[[[129.369,35.44176],[129.36933,35.44872],[129.37006,35.44374],[129.369,35.44176]]],[[[129.35268,35.4496],[129.3529,35.449],[129.3526,35.44877],[129.35268,35.4496]]],[[[129.37105,35.45258],[129.3773,35.45147],[129.37114,35.45252],[129.37105,35.45258]]],[[[129.3464,35.46496],[129.3464,35.46503],[129.34649,35.46503],[129.3464,35.46496]]],[[[129.34932,35.46703],[129.34921,35.46697],[129.34916,35.467],[129.34932,35.46703]]],[[[129.37912,35.4506],[129.39117,35.4675],[129.38063,35.4554],[129.37912,35.4506]]],[[[129.4451,35.49126],[129.44512,35.49126],[129.44518,35.49129],[129.4451,35.49126]]],[[[129.45823,35.55372],[129.45818,35.55371],[129.45816,35.55375],[129.45823,35.55372]]],[[[129.45799,35.55768],[129.45794,35.55766],[129.4579,35.55771],[129.45799,35.55768]]],[[[129.45649,35.61618],[129.45638,35.61618],[129.45638,35.61637],[129.45649,35.61618]]],[[[129.3464,35.46496],[129.34982,35.44819],[129.35979,35.44791],[129.35524,35.43826],[129.36887,35.44151],[129.37415,35.43121],[129.35301,35.42804],[129.36394,35.42468],[129.36261,35.40192],[129.3459,35.39016],[129.34205,35.37779],[129.36166,35.3594],[129.33455,35.35588],[129.31212,35.33001],[129.30414,35.33016],[129.30181,35.33673],[129.27966,35.34137],[129.28312,35.36515],[129.26552,35.38714],[129.21854,35.37895],[129.20117,35.38778],[129.21907,35.40768],[129.20016,35.42415],[129.19801,35.43734],[129.16565,35.43212],[129.12177,35.46344],[129.10527,35.49647],[129.05264,35.51445],[129.05582,35.53227],[129.01296,35.52314],[128.99539,35.52782],[128.99699,35.54497],[128.98935,35.5516],[128.98092,35.54637],[128.97119,35.5603],[129.0192,35.58426],[129.02302,35.61344],[129.00274,35.62026],[129.02067,35.63497],[129.03697,35.63246],[129.0469,35.65052],[129.08085,35.64325],[129.06715,35.67135],[129.08029,35.69628],[129.13678,35.71286],[129.14205,35.72435],[129.17239,35.71386],[129.18129,35.72379],[129.19809,35.71445],[129.20863,35.72117],[129.23401,35.70387],[129.25912,35.69813],[129.2555,35.66046],[129.26978,35.65108],[129.29642,35.64344],[129.30449,35.65717],[129.32907,35.65818],[129.33409,35.66976],[129.35583,35.67944],[129.44963,35.65102],[129.44126,35.64456],[129.44078,35.63023],[129.44997,35.61411],[129.45822,35.61325],[129.46366,35.58591],[129.45181,35.58009],[129.45789,35.56403],[129.45413,35.52602],[129.43858,35.52858],[129.43865,35.51993],[129.45043,35.52466],[129.44511,35.51099],[129.43291,35.51092],[129.44361,35.50227],[129.4312,35.49361],[129.4445,35.49157],[129.43178,35.47802],[129.42652,35.48566],[129.42869,35.47995],[129.41836,35.48244],[129.40629,35.4722],[129.40849,35.49325],[129.39576,35.50124],[129.39667,35.51511],[129.37934,35.53709],[129.36447,35.54298],[129.37806,35.52804],[129.35764,35.52861],[129.38482,35.51595],[129.38858,35.50469],[129.37092,35.50096],[129.35475,35.50752],[129.36711,35.49763],[129.37932,35.49986],[129.38803,35.47784],[129.36868,35.45424],[129.33606,35.47486],[129.34639,35.46496],[129.3464,35.46496]]]]}}]}